date,channel,device,sessions,users,pageviews,bounce_rate,avg_session_duration_sec,conversions
2024-01-01,Organic Search,Desktop,982,870,2496,0.389,130.7,22
2024-01-01,Organic Search,Mobile,963,802,3773,0.69,56.2,5
2024-01-01,Organic Search,Tablet,96,74,286,0.375,148.8,1
2024-01-01,Paid Search,Desktop,259,207,853,0.37,140.1,7
2024-01-01,Paid Search,Mobile,324,251,692,0.504,132.6,5
2024-01-01,Paid Search,Tablet,45,41,198,0.401,86.0,1
2024-01-01,Social,Desktop,340,315,706,0.657,225.4,7
2024-01-01,Social,Mobile,450,344,1023,0.378,60.7,11
2024-01-01,Social,Tablet,45,37,111,0.335,144.8,0
2024-01-01,Direct,Desktop,236,179,868,0.352,147.0,1
2024-01-01,Direct,Mobile,309,240,1023,0.373,53.6,6
2024-01-01,Direct,Tablet,52,43,108,0.657,93.9,1
2024-01-01,Email,Desktop,97,85,435,0.548,238.8,0
2024-01-01,Email,Mobile,140,107,442,0.696,120.5,1
2024-01-01,Email,Tablet,21,17,84,0.408,61.5,0
2024-01-01,Referral,Desktop,113,96,501,0.373,74.7,2
2024-01-01,Referral,Mobile,95,81,348,0.395,131.0,0
2024-01-01,Referral,Tablet,17,13,47,0.445,238.0,0
2024-01-02,Organic Search,Desktop,666,611,1224,0.695,134.0,18
2024-01-02,Organic Search,Mobile,1148,909,3163,0.324,112.1,8
2024-01-02,Organic Search,Tablet,155,135,537,0.486,154.3,1
2024-01-02,Paid Search,Desktop,248,204,815,0.669,137.4,3
2024-01-02,Paid Search,Mobile,236,178,1050,0.325,125.2,4
2024-01-02,Paid Search,Tablet,56,46,249,0.697,136.0,1
2024-01-02,Social,Desktop,334,288,992,0.62,120.8,7
2024-01-02,Social,Mobile,452,353,1911,0.557,151.0,5
2024-01-02,Social,Tablet,65,54,118,0.41,209.4,1
2024-01-02,Direct,Desktop,276,247,1202,0.518,158.5,2
2024-01-02,Direct,Mobile,356,336,1507,0.362,53.4,3
2024-01-02,Direct,Tablet,39,33,168,0.616,118.6,0
2024-01-02,Email,Desktop,76,62,254,0.489,221.3,1
2024-01-02,Email,Mobile,108,101,464,0.487,172.4,0
2024-01-02,Email,Tablet,19,16,69,0.525,129.8,0
2024-01-02,Referral,Desktop,65,58,242,0.532,178.3,0
2024-01-02,Referral,Mobile,107,89,240,0.494,137.9,1
2024-01-02,Referral,Tablet,17,15,74,0.547,163.0,0
2024-01-03,Organic Search,Desktop,677,577,1739,0.579,194.6,9
2024-01-03,Organic Search,Mobile,1030,935,3763,0.32,206.9,20
2024-01-03,Organic Search,Tablet,172,131,356,0.447,139.0,4
2024-01-03,Paid Search,Desktop,208,197,428,0.435,69.3,2
2024-01-03,Paid Search,Mobile,332,302,1114,0.659,227.2,8
2024-01-03,Paid Search,Tablet,47,36,198,0.653,146.2,0
2024-01-03,Social,Desktop,406,343,1718,0.503,227.7,3
2024-01-03,Social,Mobile,253,231,812,0.36,238.6,2
2024-01-03,Social,Tablet,86,77,326,0.571,70.5,1
2024-01-03,Direct,Desktop,249,194,562,0.474,84.8,2
2024-01-03,Direct,Mobile,290,217,560,0.595,164.1,7
2024-01-03,Direct,Tablet,46,41,163,0.336,191.1,1
2024-01-03,Email,Desktop,103,84,206,0.628,45.3,1
2024-01-03,Email,Mobile,140,116,564,0.414,83.2,1
2024-01-03,Email,Tablet,22,17,82,0.43,230.0,0
2024-01-03,Referral,Desktop,55,42,242,0.353,106.6,0
2024-01-03,Referral,Mobile,94,72,318,0.583,60.2,2
2024-01-03,Referral,Tablet,10,9,18,0.682,216.9,0
2024-01-04,Organic Search,Desktop,576,536,2055,0.34,70.2,7
2024-01-04,Organic Search,Mobile,918,821,2990,0.536,220.9,13
2024-01-04,Organic Search,Tablet,115,94,471,0.534,126.9,2
2024-01-04,Paid Search,Desktop,265,237,511,0.386,50.8,2
2024-01-04,Paid Search,Mobile,200,184,398,0.669,178.8,4
2024-01-04,Paid Search,Tablet,41,38,107,0.478,136.7,0
2024-01-04,Social,Desktop,368,346,1407,0.445,68.0,6
2024-01-04,Social,Mobile,397,334,755,0.411,131.5,3
2024-01-04,Social,Tablet,88,77,374,0.518,99.4,0
2024-01-04,Direct,Desktop,245,214,1058,0.68,143.6,4
2024-01-04,Direct,Mobile,315,240,639,0.502,159.5,6
2024-01-04,Direct,Tablet,41,33,133,0.352,207.1,0
2024-01-04,Email,Desktop,108,92,215,0.669,59.2,0
2024-01-04,Email,Mobile,125,113,343,0.577,100.6,3
2024-01-04,Email,Tablet,18,14,43,0.625,80.8,0
2024-01-04,Referral,Desktop,83,71,308,0.419,163.4,0
2024-01-04,Referral,Mobile,98,76,216,0.657,184.4,1
2024-01-04,Referral,Tablet,15,12,61,0.414,78.6,0
2024-01-05,Organic Search,Desktop,631,523,1632,0.655,59.4,4
2024-01-05,Organic Search,Mobile,858,811,2299,0.409,88.4,23
2024-01-05,Organic Search,Tablet,146,125,618,0.389,194.2,1
2024-01-05,Paid Search,Desktop,297,241,788,0.512,170.9,3
2024-01-05,Paid Search,Mobile,293,272,632,0.529,112.2,8
2024-01-05,Paid Search,Tablet,50,43,193,0.661,76.7,0
2024-01-05,Social,Desktop,337,288,746,0.375,152.9,2
2024-01-05,Social,Mobile,379,292,1200,0.535,221.3,11
2024-01-05,Social,Tablet,71,62,295,0.631,134.3,1
2024-01-05,Direct,Desktop,218,176,399,0.382,230.7,4
2024-01-05,Direct,Mobile,240,183,506,0.397,146.6,5
2024-01-05,Direct,Tablet,46,40,134,0.358,177.6,0
2024-01-05,Email,Desktop,89,69,270,0.68,45.6,0
2024-01-05,Email,Mobile,136,111,511,0.561,228.0,1
2024-01-05,Email,Tablet,22,17,49,0.549,169.8,0
2024-01-05,Referral,Desktop,76,61,174,0.678,87.7,0
2024-01-05,Referral,Mobile,82,61,165,0.683,179.9,2
2024-01-05,Referral,Tablet,14,11,42,0.576,208.8,0
2024-01-06,Organic Search,Desktop,654,535,2152,0.645,133.1,13
2024-01-06,Organic Search,Mobile,1008,856,2919,0.388,45.4,25
2024-01-06,Organic Search,Tablet,144,115,514,0.564,160.7,2
2024-01-06,Paid Search,Desktop,326,303,902,0.304,95.5,9
2024-01-06,Paid Search,Mobile,331,278,1076,0.612,146.9,9
2024-01-06,Paid Search,Tablet,53,47,237,0.625,217.6,0
2024-01-06,Social,Desktop,430,377,1454,0.354,49.3,5
2024-01-06,Social,Mobile,579,542,1870,0.598,82.6,4
2024-01-06,Social,Tablet,64,60,286,0.345,88.3,1
2024-01-06,Direct,Desktop,285,251,1190,0.409,74.5,6
2024-01-06,Direct,Mobile,316,265,1290,0.629,212.7,6
2024-01-06,Direct,Tablet,52,49,151,0.655,61.9,0
2024-01-06,Email,Desktop,132,112,439,0.598,95.5,1
2024-01-06,Email,Mobile,124,94,487,0.383,179.2,3
2024-01-06,Email,Tablet,20,16,84,0.646,97.9,0
2024-01-06,Referral,Desktop,93,72,268,0.691,137.8,2
2024-01-06,Referral,Mobile,106,99,229,0.499,155.4,0
2024-01-06,Referral,Tablet,15,11,49,0.392,71.4,0
2024-01-07,Organic Search,Desktop,708,603,3041,0.469,77.0,4
2024-01-07,Organic Search,Mobile,840,793,2624,0.416,139.0,24
2024-01-07,Organic Search,Tablet,158,124,645,0.32,86.8,3
2024-01-07,Paid Search,Desktop,310,292,914,0.556,77.6,4
2024-01-07,Paid Search,Mobile,349,297,887,0.377,92.4,9
2024-01-07,Paid Search,Tablet,64,51,154,0.396,228.9,0
2024-01-07,Social,Desktop,362,306,675,0.692,101.5,8
2024-01-07,Social,Mobile,451,410,1909,0.305,234.8,12
2024-01-07,Social,Tablet,49,40,165,0.68,55.0,1
2024-01-07,Direct,Desktop,193,174,376,0.496,180.5,1
2024-01-07,Direct,Mobile,260,200,657,0.6,233.9,5
2024-01-07,Direct,Tablet,43,37,184,0.451,154.8,0
2024-01-07,Email,Desktop,125,100,443,0.375,221.1,2
2024-01-07,Email,Mobile,176,138,355,0.597,103.6,2
2024-01-07,Email,Tablet,18,15,67,0.633,86.7,0
2024-01-07,Referral,Desktop,89,77,229,0.306,93.4,1
2024-01-07,Referral,Mobile,104,97,448,0.417,236.5,1
2024-01-07,Referral,Tablet,15,12,66,0.454,123.5,0
2024-01-08,Organic Search,Desktop,820,676,2005,0.678,192.5,5
2024-01-08,Organic Search,Mobile,990,753,3409,0.384,76.2,5
2024-01-08,Organic Search,Tablet,104,87,337,0.46,164.2,2
2024-01-08,Paid Search,Desktop,342,320,1057,0.329,199.1,6
2024-01-08,Paid Search,Mobile,418,345,1281,0.347,95.0,9
2024-01-08,Paid Search,Tablet,59,55,106,0.433,211.5,1
2024-01-08,Social,Desktop,293,270,1203,0.658,124.7,2
2024-01-08,Social,Mobile,531,468,2350,0.662,238.3,6
2024-01-08,Social,Tablet,71,59,169,0.499,62.4,1
2024-01-08,Direct,Desktop,215,168,965,0.617,236.4,1
2024-01-08,Direct,Mobile,297,228,1149,0.356,207.6,2
2024-01-08,Direct,Tablet,51,42,184,0.373,183.1,0
2024-01-08,Email,Desktop,98,80,213,0.552,202.3,0
2024-01-08,Email,Mobile,93,71,280,0.43,226.1,1
2024-01-08,Email,Tablet,19,15,38,0.577,176.5,0
2024-01-08,Referral,Desktop,71,63,215,0.461,165.9,1
2024-01-08,Referral,Mobile,91,82,209,0.596,217.0,2
2024-01-08,Referral,Tablet,12,9,50,0.476,96.0,0
2024-01-09,Organic Search,Desktop,1003,897,2407,0.385,78.0,8
2024-01-09,Organic Search,Mobile,889,680,3203,0.637,128.6,22
2024-01-09,Organic Search,Tablet,138,124,282,0.647,79.1,3
2024-01-09,Paid Search,Desktop,220,172,769,0.567,144.7,5
2024-01-09,Paid Search,Mobile,412,335,1711,0.684,106.1,6
2024-01-09,Paid Search,Tablet,55,49,117,0.383,119.1,0
2024-01-09,Social,Desktop,331,265,658,0.578,235.7,5
2024-01-09,Social,Mobile,431,379,889,0.698,66.9,3
2024-01-09,Social,Tablet,83,76,163,0.535,75.8,0
2024-01-09,Direct,Desktop,234,176,1017,0.631,233.4,4
2024-01-09,Direct,Mobile,285,228,932,0.522,189.4,4
2024-01-09,Direct,Tablet,43,36,158,0.327,159.9,0
2024-01-09,Email,Desktop,89,72,272,0.372,233.3,1
2024-01-09,Email,Mobile,115,91,304,0.655,174.5,2
2024-01-09,Email,Tablet,16,15,57,0.502,156.3,0
2024-01-09,Referral,Desktop,100,91,447,0.464,105.8,1
2024-01-09,Referral,Mobile,97,73,403,0.556,159.0,2
2024-01-09,Referral,Tablet,16,14,33,0.635,175.3,0
2024-01-10,Organic Search,Desktop,739,660,2997,0.503,99.9,21
2024-01-10,Organic Search,Mobile,958,764,2988,0.573,141.6,23
2024-01-10,Organic Search,Tablet,139,124,617,0.527,174.8,1
2024-01-10,Paid Search,Desktop,223,185,645,0.355,143.5,4
2024-01-10,Paid Search,Mobile,302,278,875,0.363,226.1,7
2024-01-10,Paid Search,Tablet,48,44,180,0.379,50.0,1
2024-01-10,Social,Desktop,325,299,769,0.519,103.5,9
2024-01-10,Social,Mobile,361,315,846,0.624,227.5,7
2024-01-10,Social,Tablet,78,73,221,0.68,103.4,0
2024-01-10,Direct,Desktop,225,177,997,0.343,45.3,4
2024-01-10,Direct,Mobile,301,257,981,0.384,164.2,1
2024-01-10,Direct,Tablet,43,37,91,0.607,226.5,0
2024-01-10,Email,Desktop,90,68,297,0.695,173.9,1
2024-01-10,Email,Mobile,122,114,247,0.485,158.4,2
2024-01-10,Email,Tablet,21,19,90,0.579,144.6,0
2024-01-10,Referral,Desktop,80,71,300,0.435,212.5,1
2024-01-10,Referral,Mobile,119,104,292,0.663,59.3,1
2024-01-10,Referral,Tablet,16,14,71,0.612,173.8,0
2024-01-11,Organic Search,Desktop,683,564,2668,0.618,103.9,11
2024-01-11,Organic Search,Mobile,1123,989,2973,0.329,58.5,10
2024-01-11,Organic Search,Tablet,142,116,492,0.32,236.0,0
2024-01-11,Paid Search,Desktop,187,156,745,0.542,223.9,5
2024-01-11,Paid Search,Mobile,340,280,878,0.405,84.2,6
2024-01-11,Paid Search,Tablet,56,48,176,0.639,190.2,1
2024-01-11,Social,Desktop,370,286,1541,0.606,228.8,3
2024-01-11,Social,Mobile,359,313,1445,0.58,227.0,2
2024-01-11,Social,Tablet,53,41,140,0.576,219.3,0
2024-01-11,Direct,Desktop,214,202,794,0.661,159.5,5
2024-01-11,Direct,Mobile,264,205,823,0.402,52.7,7
2024-01-11,Direct,Tablet,36,33,85,0.315,58.0,0
2024-01-11,Email,Desktop,104,84,273,0.656,53.4,1
2024-01-11,Email,Mobile,157,121,500,0.324,214.0,4
2024-01-11,Email,Tablet,19,17,69,0.451,85.0,0
2024-01-11,Referral,Desktop,62,50,150,0.663,134.8,0
2024-01-11,Referral,Mobile,112,84,366,0.315,142.4,1
2024-01-11,Referral,Tablet,16,13,69,0.522,138.2,0
2024-01-12,Organic Search,Desktop,400,358,1614,0.438,149.5,4
2024-01-12,Organic Search,Mobile,833,697,3388,0.381,190.1,5
2024-01-12,Organic Search,Tablet,125,113,328,0.347,145.9,2
2024-01-12,Paid Search,Desktop,273,210,1091,0.306,108.8,1
2024-01-12,Paid Search,Mobile,357,275,1519,0.531,233.2,9
2024-01-12,Paid Search,Tablet,49,42,183,0.444,73.2,0
2024-01-12,Social,Desktop,262,245,551,0.57,120.3,2
2024-01-12,Social,Mobile,462,433,1698,0.533,234.6,13
2024-01-12,Social,Tablet,81,68,181,0.341,219.0,0
2024-01-12,Direct,Desktop,220,166,975,0.336,183.7,3
2024-01-12,Direct,Mobile,249,197,691,0.649,208.0,7
2024-01-12,Direct,Tablet,61,54,136,0.591,220.8,1
2024-01-12,Email,Desktop,108,90,313,0.321,82.9,2
2024-01-12,Email,Mobile,142,133,482,0.428,169.0,4
2024-01-12,Email,Tablet,24,22,67,0.342,220.2,0
2024-01-12,Referral,Desktop,58,52,107,0.457,140.9,1
2024-01-12,Referral,Mobile,86,77,174,0.697,237.5,0
2024-01-12,Referral,Tablet,14,12,36,0.537,239.7,0
2024-01-13,Organic Search,Desktop,842,652,3411,0.522,225.6,10
2024-01-13,Organic Search,Mobile,1161,1055,3377,0.476,131.1,6
2024-01-13,Organic Search,Tablet,117,107,358,0.695,145.8,1
2024-01-13,Paid Search,Desktop,419,377,1180,0.387,160.8,10
2024-01-13,Paid Search,Mobile,490,411,1770,0.453,186.0,8
2024-01-13,Paid Search,Tablet,54,48,170,0.588,96.7,0
2024-01-13,Social,Desktop,434,373,857,0.664,118.3,5
2024-01-13,Social,Mobile,413,385,991,0.645,207.7,2
2024-01-13,Social,Tablet,68,60,264,0.538,99.6,0
2024-01-13,Direct,Desktop,256,204,1046,0.597,218.1,1
2024-01-13,Direct,Mobile,461,426,1095,0.661,224.0,6
2024-01-13,Direct,Tablet,55,43,101,0.363,99.4,1
2024-01-13,Email,Desktop,107,87,319,0.503,116.2,2
2024-01-13,Email,Mobile,140,109,408,0.426,130.7,2
2024-01-13,Email,Tablet,24,19,106,0.683,65.2,0
2024-01-13,Referral,Desktop,81,73,213,0.374,105.5,1
2024-01-13,Referral,Mobile,89,71,374,0.557,96.7,1
2024-01-13,Referral,Tablet,19,16,48,0.302,64.8,0
2024-01-14,Organic Search,Desktop,671,590,2985,0.344,120.8,11
2024-01-14,Organic Search,Mobile,979,921,2479,0.67,178.5,13
2024-01-14,Organic Search,Tablet,194,174,649,0.473,45.3,1
2024-01-14,Paid Search,Desktop,302,264,1067,0.423,229.1,3
2024-01-14,Paid Search,Mobile,288,270,656,0.378,167.8,7
2024-01-14,Paid Search,Tablet,57,46,191,0.323,71.9,1
2024-01-14,Social,Desktop,399,311,1272,0.335,172.2,10
2024-01-14,Social,Mobile,480,445,1190,0.587,224.5,6
2024-01-14,Social,Tablet,70,65,252,0.414,228.0,1
2024-01-14,Direct,Desktop,280,214,1179,0.311,140.5,5
2024-01-14,Direct,Mobile,353,291,1205,0.554,51.4,3
2024-01-14,Direct,Tablet,66,59,168,0.351,66.0,1
2024-01-14,Email,Desktop,117,104,490,0.412,178.9,1
2024-01-14,Email,Mobile,121,95,278,0.38,225.1,3
2024-01-14,Email,Tablet,17,15,61,0.518,233.3,0
2024-01-14,Referral,Desktop,73,59,233,0.461,236.3,2
2024-01-14,Referral,Mobile,106,93,399,0.415,160.4,2
2024-01-14,Referral,Tablet,13,10,50,0.328,212.1,0
2024-01-15,Organic Search,Desktop,597,477,2583,0.522,59.5,4
2024-01-15,Organic Search,Mobile,989,882,3645,0.456,68.8,12
2024-01-15,Organic Search,Tablet,141,117,403,0.616,62.3,2
2024-01-15,Paid Search,Desktop,226,180,533,0.635,238.4,3
2024-01-15,Paid Search,Mobile,381,303,1335,0.386,99.9,3
2024-01-15,Paid Search,Tablet,50,45,105,0.453,89.9,1
2024-01-15,Social,Desktop,301,246,925,0.658,103.0,2
2024-01-15,Social,Mobile,474,397,1664,0.568,198.9,3
2024-01-15,Social,Tablet,60,45,222,0.635,56.5,1
2024-01-15,Direct,Desktop,249,190,538,0.535,86.3,2
2024-01-15,Direct,Mobile,297,264,546,0.695,107.8,8
2024-01-15,Direct,Tablet,50,40,208,0.486,223.4,1
2024-01-15,Email,Desktop,113,105,420,0.661,152.0,0
2024-01-15,Email,Mobile,115,92,515,0.585,152.4,1
2024-01-15,Email,Tablet,17,13,46,0.393,154.3,0
2024-01-15,Referral,Desktop,70,59,309,0.449,183.3,1
2024-01-15,Referral,Mobile,109,86,464,0.396,119.4,2
2024-01-15,Referral,Tablet,14,12,60,0.547,107.7,0
2024-01-16,Organic Search,Desktop,787,671,2545,0.39,118.3,14
2024-01-16,Organic Search,Mobile,905,819,1744,0.384,214.7,17
2024-01-16,Organic Search,Tablet,101,90,293,0.507,132.8,1
2024-01-16,Paid Search,Desktop,258,209,696,0.363,201.2,5
2024-01-16,Paid Search,Mobile,322,260,745,0.467,151.3,1
2024-01-16,Paid Search,Tablet,39,34,144,0.554,96.8,0
2024-01-16,Social,Desktop,277,246,871,0.442,168.7,1
2024-01-16,Social,Mobile,583,523,2369,0.51,73.9,8
2024-01-16,Social,Tablet,57,44,114,0.344,71.5,1
2024-01-16,Direct,Desktop,212,193,837,0.474,182.7,2
2024-01-16,Direct,Mobile,228,195,783,0.601,194.2,4
2024-01-16,Direct,Tablet,61,55,225,0.301,226.9,0
2024-01-16,Email,Desktop,98,86,404,0.48,105.3,1
2024-01-16,Email,Mobile,109,102,295,0.441,238.5,1
2024-01-16,Email,Tablet,19,15,55,0.625,105.4,0
2024-01-16,Referral,Desktop,81,68,237,0.597,142.9,1
2024-01-16,Referral,Mobile,82,70,215,0.679,220.4,2
2024-01-16,Referral,Tablet,14,11,53,0.588,110.6,0
2024-01-17,Organic Search,Desktop,582,525,2370,0.384,105.5,6
2024-01-17,Organic Search,Mobile,760,604,2002,0.383,101.7,16
2024-01-17,Organic Search,Tablet,152,124,571,0.444,182.6,1
2024-01-17,Paid Search,Desktop,271,211,680,0.43,112.8,6
2024-01-17,Paid Search,Mobile,281,224,1253,0.686,202.5,5
2024-01-17,Paid Search,Tablet,52,41,111,0.499,201.6,1
2024-01-17,Social,Desktop,363,333,742,0.561,62.2,6
2024-01-17,Social,Mobile,573,442,1817,0.524,234.2,7
2024-01-17,Social,Tablet,64,50,234,0.656,154.6,0
2024-01-17,Direct,Desktop,191,172,445,0.615,161.8,2
2024-01-17,Direct,Mobile,362,321,665,0.407,92.4,3
2024-01-17,Direct,Tablet,51,43,93,0.643,224.8,0
2024-01-17,Email,Desktop,103,89,310,0.671,226.8,1
2024-01-17,Email,Mobile,110,100,334,0.386,57.4,2
2024-01-17,Email,Tablet,21,16,65,0.593,165.4,0
2024-01-17,Referral,Desktop,70,64,185,0.551,53.5,1
2024-01-17,Referral,Mobile,106,80,216,0.594,90.6,2
2024-01-17,Referral,Tablet,14,11,46,0.491,79.5,0
2024-01-18,Organic Search,Desktop,649,555,1967,0.559,126.4,11
2024-01-18,Organic Search,Mobile,753,646,3220,0.685,49.1,10
2024-01-18,Organic Search,Tablet,105,79,455,0.561,132.7,2
2024-01-18,Paid Search,Desktop,223,179,599,0.7,136.8,6
2024-01-18,Paid Search,Mobile,355,322,1224,0.427,147.7,10
2024-01-18,Paid Search,Tablet,57,48,113,0.699,48.7,0
2024-01-18,Social,Desktop,301,228,1350,0.57,197.2,3
2024-01-18,Social,Mobile,518,464,1442,0.355,162.2,6
2024-01-18,Social,Tablet,86,79,217,0.66,236.5,0
2024-01-18,Direct,Desktop,240,185,514,0.408,169.6,1
2024-01-18,Direct,Mobile,363,306,757,0.665,212.1,10
2024-01-18,Direct,Tablet,45,41,142,0.519,113.6,1
2024-01-18,Email,Desktop,74,64,194,0.474,173.4,1
2024-01-18,Email,Mobile,106,95,416,0.612,214.5,1
2024-01-18,Email,Tablet,19,16,75,0.36,74.4,0
2024-01-18,Referral,Desktop,71,57,237,0.609,128.2,0
2024-01-18,Referral,Mobile,117,98,440,0.575,198.5,1
2024-01-18,Referral,Tablet,13,11,37,0.419,237.2,0
2024-01-19,Organic Search,Desktop,805,674,2680,0.581,97.2,15
2024-01-19,Organic Search,Mobile,958,900,3303,0.369,108.9,16
2024-01-19,Organic Search,Tablet,142,113,321,0.466,106.0,1
2024-01-19,Paid Search,Desktop,254,206,760,0.633,126.2,7
2024-01-19,Paid Search,Mobile,254,223,764,0.408,200.4,3
2024-01-19,Paid Search,Tablet,50,40,214,0.453,197.7,0
2024-01-19,Social,Desktop,370,345,1274,0.576,202.3,9
2024-01-19,Social,Mobile,321,260,1244,0.375,117.8,7
2024-01-19,Social,Tablet,64,48,168,0.432,117.2,0
2024-01-19,Direct,Desktop,212,173,660,0.317,236.3,2
2024-01-19,Direct,Mobile,284,256,954,0.694,171.8,2
2024-01-19,Direct,Tablet,47,36,93,0.395,179.4,0
2024-01-19,Email,Desktop,97,87,224,0.546,189.2,1
2024-01-19,Email,Mobile,110,84,212,0.479,62.5,2
2024-01-19,Email,Tablet,17,14,69,0.663,83.7,0
2024-01-19,Referral,Desktop,87,71,377,0.575,233.5,0
2024-01-19,Referral,Mobile,98,91,347,0.571,207.9,1
2024-01-19,Referral,Tablet,12,9,25,0.479,157.5,0
2024-01-20,Organic Search,Desktop,886,722,3080,0.307,78.9,8
2024-01-20,Organic Search,Mobile,934,864,1786,0.611,87.0,27
2024-01-20,Organic Search,Tablet,183,170,717,0.528,200.3,0
2024-01-20,Paid Search,Desktop,332,262,1158,0.303,191.4,5
2024-01-20,Paid Search,Mobile,387,334,862,0.382,200.2,10
2024-01-20,Paid Search,Tablet,65,59,192,0.308,130.4,1
2024-01-20,Social,Desktop,301,283,816,0.593,74.1,7
2024-01-20,Social,Mobile,382,302,1126,0.337,143.6,8
2024-01-20,Social,Tablet,85,75,247,0.375,206.2,2
2024-01-20,Direct,Desktop,258,195,677,0.592,223.3,4
2024-01-20,Direct,Mobile,348,283,1328,0.536,167.9,3
2024-01-20,Direct,Tablet,57,51,137,0.425,200.3,1
2024-01-20,Email,Desktop,84,78,297,0.439,90.1,1
2024-01-20,Email,Mobile,142,117,607,0.415,57.2,1
2024-01-20,Email,Tablet,24,21,46,0.666,59.5,0
2024-01-20,Referral,Desktop,73,69,230,0.489,168.9,0
2024-01-20,Referral,Mobile,127,116,418,0.521,133.5,3
2024-01-20,Referral,Tablet,16,14,59,0.473,187.5,0
2024-01-21,Organic Search,Desktop,767,714,2981,0.626,136.9,8
2024-01-21,Organic Search,Mobile,1089,1023,2711,0.536,118.9,7
2024-01-21,Organic Search,Tablet,200,163,410,0.568,70.6,3
2024-01-21,Paid Search,Desktop,321,262,1433,0.57,221.9,3
2024-01-21,Paid Search,Mobile,360,277,1079,0.509,48.1,8
2024-01-21,Paid Search,Tablet,52,46,105,0.307,234.9,1
2024-01-21,Social,Desktop,443,398,1813,0.401,49.9,2
2024-01-21,Social,Mobile,431,340,1227,0.622,198.5,8
2024-01-21,Social,Tablet,71,55,259,0.305,86.4,0
2024-01-21,Direct,Desktop,270,215,789,0.413,102.6,4
2024-01-21,Direct,Mobile,299,236,600,0.437,104.5,6
2024-01-21,Direct,Tablet,60,53,217,0.357,92.6,0
2024-01-21,Email,Desktop,94,71,319,0.449,106.0,0
2024-01-21,Email,Mobile,168,143,725,0.317,56.9,4
2024-01-21,Email,Tablet,22,17,42,0.609,79.2,0
2024-01-21,Referral,Desktop,67,63,243,0.614,168.1,1
2024-01-21,Referral,Mobile,101,82,367,0.364,212.0,3
2024-01-21,Referral,Tablet,17,12,39,0.681,163.8,0
2024-01-22,Organic Search,Desktop,774,662,2357,0.38,177.1,9
2024-01-22,Organic Search,Mobile,886,716,3096,0.645,197.3,24
2024-01-22,Organic Search,Tablet,171,147,713,0.679,81.9,2
2024-01-22,Paid Search,Desktop,325,251,1409,0.522,232.0,5
2024-01-22,Paid Search,Mobile,338,311,1095,0.363,112.9,6
2024-01-22,Paid Search,Tablet,50,42,109,0.485,179.2,0
2024-01-22,Social,Desktop,307,282,611,0.307,234.9,6
2024-01-22,Social,Mobile,480,423,2136,0.5,116.0,4
2024-01-22,Social,Tablet,65,48,173,0.477,140.3,0
2024-01-22,Direct,Desktop,231,174,767,0.631,192.8,5
2024-01-22,Direct,Mobile,311,280,1181,0.533,191.1,9
2024-01-22,Direct,Tablet,48,43,204,0.691,185.8,0
2024-01-22,Email,Desktop,98,91,188,0.39,79.3,1
2024-01-22,Email,Mobile,142,126,510,0.301,128.1,1
2024-01-22,Email,Tablet,21,19,58,0.609,219.2,0
2024-01-22,Referral,Desktop,81,75,224,0.442,148.3,1
2024-01-22,Referral,Mobile,90,74,282,0.483,134.7,2
2024-01-22,Referral,Tablet,14,10,43,0.401,91.2,0
2024-01-23,Organic Search,Desktop,615,543,2612,0.665,222.0,5
2024-01-23,Organic Search,Mobile,1002,849,2348,0.368,181.4,8
2024-01-23,Organic Search,Tablet,162,133,409,0.554,47.7,2
2024-01-23,Paid Search,Desktop,271,218,1044,0.338,55.9,6
2024-01-23,Paid Search,Mobile,365,338,927,0.365,80.5,3
2024-01-23,Paid Search,Tablet,48,39,129,0.647,48.7,1
2024-01-23,Social,Desktop,430,328,1901,0.549,101.8,7
2024-01-23,Social,Mobile,298,272,723,0.636,122.8,5
2024-01-23,Social,Tablet,49,42,212,0.348,128.4,1
2024-01-23,Direct,Desktop,243,205,791,0.661,178.3,3
2024-01-23,Direct,Mobile,297,270,802,0.38,49.9,1
2024-01-23,Direct,Tablet,41,35,120,0.434,196.4,1
2024-01-23,Email,Desktop,97,75,209,0.558,185.8,2
2024-01-23,Email,Mobile,125,106,541,0.448,203.3,1
2024-01-23,Email,Tablet,18,16,74,0.362,108.0,0
2024-01-23,Referral,Desktop,55,46,139,0.585,131.4,0
2024-01-23,Referral,Mobile,127,108,232,0.501,206.3,3
2024-01-23,Referral,Tablet,13,12,29,0.486,187.7,0
2024-01-24,Organic Search,Desktop,827,631,2201,0.44,146.0,21
2024-01-24,Organic Search,Mobile,909,748,3178,0.564,116.5,6
2024-01-24,Organic Search,Tablet,142,110,422,0.491,173.4,4
2024-01-24,Paid Search,Desktop,215,196,621,0.627,198.3,5
2024-01-24,Paid Search,Mobile,285,229,724,0.449,117.0,2
2024-01-24,Paid Search,Tablet,38,32,165,0.407,122.2,1
2024-01-24,Social,Desktop,439,383,1050,0.476,222.5,12
2024-01-24,Social,Mobile,516,424,1128,0.377,203.9,10
2024-01-24,Social,Tablet,62,48,179,0.371,102.5,0
2024-01-24,Direct,Desktop,260,241,670,0.565,78.2,4
2024-01-24,Direct,Mobile,247,197,621,0.593,116.8,5
2024-01-24,Direct,Tablet,42,37,149,0.64,53.0,0
2024-01-24,Email,Desktop,89,81,318,0.442,191.1,2
2024-01-24,Email,Mobile,124,94,331,0.385,93.7,1
2024-01-24,Email,Tablet,17,15,68,0.571,125.0,0
2024-01-24,Referral,Desktop,83,63,355,0.609,218.0,0
2024-01-24,Referral,Mobile,106,89,427,0.504,196.8,2
2024-01-24,Referral,Tablet,11,9,23,0.34,137.1,0
2024-01-25,Organic Search,Desktop,673,592,2269,0.455,177.2,18
2024-01-25,Organic Search,Mobile,596,455,1480,0.693,175.4,15
2024-01-25,Organic Search,Tablet,115,99,218,0.697,231.9,2
2024-01-25,Paid Search,Desktop,176,134,540,0.507,208.0,2
2024-01-25,Paid Search,Mobile,352,318,742,0.498,214.3,4
2024-01-25,Paid Search,Tablet,65,58,280,0.697,115.0,0
2024-01-25,Social,Desktop,350,302,1359,0.363,201.0,3
2024-01-25,Social,Mobile,455,402,1834,0.683,94.6,6
2024-01-25,Social,Tablet,47,41,184,0.595,224.3,0
2024-01-25,Direct,Desktop,227,198,515,0.47,173.5,5
2024-01-25,Direct,Mobile,175,155,337,0.385,182.9,5
2024-01-25,Direct,Tablet,28,23,119,0.443,53.0,0
2024-01-25,Email,Desktop,105,91,298,0.325,110.5,1
2024-01-25,Email,Mobile,137,119,381,0.302,85.5,1
2024-01-25,Email,Tablet,21,18,50,0.635,201.4,0
2024-01-25,Referral,Desktop,63,48,233,0.691,239.2,1
2024-01-25,Referral,Mobile,89,79,366,0.61,133.3,1
2024-01-25,Referral,Tablet,12,10,42,0.578,168.6,0
2024-01-26,Organic Search,Desktop,746,642,2295,0.674,170.8,9
2024-01-26,Organic Search,Mobile,889,742,1721,0.604,102.0,16
2024-01-26,Organic Search,Tablet,164,139,424,0.612,53.0,1
2024-01-26,Paid Search,Desktop,285,224,1210,0.414,167.1,2
2024-01-26,Paid Search,Mobile,391,338,1548,0.363,119.5,11
2024-01-26,Paid Search,Tablet,61,45,229,0.516,187.0,0
2024-01-26,Social,Desktop,358,338,892,0.69,207.9,4
2024-01-26,Social,Mobile,529,500,2119,0.387,76.1,14
2024-01-26,Social,Tablet,52,49,191,0.694,171.8,1
2024-01-26,Direct,Desktop,235,188,864,0.644,159.6,5
2024-01-26,Direct,Mobile,393,322,1429,0.535,214.7,9
2024-01-26,Direct,Tablet,42,31,105,0.624,180.1,0
2024-01-26,Email,Desktop,87,72,158,0.445,160.7,1
2024-01-26,Email,Mobile,138,123,603,0.436,143.4,4
2024-01-26,Email,Tablet,16,12,40,0.596,136.9,0
2024-01-26,Referral,Desktop,62,51,271,0.681,158.3,1
2024-01-26,Referral,Mobile,81,70,234,0.438,176.5,2
2024-01-26,Referral,Tablet,17,13,72,0.582,71.4,0
2024-01-27,Organic Search,Desktop,676,523,1647,0.655,162.4,4
2024-01-27,Organic Search,Mobile,789,701,2290,0.681,102.5,6
2024-01-27,Organic Search,Tablet,138,104,261,0.309,231.9,3
2024-01-27,Paid Search,Desktop,267,239,833,0.31,161.9,3
2024-01-27,Paid Search,Mobile,385,348,1676,0.625,195.1,2
2024-01-27,Paid Search,Tablet,37,27,92,0.487,183.2,1
2024-01-27,Social,Desktop,428,363,993,0.42,108.0,10
2024-01-27,Social,Mobile,467,439,1459,0.66,138.6,11
2024-01-27,Social,Tablet,73,55,306,0.544,159.1,1
2024-01-27,Direct,Desktop,263,242,732,0.613,148.2,5
2024-01-27,Direct,Mobile,316,254,1217,0.548,128.6,7
2024-01-27,Direct,Tablet,40,33,100,0.359,151.8,1
2024-01-27,Email,Desktop,127,104,470,0.319,185.4,2
2024-01-27,Email,Mobile,163,143,487,0.45,45.5,2
2024-01-27,Email,Tablet,23,17,49,0.591,154.8,0
2024-01-27,Referral,Desktop,81,64,251,0.349,69.7,1
2024-01-27,Referral,Mobile,115,101,357,0.67,107.1,1
2024-01-27,Referral,Tablet,10,8,34,0.478,109.9,0
2024-01-28,Organic Search,Desktop,759,636,1974,0.309,193.8,19
2024-01-28,Organic Search,Mobile,1013,857,4073,0.404,210.3,15
2024-01-28,Organic Search,Tablet,167,140,744,0.688,228.1,1
2024-01-28,Paid Search,Desktop,304,286,1175,0.665,147.8,5
2024-01-28,Paid Search,Mobile,418,345,1091,0.518,70.0,2
2024-01-28,Paid Search,Tablet,54,47,97,0.549,56.0,1
2024-01-28,Social,Desktop,344,275,849,0.431,202.3,6
2024-01-28,Social,Mobile,512,417,1231,0.547,51.4,7
2024-01-28,Social,Tablet,85,76,329,0.598,235.9,1
2024-01-28,Direct,Desktop,279,239,982,0.503,177.4,2
2024-01-28,Direct,Mobile,281,225,800,0.453,182.8,5
2024-01-28,Direct,Tablet,55,44,185,0.576,193.4,0
2024-01-28,Email,Desktop,102,90,319,0.346,152.4,1
2024-01-28,Email,Mobile,160,137,335,0.66,65.0,3
2024-01-28,Email,Tablet,18,14,52,0.573,127.6,0
2024-01-28,Referral,Desktop,75,63,237,0.433,135.3,2
2024-01-28,Referral,Mobile,100,87,321,0.407,138.9,0
2024-01-28,Referral,Tablet,16,12,54,0.58,188.8,0
2024-01-29,Organic Search,Desktop,781,657,1920,0.476,97.5,9
2024-01-29,Organic Search,Mobile,776,631,3389,0.692,223.0,20
2024-01-29,Organic Search,Tablet,147,132,364,0.322,236.2,2
2024-01-29,Paid Search,Desktop,280,210,878,0.357,212.0,2
2024-01-29,Paid Search,Mobile,341,266,1513,0.482,105.3,7
2024-01-29,Paid Search,Tablet,57,49,193,0.618,115.0,0
2024-01-29,Social,Desktop,462,351,1029,0.629,120.4,8
2024-01-29,Social,Mobile,480,406,1451,0.461,60.9,11
2024-01-29,Social,Tablet,77,71,301,0.646,97.1,1
2024-01-29,Direct,Desktop,211,184,584,0.493,45.2,1
2024-01-29,Direct,Mobile,277,227,631,0.599,90.1,2
2024-01-29,Direct,Tablet,46,34,195,0.545,152.7,0
2024-01-29,Email,Desktop,89,80,281,0.372,60.0,2
2024-01-29,Email,Mobile,143,117,395,0.373,57.8,2
2024-01-29,Email,Tablet,18,13,48,0.516,199.8,0
2024-01-29,Referral,Desktop,74,67,186,0.507,92.3,0
2024-01-29,Referral,Mobile,84,65,267,0.694,143.6,0
2024-01-29,Referral,Tablet,13,11,34,0.306,235.0,0
2024-01-30,Organic Search,Desktop,603,555,2678,0.528,199.2,8
2024-01-30,Organic Search,Mobile,1166,887,4960,0.672,74.5,20
2024-01-30,Organic Search,Tablet,121,105,240,0.592,104.5,1
2024-01-30,Paid Search,Desktop,238,223,937,0.361,146.2,3
2024-01-30,Paid Search,Mobile,384,311,1693,0.693,123.3,5
2024-01-30,Paid Search,Tablet,67,60,136,0.574,196.6,1
2024-01-30,Social,Desktop,307,264,988,0.355,137.2,8
2024-01-30,Social,Mobile,433,388,1704,0.486,231.8,7
2024-01-30,Social,Tablet,63,52,238,0.614,202.7,0
2024-01-30,Direct,Desktop,285,246,1145,0.668,209.8,5
2024-01-30,Direct,Mobile,315,268,1051,0.354,216.1,6
2024-01-30,Direct,Tablet,33,25,133,0.575,109.8,0
2024-01-30,Email,Desktop,99,75,408,0.472,88.3,1
2024-01-30,Email,Mobile,116,93,430,0.667,158.2,2
2024-01-30,Email,Tablet,21,16,93,0.599,125.3,0
2024-01-30,Referral,Desktop,50,44,157,0.642,232.8,1
2024-01-30,Referral,Mobile,137,119,335,0.655,114.9,3
2024-01-30,Referral,Tablet,15,12,47,0.68,120.1,0
2024-01-31,Organic Search,Desktop,673,619,1429,0.526,105.6,20
2024-01-31,Organic Search,Mobile,966,791,2965,0.322,119.8,27
2024-01-31,Organic Search,Tablet,154,130,315,0.539,71.2,1
2024-01-31,Paid Search,Desktop,341,320,1115,0.656,157.6,3
2024-01-31,Paid Search,Mobile,386,320,743,0.557,197.8,6
2024-01-31,Paid Search,Tablet,39,36,78,0.66,88.6,0
2024-01-31,Social,Desktop,294,236,705,0.609,235.6,7
2024-01-31,Social,Mobile,417,314,1513,0.485,219.6,6
2024-01-31,Social,Tablet,62,55,272,0.329,152.4,1
2024-01-31,Direct,Desktop,218,188,970,0.661,167.0,4
2024-01-31,Direct,Mobile,172,149,722,0.495,168.1,2
2024-01-31,Direct,Tablet,39,30,103,0.654,237.0,1
2024-01-31,Email,Desktop,128,114,276,0.474,147.2,1
2024-01-31,Email,Mobile,117,107,327,0.532,192.4,2
2024-01-31,Email,Tablet,17,15,43,0.344,87.1,0
2024-01-31,Referral,Desktop,67,53,259,0.498,139.0,1
2024-01-31,Referral,Mobile,96,82,374,0.404,187.8,1
2024-01-31,Referral,Tablet,13,10,36,0.578,180.1,0
2024-02-01,Organic Search,Desktop,530,398,1480,0.653,50.4,7
2024-02-01,Organic Search,Mobile,1035,871,2226,0.36,198.9,12
2024-02-01,Organic Search,Tablet,155,116,307,0.43,101.4,3
2024-02-01,Paid Search,Desktop,290,240,638,0.428,76.4,2
2024-02-01,Paid Search,Mobile,365,325,1603,0.311,113.5,3
2024-02-01,Paid Search,Tablet,47,39,139,0.559,220.3,1
2024-02-01,Social,Desktop,348,271,1267,0.664,120.1,8
2024-02-01,Social,Mobile,434,409,1550,0.58,68.3,2
2024-02-01,Social,Tablet,65,55,196,0.626,113.1,1
2024-02-01,Direct,Desktop,185,151,821,0.677,159.4,1
2024-02-01,Direct,Mobile,287,221,1007,0.643,187.0,7
2024-02-01,Direct,Tablet,43,34,138,0.317,211.4,0
2024-02-01,Email,Desktop,70,53,310,0.684,50.8,1
2024-02-01,Email,Mobile,124,107,277,0.326,45.3,3
2024-02-01,Email,Tablet,19,17,50,0.305,91.3,0
2024-02-01,Referral,Desktop,67,60,163,0.623,145.1,0
2024-02-01,Referral,Mobile,91,83,196,0.458,75.5,0
2024-02-01,Referral,Tablet,13,10,25,0.525,192.8,0
2024-02-02,Organic Search,Desktop,553,440,2082,0.411,53.1,9
2024-02-02,Organic Search,Mobile,985,868,4202,0.459,54.9,21
2024-02-02,Organic Search,Tablet,143,112,395,0.569,204.9,1
2024-02-02,Paid Search,Desktop,256,193,997,0.478,98.8,2
2024-02-02,Paid Search,Mobile,385,362,1659,0.455,158.3,2
2024-02-02,Paid Search,Tablet,46,41,98,0.458,210.8,0
2024-02-02,Social,Desktop,264,234,1110,0.327,191.5,3
2024-02-02,Social,Mobile,426,348,1112,0.679,97.1,11
2024-02-02,Social,Tablet,50,41,194,0.497,215.0,0
2024-02-02,Direct,Desktop,297,278,958,0.441,183.8,5
2024-02-02,Direct,Mobile,274,222,1209,0.621,153.8,6
2024-02-02,Direct,Tablet,51,44,198,0.481,52.8,1
2024-02-02,Email,Desktop,65,51,140,0.606,146.4,1
2024-02-02,Email,Mobile,126,109,524,0.387,101.1,1
2024-02-02,Email,Tablet,19,16,80,0.331,89.0,0
2024-02-02,Referral,Desktop,56,51,127,0.349,171.5,0
2024-02-02,Referral,Mobile,106,97,346,0.562,86.6,1
2024-02-02,Referral,Tablet,16,13,64,0.491,96.6,0
2024-02-03,Organic Search,Desktop,619,570,1532,0.483,92.4,18
2024-02-03,Organic Search,Mobile,1030,867,3698,0.666,209.2,8
2024-02-03,Organic Search,Tablet,162,123,457,0.654,122.5,1
2024-02-03,Paid Search,Desktop,353,293,1034,0.504,120.8,5
2024-02-03,Paid Search,Mobile,300,242,691,0.428,114.5,1
2024-02-03,Paid Search,Tablet,60,56,227,0.445,208.7,0
2024-02-03,Social,Desktop,373,287,1572,0.559,211.6,3
2024-02-03,Social,Mobile,396,375,823,0.604,87.8,7
2024-02-03,Social,Tablet,68,61,206,0.315,116.4,1
2024-02-03,Direct,Desktop,210,187,500,0.623,48.4,4
2024-02-03,Direct,Mobile,230,175,770,0.472,154.3,5
2024-02-03,Direct,Tablet,50,46,134,0.333,203.4,0
2024-02-03,Email,Desktop,108,81,240,0.341,209.9,1
2024-02-03,Email,Mobile,127,114,517,0.671,48.0,1
2024-02-03,Email,Tablet,20,18,40,0.529,75.5,0
2024-02-03,Referral,Desktop,82,61,187,0.311,154.4,2
2024-02-03,Referral,Mobile,107,96,256,0.658,94.4,2
2024-02-03,Referral,Tablet,19,17,50,0.574,85.7,0
2024-02-04,Organic Search,Desktop,617,506,2576,0.369,56.6,17
2024-02-04,Organic Search,Mobile,824,715,2867,0.344,55.1,4
2024-02-04,Organic Search,Tablet,148,124,553,0.683,142.0,0
2024-02-04,Paid Search,Desktop,252,210,952,0.316,112.7,6
2024-02-04,Paid Search,Mobile,396,298,1345,0.426,207.4,11
2024-02-04,Paid Search,Tablet,75,60,322,0.399,213.7,1
2024-02-04,Social,Desktop,435,395,1047,0.521,159.8,7
2024-02-04,Social,Mobile,548,437,1997,0.514,237.2,11
2024-02-04,Social,Tablet,76,68,206,0.603,54.0,2
2024-02-04,Direct,Desktop,211,182,492,0.607,70.6,4
2024-02-04,Direct,Mobile,331,283,948,0.595,115.0,4
2024-02-04,Direct,Tablet,47,35,169,0.498,234.5,0
2024-02-04,Email,Desktop,93,71,221,0.545,213.5,1
2024-02-04,Email,Mobile,119,89,431,0.661,53.9,2
2024-02-04,Email,Tablet,21,18,39,0.491,116.5,0
2024-02-04,Referral,Desktop,63,48,180,0.572,84.7,1
2024-02-04,Referral,Mobile,139,130,621,0.398,195.3,3
2024-02-04,Referral,Tablet,14,13,55,0.481,146.0,0
2024-02-05,Organic Search,Desktop,848,647,3656,0.404,152.1,11
2024-02-05,Organic Search,Mobile,655,536,1192,0.632,148.9,7
2024-02-05,Organic Search,Tablet,137,129,366,0.439,65.3,0
2024-02-05,Paid Search,Desktop,222,175,955,0.402,58.6,2
2024-02-05,Paid Search,Mobile,279,259,616,0.311,234.5,7
2024-02-05,Paid Search,Tablet,49,44,140,0.557,71.0,1
2024-02-05,Social,Desktop,248,220,497,0.508,220.2,7
2024-02-05,Social,Mobile,479,428,1973,0.412,53.5,3
2024-02-05,Social,Tablet,77,72,203,0.517,216.6,0
2024-02-05,Direct,Desktop,216,198,408,0.392,48.2,1
2024-02-05,Direct,Mobile,252,228,584,0.565,155.2,1
2024-02-05,Direct,Tablet,39,29,129,0.33,59.2,0
2024-02-05,Email,Desktop,60,56,119,0.541,185.1,0
2024-02-05,Email,Mobile,132,116,411,0.47,181.5,2
2024-02-05,Email,Tablet,13,10,32,0.339,101.0,0
2024-02-05,Referral,Desktop,77,71,317,0.3,183.9,1
2024-02-05,Referral,Mobile,105,79,366,0.52,209.0,2
2024-02-05,Referral,Tablet,16,12,31,0.575,215.6,0
2024-02-06,Organic Search,Desktop,596,452,1306,0.632,230.7,3
2024-02-06,Organic Search,Mobile,740,559,2186,0.603,215.4,17
2024-02-06,Organic Search,Tablet,146,111,487,0.427,57.4,4
2024-02-06,Paid Search,Desktop,251,204,1086,0.452,120.1,2
2024-02-06,Paid Search,Mobile,374,284,1299,0.305,185.5,8
2024-02-06,Paid Search,Tablet,43,38,176,0.47,125.1,0
2024-02-06,Social,Desktop,448,379,1471,0.541,223.8,7
2024-02-06,Social,Mobile,360,312,778,0.629,219.9,5
2024-02-06,Social,Tablet,51,38,222,0.384,62.0,0
2024-02-06,Direct,Desktop,165,146,456,0.51,188.7,2
2024-02-06,Direct,Mobile,236,191,956,0.361,221.0,4
2024-02-06,Direct,Tablet,34,30,84,0.372,128.2,0
2024-02-06,Email,Desktop,66,62,157,0.64,76.2,0
2024-02-06,Email,Mobile,109,98,217,0.594,77.2,2
2024-02-06,Email,Tablet,19,14,70,0.542,59.6,0
2024-02-06,Referral,Desktop,98,87,192,0.699,189.6,1
2024-02-06,Referral,Mobile,87,76,340,0.443,162.9,0
2024-02-06,Referral,Tablet,17,14,67,0.592,177.2,0
2024-02-07,Organic Search,Desktop,671,611,2589,0.601,138.2,16
2024-02-07,Organic Search,Mobile,749,651,1842,0.35,100.0,18
2024-02-07,Organic Search,Tablet,137,109,523,0.62,208.8,3
2024-02-07,Paid Search,Desktop,196,167,839,0.544,154.1,3
2024-02-07,Paid Search,Mobile,335,311,1419,0.614,52.8,6
2024-02-07,Paid Search,Tablet,48,41,184,0.69,93.2,1
2024-02-07,Social,Desktop,266,243,1073,0.486,55.1,2
2024-02-07,Social,Mobile,467,390,1872,0.453,76.8,12
2024-02-07,Social,Tablet,73,62,208,0.485,205.3,2
2024-02-07,Direct,Desktop,232,193,825,0.484,102.6,4
2024-02-07,Direct,Mobile,245,229,458,0.613,129.1,2
2024-02-07,Direct,Tablet,30,26,79,0.539,149.1,0
2024-02-07,Email,Desktop,94,84,310,0.69,148.2,2
2024-02-07,Email,Mobile,109,89,268,0.387,132.5,1
2024-02-07,Email,Tablet,19,16,80,0.657,212.8,0
2024-02-07,Referral,Desktop,71,62,148,0.455,52.3,1
2024-02-07,Referral,Mobile,73,62,173,0.456,232.1,1
2024-02-07,Referral,Tablet,14,13,49,0.597,79.4,0
2024-02-08,Organic Search,Desktop,750,602,3202,0.375,204.0,4
2024-02-08,Organic Search,Mobile,648,576,2509,0.463,50.3,7
2024-02-08,Organic Search,Tablet,134,112,585,0.367,221.9,2
2024-02-08,Paid Search,Desktop,238,187,710,0.525,205.1,1
2024-02-08,Paid Search,Mobile,269,254,626,0.677,187.3,4
2024-02-08,Paid Search,Tablet,48,40,175,0.314,167.4,0
2024-02-08,Social,Desktop,271,216,730,0.496,106.4,4
2024-02-08,Social,Mobile,443,418,1142,0.684,52.6,6
2024-02-08,Social,Tablet,57,44,181,0.352,131.6,0
2024-02-08,Direct,Desktop,295,245,594,0.514,48.8,2
2024-02-08,Direct,Mobile,256,230,789,0.495,199.6,2
2024-02-08,Direct,Tablet,41,33,153,0.587,232.1,0
2024-02-08,Email,Desktop,80,60,351,0.489,157.6,1
2024-02-08,Email,Mobile,139,127,602,0.587,178.3,2
2024-02-08,Email,Tablet,19,17,39,0.387,120.7,0
2024-02-08,Referral,Desktop,51,43,146,0.461,102.1,0
2024-02-08,Referral,Mobile,68,64,157,0.555,137.1,1
2024-02-08,Referral,Tablet,16,13,43,0.35,52.1,0
2024-02-09,Organic Search,Desktop,597,551,1845,0.405,131.2,15
2024-02-09,Organic Search,Mobile,676,539,1229,0.49,230.3,12
2024-02-09,Organic Search,Tablet,109,92,380,0.487,118.3,1
2024-02-09,Paid Search,Desktop,195,169,532,0.699,159.8,1
2024-02-09,Paid Search,Mobile,380,353,993,0.331,215.8,3
2024-02-09,Paid Search,Tablet,47,44,188,0.512,159.5,1
2024-02-09,Social,Desktop,354,298,1250,0.34,73.7,10
2024-02-09,Social,Mobile,304,265,704,0.509,232.7,3
2024-02-09,Social,Tablet,87,81,308,0.445,150.7,1
2024-02-09,Direct,Desktop,158,146,457,0.689,238.0,2
2024-02-09,Direct,Mobile,208,163,404,0.301,83.6,3
2024-02-09,Direct,Tablet,44,36,106,0.417,171.8,0
2024-02-09,Email,Desktop,116,94,217,0.628,156.3,1
2024-02-09,Email,Mobile,130,116,255,0.33,172.1,2
2024-02-09,Email,Tablet,17,15,37,0.667,96.7,0
2024-02-09,Referral,Desktop,66,58,219,0.638,170.2,0
2024-02-09,Referral,Mobile,98,80,284,0.492,136.3,2
2024-02-09,Referral,Tablet,12,10,31,0.6,196.7,0
2024-02-10,Organic Search,Desktop,766,641,2650,0.578,171.1,20
2024-02-10,Organic Search,Mobile,819,772,3407,0.696,145.8,8
2024-02-10,Organic Search,Tablet,112,96,260,0.352,166.7,1
2024-02-10,Paid Search,Desktop,273,258,637,0.623,137.5,6
2024-02-10,Paid Search,Mobile,399,308,1097,0.445,77.0,8
2024-02-10,Paid Search,Tablet,58,44,174,0.433,59.9,1
2024-02-10,Social,Desktop,328,303,1408,0.388,81.8,5
2024-02-10,Social,Mobile,385,301,975,0.351,72.3,10
2024-02-10,Social,Tablet,55,43,189,0.576,96.9,0
2024-02-10,Direct,Desktop,213,201,516,0.47,197.5,3
2024-02-10,Direct,Mobile,321,302,581,0.686,141.3,7
2024-02-10,Direct,Tablet,56,42,217,0.62,121.5,0
2024-02-10,Email,Desktop,102,93,402,0.662,115.8,1
2024-02-10,Email,Mobile,144,124,464,0.525,132.7,4
2024-02-10,Email,Tablet,15,12,48,0.689,95.6,0
2024-02-10,Referral,Desktop,75,63,309,0.632,219.8,1
2024-02-10,Referral,Mobile,112,92,224,0.482,156.2,0
2024-02-10,Referral,Tablet,18,16,78,0.343,48.9,0
2024-02-11,Organic Search,Desktop,785,680,3261,0.336,177.4,10
2024-02-11,Organic Search,Mobile,955,865,3423,0.624,218.6,18
2024-02-11,Organic Search,Tablet,145,117,442,0.385,128.1,1
2024-02-11,Paid Search,Desktop,354,315,914,0.343,182.7,8
2024-02-11,Paid Search,Mobile,407,316,1482,0.374,92.9,5
2024-02-11,Paid Search,Tablet,58,43,149,0.349,161.7,0
2024-02-11,Social,Desktop,308,271,668,0.63,192.3,8
2024-02-11,Social,Mobile,460,396,2000,0.598,149.0,9
2024-02-11,Social,Tablet,61,52,200,0.406,58.6,0
2024-02-11,Direct,Desktop,273,228,696,0.379,194.6,4
2024-02-11,Direct,Mobile,215,184,669,0.456,82.9,5
2024-02-11,Direct,Tablet,63,47,264,0.471,229.3,1
2024-02-11,Email,Desktop,92,73,224,0.689,132.4,2
2024-02-11,Email,Mobile,148,127,327,0.576,179.7,1
2024-02-11,Email,Tablet,23,17,67,0.308,54.4,0
2024-02-11,Referral,Desktop,76,60,177,0.619,49.0,1
2024-02-11,Referral,Mobile,101,77,237,0.358,75.4,1
2024-02-11,Referral,Tablet,14,12,45,0.649,163.6,0
2024-02-12,Organic Search,Desktop,714,589,1782,0.616,182.9,8
2024-02-12,Organic Search,Mobile,921,721,3943,0.337,82.8,6
2024-02-12,Organic Search,Tablet,147,127,438,0.562,82.2,2
2024-02-12,Paid Search,Desktop,275,220,732,0.333,222.9,3
2024-02-12,Paid Search,Mobile,234,191,755,0.695,169.1,2
2024-02-12,Paid Search,Tablet,59,53,259,0.492,203.0,1
2024-02-12,Social,Desktop,328,264,595,0.334,87.4,5
2024-02-12,Social,Mobile,496,390,1340,0.533,223.1,6
2024-02-12,Social,Tablet,67,61,223,0.31,200.3,1
2024-02-12,Direct,Desktop,201,183,477,0.648,153.1,2
2024-02-12,Direct,Mobile,343,292,1296,0.453,228.0,2
2024-02-12,Direct,Tablet,43,37,96,0.517,165.4,0
2024-02-12,Email,Desktop,106,95,236,0.587,231.0,1
2024-02-12,Email,Mobile,123,92,454,0.461,159.1,2
2024-02-12,Email,Tablet,15,11,49,0.645,79.3,0
2024-02-12,Referral,Desktop,50,46,149,0.698,127.1,0
2024-02-12,Referral,Mobile,103,95,283,0.578,111.0,0
2024-02-12,Referral,Tablet,12,11,50,0.48,59.3,0
2024-02-13,Organic Search,Desktop,659,528,2832,0.685,200.0,19
2024-02-13,Organic Search,Mobile,818,621,2602,0.654,80.8,19
2024-02-13,Organic Search,Tablet,149,135,270,0.509,180.3,3
2024-02-13,Paid Search,Desktop,262,211,494,0.605,124.0,3
2024-02-13,Paid Search,Mobile,262,247,1077,0.378,117.5,1
2024-02-13,Paid Search,Tablet,60,48,202,0.615,78.8,1
2024-02-13,Social,Desktop,302,238,849,0.681,209.4,1
2024-02-13,Social,Mobile,457,432,1358,0.435,229.4,12
2024-02-13,Social,Tablet,58,45,227,0.628,227.3,0
2024-02-13,Direct,Desktop,238,185,680,0.424,50.8,2
2024-02-13,Direct,Mobile,331,286,1425,0.632,222.8,7
2024-02-13,Direct,Tablet,46,34,138,0.38,232.1,1
2024-02-13,Email,Desktop,59,47,176,0.413,65.6,0
2024-02-13,Email,Mobile,100,87,217,0.429,113.1,2
2024-02-13,Email,Tablet,16,14,32,0.405,126.4,0
2024-02-13,Referral,Desktop,58,43,206,0.46,128.6,1
2024-02-13,Referral,Mobile,87,70,277,0.402,187.4,1
2024-02-13,Referral,Tablet,17,14,64,0.622,218.9,0
2024-02-14,Organic Search,Desktop,625,520,2398,0.647,46.9,6
2024-02-14,Organic Search,Mobile,815,772,1716,0.501,218.0,16
2024-02-14,Organic Search,Tablet,157,139,632,0.67,94.0,3
2024-02-14,Paid Search,Desktop,193,158,624,0.531,147.6,4
2024-02-14,Paid Search,Mobile,343,292,1493,0.31,67.1,3
2024-02-14,Paid Search,Tablet,69,53,190,0.66,100.7,1
2024-02-14,Social,Desktop,393,332,1590,0.598,213.4,5
2024-02-14,Social,Mobile,368,298,1467,0.597,104.0,8
2024-02-14,Social,Tablet,68,57,210,0.552,170.2,1
2024-02-14,Direct,Desktop,242,223,725,0.581,51.0,5
2024-02-14,Direct,Mobile,311,288,1346,0.415,55.2,7
2024-02-14,Direct,Tablet,50,44,127,0.667,190.0,1
2024-02-14,Email,Desktop,112,105,416,0.642,71.2,0
2024-02-14,Email,Mobile,117,100,409,0.302,61.6,1
2024-02-14,Email,Tablet,21,19,66,0.497,157.7,0
2024-02-14,Referral,Desktop,47,40,106,0.486,51.7,0
2024-02-14,Referral,Mobile,66,61,152,0.657,100.9,1
2024-02-14,Referral,Tablet,16,14,66,0.481,150.2,0
2024-02-15,Organic Search,Desktop,655,572,1273,0.434,212.1,6
2024-02-15,Organic Search,Mobile,966,828,3968,0.518,208.8,14
2024-02-15,Organic Search,Tablet,110,102,352,0.431,218.2,1
2024-02-15,Paid Search,Desktop,234,201,688,0.407,133.8,5
2024-02-15,Paid Search,Mobile,391,339,1486,0.503,225.9,2
2024-02-15,Paid Search,Tablet,50,37,196,0.421,111.7,0
2024-02-15,Social,Desktop,276,244,1162,0.477,65.5,3
2024-02-15,Social,Mobile,303,272,986,0.623,103.0,5
2024-02-15,Social,Tablet,50,45,202,0.641,232.9,1
2024-02-15,Direct,Desktop,236,191,680,0.495,181.6,4
2024-02-15,Direct,Mobile,214,202,879,0.586,65.3,4
2024-02-15,Direct,Tablet,48,44,126,0.665,123.5,0
2024-02-15,Email,Desktop,69,54,307,0.394,196.6,1
2024-02-15,Email,Mobile,107,93,328,0.671,74.4,0
2024-02-15,Email,Tablet,23,19,71,0.575,119.2,0
2024-02-15,Referral,Desktop,48,37,190,0.424,218.8,0
2024-02-15,Referral,Mobile,76,61,184,0.319,210.5,0
2024-02-15,Referral,Tablet,16,13,69,0.573,224.5,0
2024-02-16,Organic Search,Desktop,473,358,1756,0.407,144.3,8
2024-02-16,Organic Search,Mobile,844,714,1544,0.554,197.2,18
2024-02-16,Organic Search,Tablet,125,116,496,0.348,229.7,1
2024-02-16,Paid Search,Desktop,330,276,1446,0.614,225.4,4
2024-02-16,Paid Search,Mobile,215,201,657,0.61,150.1,5
2024-02-16,Paid Search,Tablet,57,46,185,0.433,143.4,0
2024-02-16,Social,Desktop,280,219,1098,0.385,63.3,4
2024-02-16,Social,Mobile,531,408,1190,0.355,209.1,12
2024-02-16,Social,Tablet,62,50,111,0.429,130.2,1
2024-02-16,Direct,Desktop,168,159,712,0.538,215.5,3
2024-02-16,Direct,Mobile,283,216,1017,0.528,236.5,7
2024-02-16,Direct,Tablet,28,24,77,0.666,69.0,0
2024-02-16,Email,Desktop,103,87,188,0.443,82.0,0
2024-02-16,Email,Mobile,153,121,635,0.632,108.3,3
2024-02-16,Email,Tablet,16,14,32,0.695,198.1,0
2024-02-16,Referral,Desktop,79,68,310,0.532,87.3,0
2024-02-16,Referral,Mobile,81,61,188,0.697,132.2,1
2024-02-16,Referral,Tablet,11,8,29,0.331,184.7,0
2024-02-17,Organic Search,Desktop,859,671,3811,0.443,150.2,14
2024-02-17,Organic Search,Mobile,1109,966,2402,0.424,160.4,29
2024-02-17,Organic Search,Tablet,132,108,497,0.568,49.1,2
2024-02-17,Paid Search,Desktop,352,294,1240,0.347,89.9,3
2024-02-17,Paid Search,Mobile,307,283,956,0.404,162.8,2
2024-02-17,Paid Search,Tablet,57,46,128,0.637,187.4,1
2024-02-17,Social,Desktop,304,262,1129,0.362,154.5,8
2024-02-17,Social,Mobile,445,362,946,0.449,112.4,7
2024-02-17,Social,Tablet,76,71,315,0.445,98.4,1
2024-02-17,Direct,Desktop,251,236,534,0.456,92.0,6
2024-02-17,Direct,Mobile,339,280,1060,0.529,69.6,9
2024-02-17,Direct,Tablet,55,44,143,0.609,235.1,1
2024-02-17,Email,Desktop,110,94,363,0.41,118.0,3
2024-02-17,Email,Mobile,121,95,531,0.682,162.2,3
2024-02-17,Email,Tablet,17,13,37,0.388,86.7,0
2024-02-17,Referral,Desktop,82,75,262,0.34,189.3,0
2024-02-17,Referral,Mobile,99,88,349,0.394,66.3,1
2024-02-17,Referral,Tablet,14,11,60,0.516,87.4,0
2024-02-18,Organic Search,Desktop,706,598,2185,0.518,83.2,19
2024-02-18,Organic Search,Mobile,767,587,3177,0.696,83.3,15
2024-02-18,Organic Search,Tablet,138,120,496,0.573,182.2,3
2024-02-18,Paid Search,Desktop,240,185,616,0.418,98.6,3
2024-02-18,Paid Search,Mobile,356,329,1095,0.335,161.0,6
2024-02-18,Paid Search,Tablet,50,40,114,0.477,120.0,0
2024-02-18,Social,Desktop,316,279,912,0.657,141.6,5
2024-02-18,Social,Mobile,389,335,861,0.403,177.7,4
2024-02-18,Social,Tablet,59,50,222,0.517,114.2,1
2024-02-18,Direct,Desktop,284,263,1135,0.434,153.7,4
2024-02-18,Direct,Mobile,285,248,1057,0.497,49.4,1
2024-02-18,Direct,Tablet,42,35,131,0.573,159.8,0
2024-02-18,Email,Desktop,100,81,248,0.66,90.4,2
2024-02-18,Email,Mobile,119,102,411,0.488,197.3,1
2024-02-18,Email,Tablet,20,15,89,0.549,137.7,0
2024-02-18,Referral,Desktop,81,60,348,0.425,53.3,2
2024-02-18,Referral,Mobile,109,90,312,0.443,113.6,1
2024-02-18,Referral,Tablet,19,14,62,0.327,126.5,0
2024-02-19,Organic Search,Desktop,777,702,2769,0.646,150.6,19
2024-02-19,Organic Search,Mobile,853,721,3560,0.608,119.6,20
2024-02-19,Organic Search,Tablet,133,114,466,0.484,234.8,1
2024-02-19,Paid Search,Desktop,308,275,1125,0.316,119.2,6
2024-02-19,Paid Search,Mobile,371,302,1346,0.627,159.8,6
2024-02-19,Paid Search,Tablet,36,31,153,0.526,59.5,0
2024-02-19,Social,Desktop,251,233,730,0.462,115.7,5
2024-02-19,Social,Mobile,404,311,776,0.591,61.2,11
2024-02-19,Social,Tablet,48,40,197,0.609,88.0,1
2024-02-19,Direct,Desktop,216,185,392,0.554,216.5,5
2024-02-19,Direct,Mobile,316,276,940,0.49,182.7,1
2024-02-19,Direct,Tablet,36,28,128,0.326,100.6,0
2024-02-19,Email,Desktop,95,82,223,0.445,216.1,2
2024-02-19,Email,Mobile,114,101,469,0.405,164.5,2
2024-02-19,Email,Tablet,19,17,60,0.55,136.7,0
2024-02-19,Referral,Desktop,84,67,194,0.655,161.6,2
2024-02-19,Referral,Mobile,75,60,249,0.349,159.5,2
2024-02-19,Referral,Tablet,17,16,40,0.481,93.7,0
2024-02-20,Organic Search,Desktop,576,473,2353,0.407,64.6,14
2024-02-20,Organic Search,Mobile,1057,930,2676,0.611,162.8,28
2024-02-20,Organic Search,Tablet,117,106,220,0.541,206.4,1
2024-02-20,Paid Search,Desktop,268,240,608,0.46,233.1,1
2024-02-20,Paid Search,Mobile,362,290,947,0.641,129.8,10
2024-02-20,Paid Search,Tablet,54,46,241,0.638,79.3,0
2024-02-20,Social,Desktop,346,283,1052,0.441,96.0,6
2024-02-20,Social,Mobile,465,412,1486,0.665,225.6,3
2024-02-20,Social,Tablet,48,38,148,0.382,79.8,1
2024-02-20,Direct,Desktop,177,146,603,0.544,225.1,2
2024-02-20,Direct,Mobile,295,262,1311,0.534,175.8,6
2024-02-20,Direct,Tablet,34,29,112,0.401,158.5,0
2024-02-20,Email,Desktop,103,91,394,0.565,124.6,2
2024-02-20,Email,Mobile,141,126,553,0.382,186.6,3
2024-02-20,Email,Tablet,20,15,76,0.626,232.3,0
2024-02-20,Referral,Desktop,77,70,178,0.457,151.6,1
2024-02-20,Referral,Mobile,105,84,411,0.373,154.0,0
2024-02-20,Referral,Tablet,14,10,32,0.698,49.9,0
2024-02-21,Organic Search,Desktop,733,565,2797,0.607,164.2,4
2024-02-21,Organic Search,Mobile,742,570,1980,0.315,162.0,15
2024-02-21,Organic Search,Tablet,147,113,416,0.372,159.6,3
2024-02-21,Paid Search,Desktop,272,210,655,0.547,199.9,6
2024-02-21,Paid Search,Mobile,315,236,1214,0.443,202.8,3
2024-02-21,Paid Search,Tablet,63,53,200,0.537,66.0,1
2024-02-21,Social,Desktop,267,248,1194,0.48,88.3,1
2024-02-21,Social,Mobile,453,395,1050,0.618,104.4,6
2024-02-21,Social,Tablet,68,54,135,0.579,219.9,0
2024-02-21,Direct,Desktop,249,200,1033,0.615,93.3,2
2024-02-21,Direct,Mobile,270,225,1154,0.644,234.1,7
2024-02-21,Direct,Tablet,40,30,154,0.61,53.9,0
2024-02-21,Email,Desktop,89,77,172,0.397,102.6,0
2024-02-21,Email,Mobile,77,72,211,0.536,69.0,0
2024-02-21,Email,Tablet,13,12,32,0.439,238.4,0
2024-02-21,Referral,Desktop,55,45,213,0.636,199.9,0
2024-02-21,Referral,Mobile,82,76,214,0.318,108.8,1
2024-02-21,Referral,Tablet,15,11,40,0.538,199.6,0
2024-02-22,Organic Search,Desktop,807,658,1490,0.438,48.6,8
2024-02-22,Organic Search,Mobile,933,805,2942,0.404,233.8,14
2024-02-22,Organic Search,Tablet,170,149,352,0.632,88.7,1
2024-02-22,Paid Search,Desktop,274,245,1173,0.372,194.1,7
2024-02-22,Paid Search,Mobile,343,286,801,0.49,134.8,4
2024-02-22,Paid Search,Tablet,63,59,221,0.532,134.5,1
2024-02-22,Social,Desktop,408,325,1149,0.52,229.7,3
2024-02-22,Social,Mobile,380,331,1107,0.567,54.6,2
2024-02-22,Social,Tablet,48,40,203,0.452,209.2,1
2024-02-22,Direct,Desktop,210,169,760,0.326,100.1,3
2024-02-22,Direct,Mobile,264,205,1125,0.649,113.9,4
2024-02-22,Direct,Tablet,43,36,111,0.487,171.9,1
2024-02-22,Email,Desktop,99,85,317,0.604,99.7,1
2024-02-22,Email,Mobile,124,94,378,0.466,238.8,1
2024-02-22,Email,Tablet,16,13,70,0.591,77.7,0
2024-02-22,Referral,Desktop,35,32,82,0.395,107.2,0
2024-02-22,Referral,Mobile,111,102,436,0.452,126.2,1
2024-02-22,Referral,Tablet,12,9,25,0.502,184.6,0
2024-02-23,Organic Search,Desktop,590,482,1545,0.303,137.2,5
2024-02-23,Organic Search,Mobile,686,562,2793,0.437,218.8,9
2024-02-23,Organic Search,Tablet,229,185,622,0.631,81.0,2
2024-02-23,Paid Search,Desktop,233,218,628,0.376,142.3,6
2024-02-23,Paid Search,Mobile,368,307,716,0.497,167.4,10
2024-02-23,Paid Search,Tablet,35,32,90,0.355,68.2,0
2024-02-23,Social,Desktop,261,228,844,0.415,129.9,6
2024-02-23,Social,Mobile,412,319,1208,0.559,169.7,10
2024-02-23,Social,Tablet,61,54,267,0.585,221.1,1
2024-02-23,Direct,Desktop,203,173,589,0.666,136.0,1
2024-02-23,Direct,Mobile,298,259,817,0.541,187.3,2
2024-02-23,Direct,Tablet,45,39,107,0.492,138.1,1
2024-02-23,Email,Desktop,78,72,314,0.462,213.3,1
2024-02-23,Email,Mobile,117,111,238,0.673,93.3,1
2024-02-23,Email,Tablet,19,17,63,0.375,86.5,0
2024-02-23,Referral,Desktop,80,75,189,0.311,225.5,1
2024-02-23,Referral,Mobile,67,55,184,0.586,68.6,0
2024-02-23,Referral,Tablet,15,11,34,0.3,173.4,0
2024-02-24,Organic Search,Desktop,848,707,3495,0.379,82.2,11
2024-02-24,Organic Search,Mobile,991,827,2298,0.597,107.4,5
2024-02-24,Organic Search,Tablet,127,110,359,0.673,148.4,2
2024-02-24,Paid Search,Desktop,220,195,889,0.476,100.0,2
2024-02-24,Paid Search,Mobile,362,337,778,0.305,181.5,8
2024-02-24,Paid Search,Tablet,62,52,193,0.446,60.1,0
2024-02-24,Social,Desktop,333,297,750,0.684,229.3,2
2024-02-24,Social,Mobile,455,396,1148,0.46,61.6,4
2024-02-24,Social,Tablet,78,64,344,0.475,189.2,0
2024-02-24,Direct,Desktop,170,128,371,0.511,113.6,3
2024-02-24,Direct,Mobile,274,248,1099,0.625,179.2,4
2024-02-24,Direct,Tablet,49,44,203,0.622,82.9,0
2024-02-24,Email,Desktop,105,90,328,0.438,238.7,3
2024-02-24,Email,Mobile,139,124,600,0.459,154.0,1
2024-02-24,Email,Tablet,20,16,51,0.666,112.6,0
2024-02-24,Referral,Desktop,91,78,226,0.664,171.9,1
2024-02-24,Referral,Mobile,100,94,255,0.509,52.2,1
2024-02-24,Referral,Tablet,15,11,55,0.594,50.5,0
2024-02-25,Organic Search,Desktop,439,366,1083,0.441,216.5,5
2024-02-25,Organic Search,Mobile,833,701,1504,0.678,161.3,19
2024-02-25,Organic Search,Tablet,136,110,471,0.499,170.4,2
2024-02-25,Paid Search,Desktop,338,300,1350,0.476,170.9,7
2024-02-25,Paid Search,Mobile,331,267,1318,0.54,206.6,3
2024-02-25,Paid Search,Tablet,46,37,100,0.579,150.6,0
2024-02-25,Social,Desktop,450,416,1634,0.307,108.8,4
2024-02-25,Social,Mobile,536,457,1092,0.353,235.1,10
2024-02-25,Social,Tablet,82,74,298,0.408,77.8,0
2024-02-25,Direct,Desktop,260,218,892,0.413,103.1,3
2024-02-25,Direct,Mobile,320,290,1337,0.47,118.1,4
2024-02-25,Direct,Tablet,46,43,173,0.454,76.0,1
2024-02-25,Email,Desktop,97,85,393,0.524,119.7,2
2024-02-25,Email,Mobile,143,112,571,0.478,174.4,1
2024-02-25,Email,Tablet,21,17,55,0.49,209.1,0
2024-02-25,Referral,Desktop,73,62,293,0.326,193.9,1
2024-02-25,Referral,Mobile,114,102,281,0.576,118.3,0
2024-02-25,Referral,Tablet,15,11,34,0.517,67.7,0
2024-02-26,Organic Search,Desktop,611,500,1717,0.586,129.2,4
2024-02-26,Organic Search,Mobile,916,867,3382,0.667,57.5,24
2024-02-26,Organic Search,Tablet,114,103,416,0.396,153.6,3
2024-02-26,Paid Search,Desktop,247,207,1066,0.491,134.8,5
2024-02-26,Paid Search,Mobile,346,288,1496,0.596,155.7,1
2024-02-26,Paid Search,Tablet,63,56,182,0.605,136.2,0
2024-02-26,Social,Desktop,355,302,1437,0.337,69.6,6
2024-02-26,Social,Mobile,421,386,977,0.312,63.6,10
2024-02-26,Social,Tablet,84,76,254,0.466,47.9,1
2024-02-26,Direct,Desktop,231,188,729,0.357,145.6,6
2024-02-26,Direct,Mobile,339,255,946,0.473,155.3,2
2024-02-26,Direct,Tablet,33,31,134,0.589,100.1,0
2024-02-26,Email,Desktop,101,76,413,0.396,176.1,2
2024-02-26,Email,Mobile,100,80,306,0.463,237.4,1
2024-02-26,Email,Tablet,18,14,66,0.602,99.6,0
2024-02-26,Referral,Desktop,66,59,288,0.313,111.1,0
2024-02-26,Referral,Mobile,90,72,229,0.392,66.9,2
2024-02-26,Referral,Tablet,12,10,26,0.594,62.9,0
2024-02-27,Organic Search,Desktop,764,574,2115,0.58,107.2,21
2024-02-27,Organic Search,Mobile,917,780,3245,0.491,148.2,21
2024-02-27,Organic Search,Tablet,111,94,396,0.365,67.9,1
2024-02-27,Paid Search,Desktop,346,306,965,0.448,118.1,8
2024-02-27,Paid Search,Mobile,336,292,1198,0.675,68.2,3
2024-02-27,Paid Search,Tablet,52,43,210,0.326,65.2,0
2024-02-27,Social,Desktop,295,231,547,0.401,214.4,2
2024-02-27,Social,Mobile,512,420,1367,0.599,117.9,5
2024-02-27,Social,Tablet,56,44,145,0.407,190.0,1
2024-02-27,Direct,Desktop,250,223,781,0.457,56.9,2
2024-02-27,Direct,Mobile,319,280,794,0.393,174.6,7
2024-02-27,Direct,Tablet,43,35,162,0.424,173.4,0
2024-02-27,Email,Desktop,87,76,313,0.377,108.8,1
2024-02-27,Email,Mobile,129,97,449,0.367,76.7,2
2024-02-27,Email,Tablet,15,13,27,0.511,107.7,0
2024-02-27,Referral,Desktop,36,32,133,0.604,129.7,0
2024-02-27,Referral,Mobile,119,106,439,0.429,197.5,0
2024-02-27,Referral,Tablet,14,12,42,0.301,130.5,0
2024-02-28,Organic Search,Desktop,447,392,1288,0.553,169.5,11
2024-02-28,Organic Search,Mobile,637,509,1426,0.698,153.5,18
2024-02-28,Organic Search,Tablet,149,138,339,0.506,235.7,1
2024-02-28,Paid Search,Desktop,278,226,719,0.314,62.8,7
2024-02-28,Paid Search,Mobile,359,321,1355,0.361,190.4,5
2024-02-28,Paid Search,Tablet,62,50,128,0.578,47.2,1
2024-02-28,Social,Desktop,372,283,1239,0.608,178.0,8
2024-02-28,Social,Mobile,420,318,757,0.459,161.7,2
2024-02-28,Social,Tablet,53,41,161,0.43,165.4,0
2024-02-28,Direct,Desktop,226,205,818,0.689,219.8,3
2024-02-28,Direct,Mobile,217,201,860,0.304,83.7,3
2024-02-28,Direct,Tablet,45,41,197,0.507,145.3,0
2024-02-28,Email,Desktop,82,62,351,0.66,76.2,1
2024-02-28,Email,Mobile,142,134,433,0.464,179.0,3
2024-02-28,Email,Tablet,17,12,32,0.351,166.3,0
2024-02-28,Referral,Desktop,66,54,236,0.466,189.7,0
2024-02-28,Referral,Mobile,81,74,201,0.341,201.3,0
2024-02-28,Referral,Tablet,16,12,68,0.348,77.0,0
2024-02-29,Organic Search,Desktop,783,644,1634,0.602,153.0,4
2024-02-29,Organic Search,Mobile,904,811,2680,0.445,140.3,16
2024-02-29,Organic Search,Tablet,162,124,397,0.469,227.6,3
2024-02-29,Paid Search,Desktop,222,188,427,0.401,76.5,4
2024-02-29,Paid Search,Mobile,317,250,939,0.6,187.4,5
2024-02-29,Paid Search,Tablet,38,32,95,0.561,184.3,0
2024-02-29,Social,Desktop,322,249,662,0.56,99.4,5
2024-02-29,Social,Mobile,299,254,1193,0.352,161.4,3
2024-02-29,Social,Tablet,71,66,133,0.43,229.5,1
2024-02-29,Direct,Desktop,295,273,694,0.425,160.4,7
2024-02-29,Direct,Mobile,240,218,874,0.459,71.6,1
2024-02-29,Direct,Tablet,49,46,142,0.385,165.3,0
2024-02-29,Email,Desktop,105,79,372,0.366,130.1,3
2024-02-29,Email,Mobile,119,90,236,0.684,229.9,1
2024-02-29,Email,Tablet,24,20,43,0.646,128.1,0
2024-02-29,Referral,Desktop,63,57,145,0.682,237.7,0
2024-02-29,Referral,Mobile,105,95,464,0.441,84.8,2
2024-02-29,Referral,Tablet,16,12,67,0.621,133.3,0
2024-03-01,Organic Search,Desktop,756,598,3059,0.605,67.7,21
2024-03-01,Organic Search,Mobile,693,534,1960,0.47,223.9,13
2024-03-01,Organic Search,Tablet,168,153,442,0.568,167.7,2
2024-03-01,Paid Search,Desktop,235,203,533,0.454,49.3,6
2024-03-01,Paid Search,Mobile,465,402,1446,0.33,102.8,12
2024-03-01,Paid Search,Tablet,47,41,174,0.398,164.0,0
2024-03-01,Social,Desktop,318,295,1351,0.31,110.2,7
2024-03-01,Social,Mobile,466,372,1361,0.639,45.1,4
2024-03-01,Social,Tablet,75,65,163,0.606,130.6,1
2024-03-01,Direct,Desktop,212,194,486,0.409,72.9,3
2024-03-01,Direct,Mobile,256,194,461,0.67,82.0,4
2024-03-01,Direct,Tablet,47,39,119,0.583,120.5,0
2024-03-01,Email,Desktop,99,77,296,0.333,138.7,1
2024-03-01,Email,Mobile,138,105,358,0.316,216.4,4
2024-03-01,Email,Tablet,19,14,80,0.686,165.0,0
2024-03-01,Referral,Desktop,95,77,325,0.63,219.8,2
2024-03-01,Referral,Mobile,99,82,182,0.429,161.3,2
2024-03-01,Referral,Tablet,16,12,40,0.455,142.0,0
2024-03-02,Organic Search,Desktop,784,681,3437,0.508,50.2,7
2024-03-02,Organic Search,Mobile,1229,1130,4840,0.359,148.1,11
2024-03-02,Organic Search,Tablet,150,122,570,0.645,102.9,3
2024-03-02,Paid Search,Desktop,274,218,1092,0.437,231.2,6
2024-03-02,Paid Search,Mobile,328,269,1210,0.396,202.2,2
2024-03-02,Paid Search,Tablet,59,53,257,0.619,75.3,0
2024-03-02,Social,Desktop,335,282,1078,0.356,190.9,7
2024-03-02,Social,Mobile,559,528,2223,0.634,143.1,14
2024-03-02,Social,Tablet,62,54,208,0.672,106.7,0
2024-03-02,Direct,Desktop,239,226,669,0.566,123.8,3
2024-03-02,Direct,Mobile,329,274,934,0.552,129.2,3
2024-03-02,Direct,Tablet,64,60,260,0.483,191.3,0
2024-03-02,Email,Desktop,100,90,373,0.36,90.7,2
2024-03-02,Email,Mobile,136,104,550,0.682,78.4,0
2024-03-02,Email,Tablet,15,12,56,0.589,152.4,0
2024-03-02,Referral,Desktop,82,68,335,0.46,106.5,1
2024-03-02,Referral,Mobile,111,84,469,0.639,56.3,0
2024-03-02,Referral,Tablet,18,14,53,0.458,47.6,0
2024-03-03,Organic Search,Desktop,783,682,1473,0.675,209.1,6
2024-03-03,Organic Search,Mobile,966,742,3381,0.661,76.3,17
2024-03-03,Organic Search,Tablet,181,147,427,0.549,238.9,3
2024-03-03,Paid Search,Desktop,275,253,1054,0.339,227.3,2
2024-03-03,Paid Search,Mobile,399,375,1784,0.408,121.9,3
2024-03-03,Paid Search,Tablet,61,51,114,0.364,64.8,1
2024-03-03,Social,Desktop,379,317,735,0.542,133.8,2
2024-03-03,Social,Mobile,391,300,1138,0.675,72.0,7
2024-03-03,Social,Tablet,73,63,314,0.605,151.0,1
2024-03-03,Direct,Desktop,273,220,656,0.325,69.4,5
2024-03-03,Direct,Mobile,355,308,805,0.681,80.5,2
2024-03-03,Direct,Tablet,32,24,79,0.421,147.4,0
2024-03-03,Email,Desktop,104,97,278,0.459,151.4,1
2024-03-03,Email,Mobile,141,113,623,0.668,71.0,1
2024-03-03,Email,Tablet,22,19,56,0.327,168.8,0
2024-03-03,Referral,Desktop,77,63,243,0.393,181.9,1
2024-03-03,Referral,Mobile,114,98,306,0.52,78.2,2
2024-03-03,Referral,Tablet,15,12,59,0.503,199.3,0
2024-03-04,Organic Search,Desktop,634,480,2093,0.695,133.4,5
2024-03-04,Organic Search,Mobile,1181,952,2905,0.486,217.4,8
2024-03-04,Organic Search,Tablet,153,144,387,0.447,147.4,3
2024-03-04,Paid Search,Desktop,250,198,604,0.32,113.8,6
2024-03-04,Paid Search,Mobile,396,338,1474,0.611,162.4,3
2024-03-04,Paid Search,Tablet,49,38,162,0.565,234.0,0
2024-03-04,Social,Desktop,413,386,1100,0.595,215.2,6
2024-03-04,Social,Mobile,387,302,816,0.409,111.3,8
2024-03-04,Social,Tablet,69,54,154,0.325,115.5,0
2024-03-04,Direct,Desktop,231,187,768,0.66,54.7,3
2024-03-04,Direct,Mobile,357,278,1258,0.304,104.6,7
2024-03-04,Direct,Tablet,42,33,83,0.354,157.2,1
2024-03-04,Email,Desktop,92,71,363,0.335,233.2,1
2024-03-04,Email,Mobile,145,124,357,0.315,46.8,2
2024-03-04,Email,Tablet,17,14,55,0.408,195.5,0
2024-03-04,Referral,Desktop,71,58,258,0.581,158.8,1
2024-03-04,Referral,Mobile,97,83,278,0.652,215.1,1
2024-03-04,Referral,Tablet,18,16,34,0.605,173.1,0
2024-03-05,Organic Search,Desktop,666,591,2051,0.339,208.3,9
2024-03-05,Organic Search,Mobile,766,642,2515,0.399,135.2,5
2024-03-05,Organic Search,Tablet,117,90,336,0.623,193.0,1
2024-03-05,Paid Search,Desktop,270,205,651,0.407,144.4,5
2024-03-05,Paid Search,Mobile,398,343,1556,0.678,190.4,4
2024-03-05,Paid Search,Tablet,49,42,107,0.328,77.6,0
2024-03-05,Social,Desktop,269,218,1118,0.525,159.2,4
2024-03-05,Social,Mobile,395,367,740,0.691,98.9,7
2024-03-05,Social,Tablet,58,44,197,0.56,220.7,0
2024-03-05,Direct,Desktop,152,126,424,0.305,83.0,1
2024-03-05,Direct,Mobile,389,311,745,0.389,210.8,8
2024-03-05,Direct,Tablet,55,48,183,0.541,67.2,1
2024-03-05,Email,Desktop,114,104,361,0.643,97.4,3
2024-03-05,Email,Mobile,103,91,325,0.567,91.1,2
2024-03-05,Email,Tablet,20,17,67,0.405,123.6,0
2024-03-05,Referral,Desktop,97,80,361,0.432,58.6,1
2024-03-05,Referral,Mobile,66,60,204,0.38,86.1,0
2024-03-05,Referral,Tablet,14,12,52,0.399,225.8,0
2024-03-06,Organic Search,Desktop,580,479,1324,0.629,227.1,11
2024-03-06,Organic Search,Mobile,736,575,2346,0.4,178.3,7
2024-03-06,Organic Search,Tablet,145,134,343,0.37,96.2,2
2024-03-06,Paid Search,Desktop,264,247,918,0.371,193.9,6
2024-03-06,Paid Search,Mobile,378,307,795,0.661,87.7,9
2024-03-06,Paid Search,Tablet,37,29,95,0.343,73.7,0
2024-03-06,Social,Desktop,423,396,1274,0.441,109.2,9
2024-03-06,Social,Mobile,474,439,2014,0.671,211.6,3
2024-03-06,Social,Tablet,74,56,176,0.52,82.1,0
2024-03-06,Direct,Desktop,252,236,911,0.596,150.8,4
2024-03-06,Direct,Mobile,317,256,712,0.654,230.5,6
2024-03-06,Direct,Tablet,47,39,111,0.657,171.7,0
2024-03-06,Email,Desktop,83,77,323,0.474,177.4,2
2024-03-06,Email,Mobile,99,76,242,0.335,141.7,2
2024-03-06,Email,Tablet,12,9,25,0.434,237.7,0
2024-03-06,Referral,Desktop,69,52,206,0.694,148.8,1
2024-03-06,Referral,Mobile,89,73,266,0.435,60.7,1
2024-03-06,Referral,Tablet,16,13,57,0.695,204.7,0
2024-03-07,Organic Search,Desktop,657,527,2939,0.353,134.4,13
2024-03-07,Organic Search,Mobile,992,745,3197,0.626,97.7,18
2024-03-07,Organic Search,Tablet,142,124,520,0.621,65.1,2
2024-03-07,Paid Search,Desktop,234,184,454,0.65,83.1,3
2024-03-07,Paid Search,Mobile,406,313,1614,0.46,148.7,5
2024-03-07,Paid Search,Tablet,66,56,201,0.496,193.7,0
2024-03-07,Social,Desktop,369,280,1490,0.643,148.6,9
2024-03-07,Social,Mobile,667,582,1737,0.596,126.8,12
2024-03-07,Social,Tablet,70,61,265,0.451,59.0,1
2024-03-07,Direct,Desktop,236,216,819,0.598,153.4,3
2024-03-07,Direct,Mobile,253,195,664,0.613,235.3,3
2024-03-07,Direct,Tablet,45,34,111,0.446,205.6,0
2024-03-07,Email,Desktop,120,113,451,0.376,193.3,1
2024-03-07,Email,Mobile,156,138,688,0.458,58.1,1
2024-03-07,Email,Tablet,12,10,24,0.471,148.6,0
2024-03-07,Referral,Desktop,78,71,189,0.305,109.7,1
2024-03-07,Referral,Mobile,80,64,307,0.409,150.7,1
2024-03-07,Referral,Tablet,17,14,59,0.385,235.5,0
2024-03-08,Organic Search,Desktop,644,586,2219,0.473,191.6,7
2024-03-08,Organic Search,Mobile,808,671,2160,0.43,83.9,16
2024-03-08,Organic Search,Tablet,130,113,355,0.306,70.3,2
2024-03-08,Paid Search,Desktop,256,199,501,0.424,120.0,2
2024-03-08,Paid Search,Mobile,401,309,1014,0.593,205.6,9
2024-03-08,Paid Search,Tablet,50,37,205,0.544,210.7,0
2024-03-08,Social,Desktop,247,186,911,0.628,99.0,5
2024-03-08,Social,Mobile,413,386,771,0.488,224.3,10
2024-03-08,Social,Tablet,65,58,181,0.422,209.2,1
2024-03-08,Direct,Desktop,234,186,853,0.59,73.0,4
2024-03-08,Direct,Mobile,226,212,852,0.561,88.1,6
2024-03-08,Direct,Tablet,42,38,167,0.692,62.4,0
2024-03-08,Email,Desktop,99,85,384,0.644,107.8,1
2024-03-08,Email,Mobile,145,115,645,0.395,147.2,1
2024-03-08,Email,Tablet,15,12,45,0.386,179.3,0
2024-03-08,Referral,Desktop,72,57,195,0.312,85.0,1
2024-03-08,Referral,Mobile,98,77,205,0.687,70.3,2
2024-03-08,Referral,Tablet,17,15,41,0.591,134.2,0
2024-03-09,Organic Search,Desktop,817,706,2587,0.655,153.5,20
2024-03-09,Organic Search,Mobile,1032,932,2898,0.512,86.7,13
2024-03-09,Organic Search,Tablet,162,129,666,0.449,173.8,3
2024-03-09,Paid Search,Desktop,309,258,846,0.331,79.7,8
2024-03-09,Paid Search,Mobile,361,300,1211,0.531,194.6,3
2024-03-09,Paid Search,Tablet,74,59,170,0.692,150.8,2
2024-03-09,Social,Desktop,337,308,1380,0.677,160.9,4
2024-03-09,Social,Mobile,533,461,2079,0.487,134.5,12
2024-03-09,Social,Tablet,78,61,246,0.368,134.0,0
2024-03-09,Direct,Desktop,328,310,840,0.337,48.5,7
2024-03-09,Direct,Mobile,312,290,1343,0.436,67.2,3
2024-03-09,Direct,Tablet,52,41,221,0.657,140.9,1
2024-03-09,Email,Desktop,120,107,461,0.333,167.7,1
2024-03-09,Email,Mobile,122,100,508,0.327,203.9,2
2024-03-09,Email,Tablet,21,16,65,0.397,194.4,0
2024-03-09,Referral,Desktop,95,89,179,0.325,107.9,2
2024-03-09,Referral,Mobile,85,65,222,0.574,215.7,1
2024-03-09,Referral,Tablet,15,11,46,0.53,203.7,0
2024-03-10,Organic Search,Desktop,616,488,1614,0.416,52.6,18
2024-03-10,Organic Search,Mobile,874,707,2468,0.303,55.2,19
2024-03-10,Organic Search,Tablet,197,180,870,0.318,156.2,3
2024-03-10,Paid Search,Desktop,269,243,919,0.329,126.3,6
2024-03-10,Paid Search,Mobile,381,308,1541,0.527,113.8,3
2024-03-10,Paid Search,Tablet,62,51,171,0.512,195.1,1
2024-03-10,Social,Desktop,413,330,1327,0.33,90.1,5
2024-03-10,Social,Mobile,573,442,1527,0.557,138.5,7
2024-03-10,Social,Tablet,88,82,261,0.696,189.0,1
2024-03-10,Direct,Desktop,285,246,1087,0.376,176.8,4
2024-03-10,Direct,Mobile,369,295,1054,0.499,191.2,6
2024-03-10,Direct,Tablet,57,52,147,0.63,96.1,0
2024-03-10,Email,Desktop,108,93,311,0.425,195.6,1
2024-03-10,Email,Mobile,173,161,522,0.654,93.1,2
2024-03-10,Email,Tablet,19,16,72,0.666,183.8,0
2024-03-10,Referral,Desktop,73,64,187,0.507,162.3,1
2024-03-10,Referral,Mobile,100,78,244,0.501,61.6,1
2024-03-10,Referral,Tablet,14,11,55,0.301,192.3,0
2024-03-11,Organic Search,Desktop,718,638,1681,0.595,76.7,12
2024-03-11,Organic Search,Mobile,907,733,2699,0.418,118.4,16
2024-03-11,Organic Search,Tablet,138,106,452,0.675,57.4,1
2024-03-11,Paid Search,Desktop,293,222,968,0.376,92.5,6
2024-03-11,Paid Search,Mobile,352,286,1236,0.493,96.4,4
2024-03-11,Paid Search,Tablet,52,45,221,0.589,182.7,1
2024-03-11,Social,Desktop,339,284,741,0.487,167.7,6
2024-03-11,Social,Mobile,526,435,1879,0.697,219.1,14
2024-03-11,Social,Tablet,67,52,136,0.416,94.6,0
2024-03-11,Direct,Desktop,224,205,496,0.574,119.8,1
2024-03-11,Direct,Mobile,313,269,1059,0.405,210.7,3
2024-03-11,Direct,Tablet,53,43,150,0.314,210.6,1
2024-03-11,Email,Desktop,89,72,326,0.658,229.0,1
2024-03-11,Email,Mobile,145,129,281,0.546,171.2,0
2024-03-11,Email,Tablet,18,15,44,0.566,196.9,0
2024-03-11,Referral,Desktop,78,67,167,0.468,235.4,1
2024-03-11,Referral,Mobile,93,79,274,0.571,156.0,2
2024-03-11,Referral,Tablet,17,16,61,0.393,239.0,0
2024-03-12,Organic Search,Desktop,842,797,1889,0.626,191.1,5
2024-03-12,Organic Search,Mobile,841,685,3035,0.658,187.1,11
2024-03-12,Organic Search,Tablet,134,108,417,0.325,142.8,1
2024-03-12,Paid Search,Desktop,317,271,725,0.537,200.4,5
2024-03-12,Paid Search,Mobile,303,271,743,0.551,211.2,6
2024-03-12,Paid Search,Tablet,54,50,154,0.431,88.1,0
2024-03-12,Social,Desktop,258,217,1028,0.466,196.0,5
2024-03-12,Social,Mobile,425,395,1288,0.685,75.6,11
2024-03-12,Social,Tablet,67,56,154,0.589,50.3,2
2024-03-12,Direct,Desktop,249,195,820,0.654,166.9,2
2024-03-12,Direct,Mobile,315,251,801,0.515,72.0,7
2024-03-12,Direct,Tablet,46,35,104,0.44,185.4,0
2024-03-12,Email,Desktop,87,80,234,0.404,200.8,0
2024-03-12,Email,Mobile,164,146,553,0.506,225.1,4
2024-03-12,Email,Tablet,17,15,64,0.435,50.9,0
2024-03-12,Referral,Desktop,85,78,240,0.649,132.0,1
2024-03-12,Referral,Mobile,71,67,215,0.337,228.4,1
2024-03-12,Referral,Tablet,12,11,25,0.613,200.0,0
2024-03-13,Organic Search,Desktop,699,606,2082,0.499,215.6,13
2024-03-13,Organic Search,Mobile,711,554,2471,0.613,210.0,12
2024-03-13,Organic Search,Tablet,117,94,386,0.311,150.7,1
2024-03-13,Paid Search,Desktop,336,283,689,0.64,83.9,8
2024-03-13,Paid Search,Mobile,319,293,1342,0.468,105.5,7
2024-03-13,Paid Search,Tablet,53,44,172,0.588,181.8,0
2024-03-13,Social,Desktop,275,220,654,0.372,208.3,1
2024-03-13,Social,Mobile,439,415,1368,0.497,188.6,4
2024-03-13,Social,Tablet,58,47,116,0.64,73.9,0
2024-03-13,Direct,Desktop,283,231,1224,0.342,139.6,8
2024-03-13,Direct,Mobile,329,270,666,0.42,209.0,3
2024-03-13,Direct,Tablet,47,36,107,0.559,151.2,0
2024-03-13,Email,Desktop,94,77,313,0.582,166.6,2
2024-03-13,Email,Mobile,118,93,325,0.461,69.2,2
2024-03-13,Email,Tablet,22,20,49,0.478,145.1,0
2024-03-13,Referral,Desktop,95,75,264,0.643,239.7,0
2024-03-13,Referral,Mobile,115,99,311,0.442,104.1,1
2024-03-13,Referral,Tablet,12,9,41,0.577,123.0,0
2024-03-14,Organic Search,Desktop,815,639,1859,0.518,186.2,13
2024-03-14,Organic Search,Mobile,1038,855,3941,0.43,46.1,20
2024-03-14,Organic Search,Tablet,136,108,542,0.578,197.6,0
2024-03-14,Paid Search,Desktop,296,240,799,0.373,106.9,7
2024-03-14,Paid Search,Mobile,335,295,1448,0.512,74.6,1
2024-03-14,Paid Search,Tablet,52,47,181,0.352,185.4,0
2024-03-14,Social,Desktop,350,293,1304,0.635,147.4,10
2024-03-14,Social,Mobile,440,375,1524,0.407,101.2,8
2024-03-14,Social,Tablet,68,51,304,0.308,162.0,1
2024-03-14,Direct,Desktop,204,182,628,0.397,72.4,2
2024-03-14,Direct,Mobile,309,262,1346,0.593,114.8,5
2024-03-14,Direct,Tablet,49,45,90,0.522,217.8,0
2024-03-14,Email,Desktop,117,105,433,0.373,201.5,0
2024-03-14,Email,Mobile,99,78,279,0.445,175.6,0
2024-03-14,Email,Tablet,21,16,85,0.401,90.0,0
2024-03-14,Referral,Desktop,85,66,243,0.528,194.0,1
2024-03-14,Referral,Mobile,111,95,386,0.541,95.8,1
2024-03-14,Referral,Tablet,18,16,79,0.585,122.4,0
2024-03-15,Organic Search,Desktop,844,764,1622,0.65,233.9,6
2024-03-15,Organic Search,Mobile,695,609,1604,0.532,58.7,11
2024-03-15,Organic Search,Tablet,185,164,579,0.372,226.8,3
2024-03-15,Paid Search,Desktop,217,197,559,0.503,144.4,5
2024-03-15,Paid Search,Mobile,504,401,1450,0.681,102.3,4
2024-03-15,Paid Search,Tablet,52,46,221,0.628,187.7,0
2024-03-15,Social,Desktop,406,362,839,0.554,87.2,9
2024-03-15,Social,Mobile,494,371,2174,0.667,57.0,6
2024-03-15,Social,Tablet,79,67,180,0.661,235.9,1
2024-03-15,Direct,Desktop,193,180,507,0.443,177.3,2
2024-03-15,Direct,Mobile,340,294,1195,0.544,178.0,7
2024-03-15,Direct,Tablet,46,35,129,0.657,203.0,0
2024-03-15,Email,Desktop,107,94,426,0.64,192.3,1
2024-03-15,Email,Mobile,145,114,605,0.602,196.0,3
2024-03-15,Email,Tablet,15,11,44,0.636,161.6,0
2024-03-15,Referral,Desktop,65,59,267,0.335,177.4,0
2024-03-15,Referral,Mobile,109,98,392,0.599,237.9,1
2024-03-15,Referral,Tablet,19,14,34,0.398,163.2,0
2024-03-16,Organic Search,Desktop,1033,799,3568,0.393,206.4,21
2024-03-16,Organic Search,Mobile,1213,1152,5201,0.616,179.7,24
2024-03-16,Organic Search,Tablet,181,152,449,0.43,101.6,5
2024-03-16,Paid Search,Desktop,308,271,1188,0.458,158.0,7
2024-03-16,Paid Search,Mobile,416,349,1753,0.447,141.7,8
2024-03-16,Paid Search,Tablet,46,34,196,0.506,64.3,1
2024-03-16,Social,Desktop,435,346,1220,0.528,159.4,8
2024-03-16,Social,Mobile,420,334,1538,0.669,55.7,3
2024-03-16,Social,Tablet,76,66,288,0.425,228.8,1
2024-03-16,Direct,Desktop,244,223,557,0.373,65.2,6
2024-03-16,Direct,Mobile,377,343,738,0.47,187.2,10
2024-03-16,Direct,Tablet,55,42,168,0.482,118.5,0
2024-03-16,Email,Desktop,108,96,220,0.354,237.4,3
2024-03-16,Email,Mobile,156,122,431,0.535,236.9,2
2024-03-16,Email,Tablet,19,17,39,0.694,220.1,0
2024-03-16,Referral,Desktop,76,68,292,0.378,90.2,0
2024-03-16,Referral,Mobile,102,89,432,0.58,63.2,2
2024-03-16,Referral,Tablet,18,16,40,0.355,113.9,0
2024-03-17,Organic Search,Desktop,779,736,2607,0.628,61.9,5
2024-03-17,Organic Search,Mobile,915,778,1723,0.669,62.9,25
2024-03-17,Organic Search,Tablet,157,130,353,0.542,169.7,3
2024-03-17,Paid Search,Desktop,309,267,1181,0.673,231.6,2
2024-03-17,Paid Search,Mobile,314,285,650,0.438,136.6,7
2024-03-17,Paid Search,Tablet,66,57,149,0.36,115.5,0
2024-03-17,Social,Desktop,363,326,1170,0.672,172.4,5
2024-03-17,Social,Mobile,485,443,1070,0.497,225.7,6
2024-03-17,Social,Tablet,72,57,198,0.33,191.7,0
2024-03-17,Direct,Desktop,209,183,713,0.554,184.1,4
2024-03-17,Direct,Mobile,302,284,1342,0.457,185.9,3
2024-03-17,Direct,Tablet,49,42,192,0.46,199.7,1
2024-03-17,Email,Desktop,95,83,388,0.405,183.6,1
2024-03-17,Email,Mobile,159,125,709,0.352,179.0,0
2024-03-17,Email,Tablet,16,13,68,0.398,130.7,0
2024-03-17,Referral,Desktop,88,68,182,0.65,150.2,1
2024-03-17,Referral,Mobile,113,89,468,0.658,139.2,1
2024-03-17,Referral,Tablet,14,12,43,0.304,98.7,0
2024-03-18,Organic Search,Desktop,696,628,2388,0.503,81.3,11
2024-03-18,Organic Search,Mobile,952,715,3060,0.614,88.5,24
2024-03-18,Organic Search,Tablet,147,131,607,0.564,168.5,3
2024-03-18,Paid Search,Desktop,332,262,1345,0.613,111.4,6
2024-03-18,Paid Search,Mobile,375,327,775,0.653,150.5,5
2024-03-18,Paid Search,Tablet,49,40,134,0.446,179.8,1
2024-03-18,Social,Desktop,300,240,900,0.567,159.3,6
2024-03-18,Social,Mobile,561,507,1662,0.563,237.6,15
2024-03-18,Social,Tablet,61,51,161,0.404,191.1,1
2024-03-18,Direct,Desktop,209,165,782,0.601,201.5,2
2024-03-18,Direct,Mobile,256,222,941,0.407,134.1,1
2024-03-18,Direct,Tablet,44,37,123,0.676,225.8,1
2024-03-18,Email,Desktop,72,62,319,0.452,219.0,2
2024-03-18,Email,Mobile,132,106,307,0.595,128.2,0
2024-03-18,Email,Tablet,16,12,43,0.372,166.1,0
2024-03-18,Referral,Desktop,54,44,99,0.541,196.2,1
2024-03-18,Referral,Mobile,108,100,281,0.456,195.6,2
2024-03-18,Referral,Tablet,13,12,32,0.538,196.7,0
2024-03-19,Organic Search,Desktop,832,658,3582,0.416,100.4,5
2024-03-19,Organic Search,Mobile,799,606,2147,0.623,150.6,21
2024-03-19,Organic Search,Tablet,109,103,387,0.619,144.4,1
2024-03-19,Paid Search,Desktop,259,199,800,0.639,225.7,7
2024-03-19,Paid Search,Mobile,337,277,900,0.491,146.1,7
2024-03-19,Paid Search,Tablet,64,54,244,0.387,150.6,1
2024-03-19,Social,Desktop,372,287,1030,0.304,116.4,3
2024-03-19,Social,Mobile,508,480,995,0.481,179.4,4
2024-03-19,Social,Tablet,62,53,118,0.348,184.9,1
2024-03-19,Direct,Desktop,193,161,407,0.358,229.8,4
2024-03-19,Direct,Mobile,338,316,890,0.633,231.1,6
2024-03-19,Direct,Tablet,53,42,99,0.316,106.0,0
2024-03-19,Email,Desktop,84,69,220,0.437,180.2,1
2024-03-19,Email,Mobile,157,140,532,0.38,239.1,1
2024-03-19,Email,Tablet,16,15,59,0.302,154.9,0
2024-03-19,Referral,Desktop,48,44,93,0.555,232.6,0
2024-03-19,Referral,Mobile,92,71,385,0.424,169.0,0
2024-03-19,Referral,Tablet,10,8,21,0.591,200.6,0
2024-03-20,Organic Search,Desktop,903,789,3778,0.336,138.0,20
2024-03-20,Organic Search,Mobile,1011,869,3484,0.471,102.9,14
2024-03-20,Organic Search,Tablet,157,146,616,0.412,233.4,3
2024-03-20,Paid Search,Desktop,259,223,660,0.391,69.8,1
2024-03-20,Paid Search,Mobile,393,308,1223,0.636,187.8,2
2024-03-20,Paid Search,Tablet,58,53,124,0.694,205.0,0
2024-03-20,Social,Desktop,342,312,1508,0.69,239.8,2
2024-03-20,Social,Mobile,427,367,1323,0.471,205.5,2
2024-03-20,Social,Tablet,72,64,199,0.455,96.1,1
2024-03-20,Direct,Desktop,253,192,531,0.46,103.6,2
2024-03-20,Direct,Mobile,289,230,738,0.549,194.1,3
2024-03-20,Direct,Tablet,47,42,199,0.557,67.3,0
2024-03-20,Email,Desktop,77,66,337,0.385,200.4,1
2024-03-20,Email,Mobile,106,92,443,0.498,104.8,0
2024-03-20,Email,Tablet,14,11,61,0.586,65.6,0
2024-03-20,Referral,Desktop,71,64,246,0.513,183.1,0
2024-03-20,Referral,Mobile,100,76,220,0.527,148.2,1
2024-03-20,Referral,Tablet,13,11,33,0.369,94.5,0
2024-03-21,Organic Search,Desktop,786,739,1925,0.329,111.7,5
2024-03-21,Organic Search,Mobile,490,405,1369,0.541,67.1,10
2024-03-21,Organic Search,Tablet,99,81,228,0.378,175.8,1
2024-03-21,Paid Search,Desktop,361,274,1580,0.615,106.5,10
2024-03-21,Paid Search,Mobile,413,343,1844,0.566,116.6,10
2024-03-21,Paid Search,Tablet,57,49,169,0.571,192.9,0
2024-03-21,Social,Desktop,371,325,1065,0.344,235.2,7
2024-03-21,Social,Mobile,454,344,854,0.624,110.2,4
2024-03-21,Social,Tablet,46,41,182,0.602,108.5,0
2024-03-21,Direct,Desktop,186,150,588,0.651,161.6,1
2024-03-21,Direct,Mobile,308,265,1195,0.596,192.6,5
2024-03-21,Direct,Tablet,50,42,217,0.42,85.4,1
2024-03-21,Email,Desktop,92,83,365,0.67,164.2,2
2024-03-21,Email,Mobile,168,135,311,0.442,96.4,3
2024-03-21,Email,Tablet,21,15,83,0.667,52.2,0
2024-03-21,Referral,Desktop,71,56,196,0.334,110.6,0
2024-03-21,Referral,Mobile,115,93,387,0.373,71.0,2
2024-03-21,Referral,Tablet,16,12,29,0.581,137.9,0
2024-03-22,Organic Search,Desktop,640,603,1672,0.645,114.7,9
2024-03-22,Organic Search,Mobile,1034,843,3620,0.376,117.1,26
2024-03-22,Organic Search,Tablet,138,114,270,0.451,223.5,1
2024-03-22,Paid Search,Desktop,206,171,519,0.451,112.9,4
2024-03-22,Paid Search,Mobile,382,317,1326,0.519,186.1,10
2024-03-22,Paid Search,Tablet,54,40,153,0.366,127.2,0
2024-03-22,Social,Desktop,366,328,788,0.3,120.4,4
2024-03-22,Social,Mobile,333,292,1277,0.35,236.8,6
2024-03-22,Social,Tablet,81,66,362,0.662,181.9,1
2024-03-22,Direct,Desktop,288,243,1145,0.311,63.9,6
2024-03-22,Direct,Mobile,278,226,1073,0.445,65.5,5
2024-03-22,Direct,Tablet,46,39,95,0.593,188.1,0
2024-03-22,Email,Desktop,109,86,359,0.333,158.0,0
2024-03-22,Email,Mobile,155,121,560,0.613,72.0,1
2024-03-22,Email,Tablet,21,19,60,0.31,206.5,0
2024-03-22,Referral,Desktop,70,57,198,0.427,239.3,1
2024-03-22,Referral,Mobile,85,74,283,0.301,206.0,1
2024-03-22,Referral,Tablet,10,8,35,0.418,130.7,0
2024-03-23,Organic Search,Desktop,618,578,2072,0.694,198.2,18
2024-03-23,Organic Search,Mobile,1136,988,2709,0.563,57.9,24
2024-03-23,Organic Search,Tablet,134,114,273,0.519,197.8,3
2024-03-23,Paid Search,Desktop,327,260,1271,0.682,153.2,4
2024-03-23,Paid Search,Mobile,383,337,1374,0.358,149.9,6
2024-03-23,Paid Search,Tablet,70,53,146,0.439,139.7,1
2024-03-23,Social,Desktop,256,198,600,0.476,131.7,3
2024-03-23,Social,Mobile,457,390,1462,0.579,132.8,9
2024-03-23,Social,Tablet,57,48,119,0.45,167.3,0
2024-03-23,Direct,Desktop,275,221,899,0.313,81.0,1
2024-03-23,Direct,Mobile,305,268,913,0.581,110.4,6
2024-03-23,Direct,Tablet,49,45,165,0.427,67.2,0
2024-03-23,Email,Desktop,113,94,406,0.518,178.4,3
2024-03-23,Email,Mobile,170,155,682,0.393,69.9,4
2024-03-23,Email,Tablet,20,16,89,0.495,193.6,0
2024-03-23,Referral,Desktop,86,69,219,0.454,147.3,0
2024-03-23,Referral,Mobile,110,85,229,0.446,199.2,2
2024-03-23,Referral,Tablet,13,12,33,0.418,193.1,0
2024-03-24,Organic Search,Desktop,709,597,2890,0.397,205.7,10
2024-03-24,Organic Search,Mobile,1086,822,4140,0.687,57.2,9
2024-03-24,Organic Search,Tablet,153,137,461,0.488,107.9,2
2024-03-24,Paid Search,Desktop,261,200,1088,0.485,154.0,1
2024-03-24,Paid Search,Mobile,297,235,782,0.393,222.5,3
2024-03-24,Paid Search,Tablet,57,44,175,0.333,137.0,0
2024-03-24,Social,Desktop,327,249,715,0.589,65.8,6
2024-03-24,Social,Mobile,647,524,2298,0.542,199.7,5
2024-03-24,Social,Tablet,57,46,222,0.463,107.8,0
2024-03-24,Direct,Desktop,193,145,396,0.64,224.8,1
2024-03-24,Direct,Mobile,342,303,972,0.424,146.4,3
2024-03-24,Direct,Tablet,46,36,152,0.528,190.2,1
2024-03-24,Email,Desktop,116,89,219,0.407,101.8,2
2024-03-24,Email,Mobile,166,133,513,0.446,105.5,1
2024-03-24,Email,Tablet,23,21,86,0.343,188.2,0
2024-03-24,Referral,Desktop,85,70,277,0.643,225.6,1
2024-03-24,Referral,Mobile,144,117,456,0.425,150.5,4
2024-03-24,Referral,Tablet,14,10,37,0.4,139.5,0
2024-03-25,Organic Search,Desktop,637,536,2561,0.515,140.8,15
2024-03-25,Organic Search,Mobile,898,748,2974,0.608,86.1,5
2024-03-25,Organic Search,Tablet,175,136,549,0.435,218.9,1
2024-03-25,Paid Search,Desktop,281,221,753,0.689,200.9,5
2024-03-25,Paid Search,Mobile,457,411,1814,0.372,196.9,12
2024-03-25,Paid Search,Tablet,53,45,191,0.533,86.8,0
2024-03-25,Social,Desktop,255,234,869,0.656,104.2,1
2024-03-25,Social,Mobile,412,322,1727,0.511,81.4,12
2024-03-25,Social,Tablet,44,39,171,0.359,82.9,0
2024-03-25,Direct,Desktop,224,196,958,0.553,106.3,5
2024-03-25,Direct,Mobile,229,209,436,0.356,206.6,6
2024-03-25,Direct,Tablet,39,29,71,0.397,149.6,0
2024-03-25,Email,Desktop,99,80,410,0.365,65.5,2
2024-03-25,Email,Mobile,161,132,348,0.428,60.4,1
2024-03-25,Email,Tablet,15,13,34,0.413,76.2,0
2024-03-25,Referral,Desktop,73,61,158,0.539,132.9,0
2024-03-25,Referral,Mobile,122,104,539,0.371,69.5,2
2024-03-25,Referral,Tablet,11,9,42,0.317,194.2,0
2024-03-26,Organic Search,Desktop,544,434,1568,0.46,201.0,5
2024-03-26,Organic Search,Mobile,831,689,2770,0.396,196.3,7
2024-03-26,Organic Search,Tablet,148,116,514,0.306,126.7,1
2024-03-26,Paid Search,Desktop,227,202,611,0.356,71.4,4
2024-03-26,Paid Search,Mobile,440,344,811,0.673,202.3,9
2024-03-26,Paid Search,Tablet,68,51,184,0.615,185.4,1
2024-03-26,Social,Desktop,311,261,1323,0.39,169.9,3
2024-03-26,Social,Mobile,442,354,902,0.302,83.1,12
2024-03-26,Social,Tablet,65,59,238,0.568,211.4,1
2024-03-26,Direct,Desktop,220,200,760,0.409,93.5,4
2024-03-26,Direct,Mobile,244,224,1095,0.382,91.5,1
2024-03-26,Direct,Tablet,46,41,177,0.473,140.7,0
2024-03-26,Email,Desktop,84,72,266,0.562,233.1,1
2024-03-26,Email,Mobile,133,119,431,0.334,136.2,1
2024-03-26,Email,Tablet,20,15,57,0.329,64.2,0
2024-03-26,Referral,Desktop,68,57,229,0.556,192.1,1
2024-03-26,Referral,Mobile,87,79,171,0.306,145.1,2
2024-03-26,Referral,Tablet,15,11,55,0.389,98.9,0
2024-03-27,Organic Search,Desktop,593,489,2043,0.559,156.8,4
2024-03-27,Organic Search,Mobile,895,710,1943,0.33,215.7,5
2024-03-27,Organic Search,Tablet,162,127,688,0.498,233.1,1
2024-03-27,Paid Search,Desktop,270,254,798,0.51,85.7,2
2024-03-27,Paid Search,Mobile,255,193,478,0.491,125.0,4
2024-03-27,Paid Search,Tablet,55,45,154,0.524,93.0,1
2024-03-27,Social,Desktop,353,332,1572,0.388,182.9,3
2024-03-27,Social,Mobile,472,425,1183,0.655,216.7,10
2024-03-27,Social,Tablet,72,58,322,0.656,129.4,1
2024-03-27,Direct,Desktop,247,202,779,0.382,161.3,3
2024-03-27,Direct,Mobile,321,250,1207,0.304,57.0,6
2024-03-27,Direct,Tablet,46,42,132,0.541,87.6,0
2024-03-27,Email,Desktop,84,64,276,0.619,53.7,0
2024-03-27,Email,Mobile,150,138,278,0.388,56.3,2
2024-03-27,Email,Tablet,21,17,86,0.422,226.6,0
2024-03-27,Referral,Desktop,69,64,168,0.633,73.3,1
2024-03-27,Referral,Mobile,99,74,324,0.354,161.8,1
2024-03-27,Referral,Tablet,17,12,43,0.659,198.1,0
2024-03-28,Organic Search,Desktop,705,582,1792,0.51,82.5,12
2024-03-28,Organic Search,Mobile,515,408,2193,0.629,155.1,8
2024-03-28,Organic Search,Tablet,118,99,266,0.456,58.6,2
2024-03-28,Paid Search,Desktop,313,278,636,0.413,102.5,4
2024-03-28,Paid Search,Mobile,322,256,1100,0.636,119.5,5
2024-03-28,Paid Search,Tablet,51,44,178,0.651,179.9,0
2024-03-28,Social,Desktop,350,284,1555,0.417,233.5,10
2024-03-28,Social,Mobile,483,412,1838,0.358,95.9,11
2024-03-28,Social,Tablet,58,48,140,0.683,235.1,1
2024-03-28,Direct,Desktop,229,216,701,0.657,184.1,2
2024-03-28,Direct,Mobile,286,231,844,0.319,65.6,4
2024-03-28,Direct,Tablet,40,37,83,0.46,181.3,0
2024-03-28,Email,Desktop,114,101,208,0.505,233.8,2
2024-03-28,Email,Mobile,121,106,474,0.498,83.5,1
2024-03-28,Email,Tablet,17,14,30,0.658,194.5,0
2024-03-28,Referral,Desktop,74,57,138,0.383,227.0,1
2024-03-28,Referral,Mobile,100,83,316,0.656,63.7,1
2024-03-28,Referral,Tablet,15,12,48,0.351,170.1,0
2024-03-29,Organic Search,Desktop,973,865,1798,0.455,79.1,20
2024-03-29,Organic Search,Mobile,1045,844,4187,0.307,220.3,24
2024-03-29,Organic Search,Tablet,143,112,331,0.576,219.8,2
2024-03-29,Paid Search,Desktop,224,179,910,0.373,186.3,4
2024-03-29,Paid Search,Mobile,285,258,913,0.64,160.7,2
2024-03-29,Paid Search,Tablet,62,47,133,0.364,148.5,1
2024-03-29,Social,Desktop,323,291,930,0.578,91.4,2
2024-03-29,Social,Mobile,357,293,1286,0.425,169.6,2
2024-03-29,Social,Tablet,63,58,123,0.314,76.6,1
2024-03-29,Direct,Desktop,265,232,498,0.679,153.3,2
2024-03-29,Direct,Mobile,325,304,1438,0.332,103.9,7
2024-03-29,Direct,Tablet,38,33,137,0.661,66.9,0
2024-03-29,Email,Desktop,92,74,386,0.525,129.5,2
2024-03-29,Email,Mobile,122,95,468,0.691,144.5,3
2024-03-29,Email,Tablet,13,11,42,0.434,82.9,0
2024-03-29,Referral,Desktop,84,75,328,0.307,111.4,2
2024-03-29,Referral,Mobile,102,94,232,0.681,114.2,0
2024-03-29,Referral,Tablet,15,12,37,0.44,116.2,0
2024-03-30,Organic Search,Desktop,781,658,3268,0.307,104.3,13
2024-03-30,Organic Search,Mobile,952,819,3586,0.404,98.5,8
2024-03-30,Organic Search,Tablet,155,146,696,0.383,136.6,3
2024-03-30,Paid Search,Desktop,275,229,749,0.559,228.3,4
2024-03-30,Paid Search,Mobile,351,278,1025,0.616,237.3,3
2024-03-30,Paid Search,Tablet,58,47,140,0.565,92.6,1
2024-03-30,Social,Desktop,393,361,1051,0.494,207.0,8
2024-03-30,Social,Mobile,620,467,2377,0.537,186.9,18
2024-03-30,Social,Tablet,80,67,337,0.523,79.2,1
2024-03-30,Direct,Desktop,210,180,399,0.588,213.9,5
2024-03-30,Direct,Mobile,312,258,1149,0.416,183.8,1
2024-03-30,Direct,Tablet,58,54,151,0.597,149.9,1
2024-03-30,Email,Desktop,112,104,215,0.406,160.7,1
2024-03-30,Email,Mobile,132,104,345,0.672,128.3,3
2024-03-30,Email,Tablet,16,13,56,0.425,114.0,0
2024-03-30,Referral,Desktop,81,72,170,0.356,81.9,2
2024-03-30,Referral,Mobile,103,87,319,0.58,211.3,1
2024-03-30,Referral,Tablet,13,11,54,0.601,47.0,0
2024-03-31,Organic Search,Desktop,704,553,2401,0.47,91.2,8
2024-03-31,Organic Search,Mobile,1112,915,2166,0.371,57.8,17
2024-03-31,Organic Search,Tablet,145,135,345,0.461,156.7,1
2024-03-31,Paid Search,Desktop,250,203,909,0.625,168.1,5
2024-03-31,Paid Search,Mobile,410,310,1290,0.637,196.4,4
2024-03-31,Paid Search,Tablet,61,57,195,0.607,85.6,1
2024-03-31,Social,Desktop,479,362,2007,0.559,234.6,3
2024-03-31,Social,Mobile,421,350,1473,0.615,69.7,9
2024-03-31,Social,Tablet,61,48,201,0.54,74.8,0
2024-03-31,Direct,Desktop,197,183,390,0.674,138.4,2
2024-03-31,Direct,Mobile,312,252,965,0.413,120.2,8
2024-03-31,Direct,Tablet,37,29,111,0.397,121.0,0
2024-03-31,Email,Desktop,114,93,437,0.445,160.9,1
2024-03-31,Email,Mobile,137,112,567,0.532,136.7,3
2024-03-31,Email,Tablet,16,12,49,0.63,68.4,0
2024-03-31,Referral,Desktop,78,67,213,0.684,213.6,2
2024-03-31,Referral,Mobile,118,105,260,0.384,108.6,3
2024-03-31,Referral,Tablet,12,10,44,0.468,146.3,0
2024-04-01,Organic Search,Desktop,449,341,1354,0.457,129.6,9
2024-04-01,Organic Search,Mobile,932,811,1703,0.427,154.6,11
2024-04-01,Organic Search,Tablet,125,104,318,0.654,57.9,1
2024-04-01,Paid Search,Desktop,214,162,619,0.496,77.2,3
2024-04-01,Paid Search,Mobile,460,367,1699,0.307,91.6,9
2024-04-01,Paid Search,Tablet,61,55,163,0.354,201.2,1
2024-04-01,Social,Desktop,267,216,594,0.405,88.7,2
2024-04-01,Social,Mobile,437,366,1931,0.304,173.6,2
2024-04-01,Social,Tablet,56,50,202,0.68,90.9,1
2024-04-01,Direct,Desktop,174,133,748,0.376,53.2,1
2024-04-01,Direct,Mobile,266,222,1124,0.686,193.7,1
2024-04-01,Direct,Tablet,45,41,156,0.381,217.7,1
2024-04-01,Email,Desktop,92,69,240,0.666,55.6,1
2024-04-01,Email,Mobile,132,109,332,0.34,165.3,1
2024-04-01,Email,Tablet,11,9,32,0.469,183.7,0
2024-04-01,Referral,Desktop,63,57,195,0.383,62.1,0
2024-04-01,Referral,Mobile,57,44,226,0.341,219.1,1
2024-04-01,Referral,Tablet,12,9,40,0.428,167.2,0
2024-04-02,Organic Search,Desktop,782,665,1819,0.619,156.4,9
2024-04-02,Organic Search,Mobile,873,788,3210,0.652,120.5,22
2024-04-02,Organic Search,Tablet,127,99,285,0.496,146.8,1
2024-04-02,Paid Search,Desktop,250,222,677,0.312,187.8,4
2024-04-02,Paid Search,Mobile,404,373,1234,0.656,224.1,3
2024-04-02,Paid Search,Tablet,46,42,84,0.432,146.6,0
2024-04-02,Social,Desktop,371,341,1306,0.553,59.2,1
2024-04-02,Social,Mobile,371,283,1007,0.544,117.3,7
2024-04-02,Social,Tablet,46,43,142,0.527,194.2,1
2024-04-02,Direct,Desktop,272,240,945,0.648,195.2,7
2024-04-02,Direct,Mobile,323,246,1329,0.631,46.5,6
2024-04-02,Direct,Tablet,51,42,189,0.582,164.7,1
2024-04-02,Email,Desktop,98,83,280,0.365,105.9,2
2024-04-02,Email,Mobile,94,75,229,0.339,149.4,1
2024-04-02,Email,Tablet,15,14,29,0.518,76.0,0
2024-04-02,Referral,Desktop,87,70,195,0.343,226.5,0
2024-04-02,Referral,Mobile,77,65,193,0.551,131.9,0
2024-04-02,Referral,Tablet,8,6,31,0.546,98.4,0
2024-04-03,Organic Search,Desktop,662,505,2731,0.449,217.8,11
2024-04-03,Organic Search,Mobile,720,600,2938,0.376,101.9,8
2024-04-03,Organic Search,Tablet,125,103,502,0.395,169.6,3
2024-04-03,Paid Search,Desktop,244,193,827,0.635,212.0,3
2024-04-03,Paid Search,Mobile,430,363,1709,0.643,215.4,8
2024-04-03,Paid Search,Tablet,47,43,187,0.355,66.8,0
2024-04-03,Social,Desktop,339,276,1297,0.393,69.3,9
2024-04-03,Social,Mobile,422,345,1298,0.551,98.8,11
2024-04-03,Social,Tablet,55,44,158,0.434,95.2,0
2024-04-03,Direct,Desktop,218,173,656,0.388,201.7,2
2024-04-03,Direct,Mobile,265,204,1085,0.598,80.4,6
2024-04-03,Direct,Tablet,30,25,99,0.606,66.1,0
2024-04-03,Email,Desktop,96,88,378,0.666,199.6,2
2024-04-03,Email,Mobile,63,53,123,0.633,224.6,0
2024-04-03,Email,Tablet,19,15,48,0.487,92.1,0
2024-04-03,Referral,Desktop,59,49,130,0.647,106.4,1
2024-04-03,Referral,Mobile,103,94,189,0.416,82.0,2
2024-04-03,Referral,Tablet,13,10,42,0.363,215.4,0
2024-04-04,Organic Search,Desktop,589,476,2211,0.594,162.7,9
2024-04-04,Organic Search,Mobile,781,726,2318,0.358,155.6,7
2024-04-04,Organic Search,Tablet,67,61,126,0.51,135.0,1
2024-04-04,Paid Search,Desktop,281,232,712,0.493,199.2,5
2024-04-04,Paid Search,Mobile,283,242,670,0.625,88.1,5
2024-04-04,Paid Search,Tablet,53,42,195,0.534,239.8,1
2024-04-04,Social,Desktop,299,234,682,0.394,195.0,3
2024-04-04,Social,Mobile,454,358,1421,0.579,48.9,9
2024-04-04,Social,Tablet,67,51,240,0.529,158.1,1
2024-04-04,Direct,Desktop,238,226,941,0.568,206.6,3
2024-04-04,Direct,Mobile,353,269,1281,0.672,73.5,1
2024-04-04,Direct,Tablet,31,28,101,0.665,237.9,0
2024-04-04,Email,Desktop,74,60,316,0.557,72.3,1
2024-04-04,Email,Mobile,91,70,354,0.422,170.2,0
2024-04-04,Email,Tablet,20,15,36,0.457,136.8,0
2024-04-04,Referral,Desktop,79,72,150,0.385,228.3,1
2024-04-04,Referral,Mobile,97,90,359,0.648,150.3,1
2024-04-04,Referral,Tablet,13,10,37,0.387,126.7,0
2024-04-05,Organic Search,Desktop,598,499,2073,0.378,118.6,8
2024-04-05,Organic Search,Mobile,965,824,4062,0.646,189.0,20
2024-04-05,Organic Search,Tablet,107,86,199,0.529,147.2,2
2024-04-05,Paid Search,Desktop,268,211,685,0.399,105.0,3
2024-04-05,Paid Search,Mobile,361,329,945,0.501,172.7,8
2024-04-05,Paid Search,Tablet,42,34,182,0.356,213.7,0
2024-04-05,Social,Desktop,263,241,750,0.685,234.8,3
2024-04-05,Social,Mobile,517,447,1701,0.579,134.7,7
2024-04-05,Social,Tablet,56,48,133,0.542,201.6,1
2024-04-05,Direct,Desktop,219,196,949,0.307,229.6,5
2024-04-05,Direct,Mobile,255,208,935,0.36,136.5,5
2024-04-05,Direct,Tablet,23,19,50,0.348,184.0,0
2024-04-05,Email,Desktop,94,85,234,0.32,229.4,1
2024-04-05,Email,Mobile,68,60,304,0.448,53.8,0
2024-04-05,Email,Tablet,14,12,54,0.617,158.9,0
2024-04-05,Referral,Desktop,43,33,166,0.322,130.4,0
2024-04-05,Referral,Mobile,92,71,222,0.584,125.3,1
2024-04-05,Referral,Tablet,14,12,60,0.487,215.1,0
2024-04-06,Organic Search,Desktop,713,633,3058,0.322,159.5,9
2024-04-06,Organic Search,Mobile,952,781,2849,0.468,107.9,27
2024-04-06,Organic Search,Tablet,160,139,645,0.577,52.7,1
2024-04-06,Paid Search,Desktop,240,206,1004,0.31,158.5,5
2024-04-06,Paid Search,Mobile,336,283,765,0.622,234.8,7
2024-04-06,Paid Search,Tablet,64,50,208,0.492,148.6,1
2024-04-06,Social,Desktop,342,277,1457,0.636,140.5,5
2024-04-06,Social,Mobile,510,427,1008,0.48,178.9,8
2024-04-06,Social,Tablet,78,73,286,0.621,112.4,1
2024-04-06,Direct,Desktop,188,173,770,0.466,228.3,1
2024-04-06,Direct,Mobile,258,198,827,0.513,54.8,3
2024-04-06,Direct,Tablet,42,38,116,0.465,191.5,0
2024-04-06,Email,Desktop,72,62,179,0.357,188.4,0
2024-04-06,Email,Mobile,132,109,273,0.372,93.3,1
2024-04-06,Email,Tablet,17,14,70,0.34,83.8,0
2024-04-06,Referral,Desktop,53,42,97,0.389,85.4,0
2024-04-06,Referral,Mobile,96,82,356,0.422,106.7,0
2024-04-06,Referral,Tablet,15,11,42,0.45,57.2,0
2024-04-07,Organic Search,Desktop,748,701,2573,0.421,77.8,20
2024-04-07,Organic Search,Mobile,873,783,3439,0.699,106.7,13
2024-04-07,Organic Search,Tablet,162,122,585,0.418,199.0,3
2024-04-07,Paid Search,Desktop,272,221,1109,0.331,65.6,2
2024-04-07,Paid Search,Mobile,343,274,1418,0.485,128.6,4
2024-04-07,Paid Search,Tablet,67,55,263,0.497,191.0,0
2024-04-07,Social,Desktop,371,350,822,0.608,185.3,3
2024-04-07,Social,Mobile,504,424,1854,0.481,239.9,14
2024-04-07,Social,Tablet,71,58,189,0.323,130.6,1
2024-04-07,Direct,Desktop,229,208,420,0.581,102.3,2
2024-04-07,Direct,Mobile,287,231,708,0.312,197.0,4
2024-04-07,Direct,Tablet,44,36,81,0.505,45.2,0
2024-04-07,Email,Desktop,118,101,286,0.314,179.8,2
2024-04-07,Email,Mobile,106,97,437,0.508,57.0,0
2024-04-07,Email,Tablet,20,18,88,0.564,163.2,0
2024-04-07,Referral,Desktop,70,57,182,0.318,155.1,1
2024-04-07,Referral,Mobile,114,91,401,0.589,195.3,2
2024-04-07,Referral,Tablet,15,11,31,0.437,217.1,0
2024-04-08,Organic Search,Desktop,565,427,1933,0.6,149.7,12
2024-04-08,Organic Search,Mobile,831,686,2971,0.626,234.3,24
2024-04-08,Organic Search,Tablet,120,105,535,0.481,117.3,1
2024-04-08,Paid Search,Desktop,195,184,601,0.467,207.8,2
2024-04-08,Paid Search,Mobile,276,212,1179,0.555,192.3,1
2024-04-08,Paid Search,Tablet,55,44,128,0.364,161.0,0
2024-04-08,Social,Desktop,216,200,657,0.691,57.0,3
2024-04-08,Social,Mobile,383,323,880,0.316,96.2,7
2024-04-08,Social,Tablet,49,38,215,0.629,179.9,1
2024-04-08,Direct,Desktop,186,171,400,0.493,114.5,2
2024-04-08,Direct,Mobile,276,216,581,0.513,223.6,7
2024-04-08,Direct,Tablet,45,39,152,0.516,204.2,0
2024-04-08,Email,Desktop,103,96,349,0.505,48.7,0
2024-04-08,Email,Mobile,150,112,300,0.642,115.1,3
2024-04-08,Email,Tablet,22,19,45,0.456,222.1,0
2024-04-08,Referral,Desktop,52,45,122,0.62,148.0,1
2024-04-08,Referral,Mobile,95,89,407,0.606,227.8,1
2024-04-08,Referral,Tablet,15,11,30,0.525,99.1,0
2024-04-09,Organic Search,Desktop,726,685,2305,0.49,120.7,15
2024-04-09,Organic Search,Mobile,697,574,3078,0.598,169.6,18
2024-04-09,Organic Search,Tablet,126,98,476,0.557,136.0,0
2024-04-09,Paid Search,Desktop,279,238,1031,0.569,99.9,4
2024-04-09,Paid Search,Mobile,290,246,667,0.7,232.2,6
2024-04-09,Paid Search,Tablet,50,42,130,0.356,208.6,1
2024-04-09,Social,Desktop,233,210,807,0.417,224.8,2
2024-04-09,Social,Mobile,373,303,1426,0.529,49.9,8
2024-04-09,Social,Tablet,61,47,189,0.347,171.3,1
2024-04-09,Direct,Desktop,262,245,825,0.547,117.9,7
2024-04-09,Direct,Mobile,284,247,952,0.558,89.1,7
2024-04-09,Direct,Tablet,35,27,79,0.605,205.8,0
2024-04-09,Email,Desktop,99,89,280,0.694,166.4,1
2024-04-09,Email,Mobile,136,113,498,0.437,78.8,2
2024-04-09,Email,Tablet,20,18,47,0.469,132.6,0
2024-04-09,Referral,Desktop,77,63,198,0.636,175.4,0
2024-04-09,Referral,Mobile,86,77,246,0.599,116.8,1
2024-04-09,Referral,Tablet,10,9,26,0.587,166.2,0
2024-04-10,Organic Search,Desktop,615,526,1990,0.664,111.8,4
2024-04-10,Organic Search,Mobile,807,620,1783,0.65,156.2,14
2024-04-10,Organic Search,Tablet,163,133,457,0.625,99.5,2
2024-04-10,Paid Search,Desktop,222,203,827,0.305,173.3,3
2024-04-10,Paid Search,Mobile,287,240,1087,0.486,57.0,3
2024-04-10,Paid Search,Tablet,55,43,178,0.358,218.0,1
2024-04-10,Social,Desktop,297,225,952,0.588,137.1,5
2024-04-10,Social,Mobile,465,354,1624,0.518,76.1,3
2024-04-10,Social,Tablet,65,50,191,0.578,232.6,1
2024-04-10,Direct,Desktop,219,190,842,0.597,59.2,4
2024-04-10,Direct,Mobile,298,247,705,0.51,66.7,5
2024-04-10,Direct,Tablet,41,33,167,0.563,185.4,0
2024-04-10,Email,Desktop,75,61,180,0.643,76.7,0
2024-04-10,Email,Mobile,115,104,349,0.572,96.3,2
2024-04-10,Email,Tablet,12,10,43,0.428,218.0,0
2024-04-10,Referral,Desktop,53,49,219,0.568,217.8,1
2024-04-10,Referral,Mobile,70,52,224,0.471,186.7,0
2024-04-10,Referral,Tablet,12,10,35,0.51,126.4,0
2024-04-11,Organic Search,Desktop,393,298,924,0.611,173.3,4
2024-04-11,Organic Search,Mobile,866,765,3762,0.394,180.1,6
2024-04-11,Organic Search,Tablet,112,100,244,0.684,58.3,2
2024-04-11,Paid Search,Desktop,207,191,745,0.641,90.4,6
2024-04-11,Paid Search,Mobile,303,265,550,0.383,124.2,7
2024-04-11,Paid Search,Tablet,40,35,76,0.485,45.6,1
2024-04-11,Social,Desktop,246,232,486,0.388,111.2,3
2024-04-11,Social,Mobile,408,354,1375,0.473,180.9,5
2024-04-11,Social,Tablet,62,57,249,0.516,105.9,0
2024-04-11,Direct,Desktop,180,145,733,0.647,107.3,3
2024-04-11,Direct,Mobile,277,223,1226,0.662,198.3,7
2024-04-11,Direct,Tablet,37,30,134,0.391,208.3,0
2024-04-11,Email,Desktop,65,59,142,0.49,102.4,0
2024-04-11,Email,Mobile,120,110,451,0.529,210.8,1
2024-04-11,Email,Tablet,17,14,51,0.506,76.2,0
2024-04-11,Referral,Desktop,72,54,262,0.653,153.5,1
2024-04-11,Referral,Mobile,96,74,284,0.456,102.9,2
2024-04-11,Referral,Tablet,13,10,41,0.487,180.3,0
2024-04-12,Organic Search,Desktop,759,652,2422,0.419,112.0,15
2024-04-12,Organic Search,Mobile,695,539,1461,0.377,60.9,14
2024-04-12,Organic Search,Tablet,139,130,369,0.505,91.9,1
2024-04-12,Paid Search,Desktop,247,226,1089,0.537,83.4,5
2024-04-12,Paid Search,Mobile,255,214,1026,0.684,182.4,2
2024-04-12,Paid Search,Tablet,45,36,86,0.376,190.7,0
2024-04-12,Social,Desktop,301,235,1271,0.428,231.4,8
2024-04-12,Social,Mobile,446,362,1609,0.475,178.7,11
2024-04-12,Social,Tablet,46,35,151,0.673,159.3,0
2024-04-12,Direct,Desktop,141,124,568,0.581,92.3,1
2024-04-12,Direct,Mobile,214,192,916,0.311,153.9,3
2024-04-12,Direct,Tablet,46,39,91,0.355,231.9,0
2024-04-12,Email,Desktop,84,66,335,0.683,132.5,1
2024-04-12,Email,Mobile,113,91,310,0.573,192.3,0
2024-04-12,Email,Tablet,19,17,76,0.304,73.4,0
2024-04-12,Referral,Desktop,64,57,126,0.588,129.5,0
2024-04-12,Referral,Mobile,89,78,176,0.64,113.9,2
2024-04-12,Referral,Tablet,14,11,56,0.613,176.4,0
2024-04-13,Organic Search,Desktop,696,597,2973,0.673,141.3,19
2024-04-13,Organic Search,Mobile,696,643,1332,0.609,218.0,20
2024-04-13,Organic Search,Tablet,72,55,274,0.5,109.9,0
2024-04-13,Paid Search,Desktop,235,201,687,0.481,71.1,6
2024-04-13,Paid Search,Mobile,300,259,644,0.547,115.8,6
2024-04-13,Paid Search,Tablet,48,37,148,0.414,131.3,0
2024-04-13,Social,Desktop,433,336,886,0.516,131.6,9
2024-04-13,Social,Mobile,443,390,1092,0.416,176.8,4
2024-04-13,Social,Tablet,55,49,189,0.695,167.4,1
2024-04-13,Direct,Desktop,238,197,651,0.536,214.7,6
2024-04-13,Direct,Mobile,278,222,616,0.471,188.4,7
2024-04-13,Direct,Tablet,50,45,98,0.54,83.6,0
2024-04-13,Email,Desktop,83,72,331,0.593,153.8,1
2024-04-13,Email,Mobile,95,85,373,0.347,236.9,0
2024-04-13,Email,Tablet,18,15,33,0.684,144.5,0
2024-04-13,Referral,Desktop,45,42,101,0.662,209.6,1
2024-04-13,Referral,Mobile,96,72,372,0.482,174.1,1
2024-04-13,Referral,Tablet,17,16,55,0.523,174.9,0
2024-04-14,Organic Search,Desktop,459,394,2025,0.551,76.6,7
2024-04-14,Organic Search,Mobile,989,894,1802,0.525,150.4,29
2024-04-14,Organic Search,Tablet,151,128,281,0.64,158.4,2
2024-04-14,Paid Search,Desktop,305,267,1321,0.379,198.6,3
2024-04-14,Paid Search,Mobile,204,177,781,0.369,130.6,6
2024-04-14,Paid Search,Tablet,72,63,287,0.562,136.6,1
2024-04-14,Social,Desktop,395,359,1064,0.474,170.0,3
2024-04-14,Social,Mobile,453,427,1745,0.471,144.0,4
2024-04-14,Social,Tablet,70,64,147,0.698,97.1,0
2024-04-14,Direct,Desktop,274,236,566,0.341,107.3,7
2024-04-14,Direct,Mobile,244,187,839,0.655,58.2,6
2024-04-14,Direct,Tablet,55,46,153,0.672,81.9,1
2024-04-14,Email,Desktop,108,96,289,0.522,170.4,1
2024-04-14,Email,Mobile,95,81,310,0.329,107.6,2
2024-04-14,Email,Tablet,22,18,66,0.61,61.8,0
2024-04-14,Referral,Desktop,86,65,261,0.611,147.0,2
2024-04-14,Referral,Mobile,120,90,329,0.373,52.5,1
2024-04-14,Referral,Tablet,15,11,29,0.416,97.2,0
2024-04-15,Organic Search,Desktop,483,363,1376,0.686,104.5,5
2024-04-15,Organic Search,Mobile,830,635,2962,0.496,104.1,19
2024-04-15,Organic Search,Tablet,131,112,318,0.436,191.2,3
2024-04-15,Paid Search,Desktop,265,243,956,0.51,150.1,5
2024-04-15,Paid Search,Mobile,273,238,754,0.322,114.4,6
2024-04-15,Paid Search,Tablet,50,40,94,0.633,128.9,0
2024-04-15,Social,Desktop,356,330,1257,0.387,191.5,5
2024-04-15,Social,Mobile,405,357,934,0.591,205.9,5
2024-04-15,Social,Tablet,46,41,120,0.321,81.5,0
2024-04-15,Direct,Desktop,224,189,768,0.559,132.4,1
2024-04-15,Direct,Mobile,276,233,1207,0.373,153.6,4
2024-04-15,Direct,Tablet,48,43,208,0.335,77.5,0
2024-04-15,Email,Desktop,99,91,284,0.52,76.3,1
2024-04-15,Email,Mobile,109,85,461,0.634,151.4,0
2024-04-15,Email,Tablet,15,12,29,0.368,209.8,0
2024-04-15,Referral,Desktop,57,43,175,0.544,168.5,0
2024-04-15,Referral,Mobile,89,82,372,0.492,173.5,2
2024-04-15,Referral,Tablet,11,8,28,0.665,53.5,0
2024-04-16,Organic Search,Desktop,510,387,1775,0.398,60.8,13
2024-04-16,Organic Search,Mobile,842,633,2106,0.353,105.8,15
2024-04-16,Organic Search,Tablet,125,106,452,0.542,155.1,3
2024-04-16,Paid Search,Desktop,223,176,654,0.421,216.7,2
2024-04-16,Paid Search,Mobile,331,251,672,0.672,106.5,5
2024-04-16,Paid Search,Tablet,47,41,101,0.439,91.6,1
2024-04-16,Social,Desktop,421,397,1088,0.339,194.9,4
2024-04-16,Social,Mobile,354,270,1493,0.48,49.2,3
2024-04-16,Social,Tablet,62,50,147,0.655,93.3,0
2024-04-16,Direct,Desktop,180,155,345,0.686,93.7,4
2024-04-16,Direct,Mobile,350,263,747,0.63,227.5,2
2024-04-16,Direct,Tablet,40,35,92,0.573,55.7,0
2024-04-16,Email,Desktop,98,74,392,0.572,204.2,1
2024-04-16,Email,Mobile,86,71,183,0.583,84.4,1
2024-04-16,Email,Tablet,19,16,56,0.442,120.6,0
2024-04-16,Referral,Desktop,60,51,136,0.4,190.5,1
2024-04-16,Referral,Mobile,105,82,393,0.37,227.5,1
2024-04-16,Referral,Tablet,12,9,23,0.597,136.4,0
2024-04-17,Organic Search,Desktop,843,645,3643,0.453,132.8,12
2024-04-17,Organic Search,Mobile,860,750,2227,0.456,171.2,13
2024-04-17,Organic Search,Tablet,119,102,512,0.307,145.0,0
2024-04-17,Paid Search,Desktop,185,169,472,0.623,112.5,3
2024-04-17,Paid Search,Mobile,388,364,1593,0.487,211.2,3
2024-04-17,Paid Search,Tablet,53,42,142,0.533,132.3,0
2024-04-17,Social,Desktop,281,256,1045,0.486,207.7,6
2024-04-17,Social,Mobile,473,375,888,0.302,229.8,12
2024-04-17,Social,Tablet,64,53,191,0.655,196.3,0
2024-04-17,Direct,Desktop,236,193,683,0.408,142.1,6
2024-04-17,Direct,Mobile,287,240,538,0.377,132.5,4
2024-04-17,Direct,Tablet,45,42,151,0.697,183.6,1
2024-04-17,Email,Desktop,101,94,351,0.327,118.9,1
2024-04-17,Email,Mobile,104,96,292,0.6,149.7,0
2024-04-17,Email,Tablet,21,18,45,0.505,120.2,0
2024-04-17,Referral,Desktop,59,45,122,0.504,142.0,1
2024-04-17,Referral,Mobile,104,86,252,0.348,221.2,2
2024-04-17,Referral,Tablet,13,10,53,0.472,110.2,0
2024-04-18,Organic Search,Desktop,595,478,1442,0.665,139.2,13
2024-04-18,Organic Search,Mobile,1042,871,4077,0.377,80.4,24
2024-04-18,Organic Search,Tablet,106,80,363,0.644,201.1,1
2024-04-18,Paid Search,Desktop,204,164,473,0.361,77.4,4
2024-04-18,Paid Search,Mobile,378,324,1496,0.363,60.4,2
2024-04-18,Paid Search,Tablet,54,43,181,0.338,198.5,1
2024-04-18,Social,Desktop,348,265,1137,0.397,75.3,2
2024-04-18,Social,Mobile,108,89,221,0.591,67.0,1
2024-04-18,Social,Tablet,73,67,313,0.609,49.8,1
2024-04-18,Direct,Desktop,239,209,673,0.432,161.9,6
2024-04-18,Direct,Mobile,257,229,744,0.341,49.4,2
2024-04-18,Direct,Tablet,48,36,125,0.42,187.0,0
2024-04-18,Email,Desktop,84,67,187,0.514,187.1,0
2024-04-18,Email,Mobile,136,121,570,0.576,126.3,2
2024-04-18,Email,Tablet,19,14,46,0.574,75.3,0
2024-04-18,Referral,Desktop,60,54,164,0.556,124.0,0
2024-04-18,Referral,Mobile,71,54,253,0.339,196.4,1
2024-04-18,Referral,Tablet,14,10,54,0.544,157.0,0
2024-04-19,Organic Search,Desktop,801,649,1832,0.444,105.1,14
2024-04-19,Organic Search,Mobile,843,751,3088,0.483,133.5,20
2024-04-19,Organic Search,Tablet,92,73,372,0.68,221.3,1
2024-04-19,Paid Search,Desktop,299,283,948,0.445,155.7,3
2024-04-19,Paid Search,Mobile,289,218,1199,0.371,175.7,5
2024-04-19,Paid Search,Tablet,50,41,156,0.355,214.8,1
2024-04-19,Social,Desktop,308,290,1100,0.301,198.5,7
2024-04-19,Social,Mobile,358,285,999,0.613,182.8,5
2024-04-19,Social,Tablet,51,38,160,0.688,79.8,1
2024-04-19,Direct,Desktop,164,147,547,0.62,220.1,2
2024-04-19,Direct,Mobile,273,225,566,0.339,121.2,4
2024-04-19,Direct,Tablet,35,30,157,0.552,162.7,0
2024-04-19,Email,Desktop,94,80,250,0.485,155.9,0
2024-04-19,Email,Mobile,72,55,245,0.43,126.5,1
2024-04-19,Email,Tablet,9,8,35,0.336,81.1,0
2024-04-19,Referral,Desktop,66,60,161,0.618,113.4,1
2024-04-19,Referral,Mobile,107,89,415,0.518,228.3,2
2024-04-19,Referral,Tablet,14,10,38,0.485,224.9,0
2024-04-20,Organic Search,Desktop,731,630,1951,0.353,126.7,19
2024-04-20,Organic Search,Mobile,938,865,2647,0.363,180.8,13
2024-04-20,Organic Search,Tablet,130,114,557,0.688,95.3,1
2024-04-20,Paid Search,Desktop,229,201,471,0.475,134.2,4
2024-04-20,Paid Search,Mobile,231,210,1026,0.308,143.9,2
2024-04-20,Paid Search,Tablet,72,59,306,0.365,216.1,0
2024-04-20,Social,Desktop,220,174,615,0.62,149.0,3
2024-04-20,Social,Mobile,485,422,1964,0.349,159.4,12
2024-04-20,Social,Tablet,60,56,152,0.593,211.0,0
2024-04-20,Direct,Desktop,259,233,882,0.453,238.2,2
2024-04-20,Direct,Mobile,281,220,698,0.42,55.7,7
2024-04-20,Direct,Tablet,55,47,135,0.332,73.6,1
2024-04-20,Email,Desktop,91,76,262,0.578,155.0,0
2024-04-20,Email,Mobile,127,99,523,0.636,202.6,3
2024-04-20,Email,Tablet,16,12,46,0.563,239.3,0
2024-04-20,Referral,Desktop,79,59,203,0.37,138.2,1
2024-04-20,Referral,Mobile,90,75,184,0.319,71.6,1
2024-04-20,Referral,Tablet,15,11,28,0.397,239.3,0
2024-04-21,Organic Search,Desktop,768,656,1418,0.54,144.3,6
2024-04-21,Organic Search,Mobile,859,733,2952,0.337,67.0,24
2024-04-21,Organic Search,Tablet,127,119,352,0.531,137.8,2
2024-04-21,Paid Search,Desktop,317,295,890,0.466,155.7,2
2024-04-21,Paid Search,Mobile,349,310,1049,0.7,231.0,2
2024-04-21,Paid Search,Tablet,62,55,188,0.519,192.0,1
2024-04-21,Social,Desktop,326,272,819,0.667,67.1,3
2024-04-21,Social,Mobile,495,408,1868,0.323,97.1,5
2024-04-21,Social,Tablet,64,48,119,0.458,183.7,1
2024-04-21,Direct,Desktop,270,219,790,0.496,85.3,6
2024-04-21,Direct,Mobile,297,232,1124,0.668,234.2,4
2024-04-21,Direct,Tablet,49,44,142,0.362,169.3,0
2024-04-21,Email,Desktop,101,84,446,0.438,189.4,2
2024-04-21,Email,Mobile,138,111,390,0.618,119.2,3
2024-04-21,Email,Tablet,21,17,41,0.327,106.6,0
2024-04-21,Referral,Desktop,86,77,223,0.32,113.8,1
2024-04-21,Referral,Mobile,80,75,180,0.657,136.6,0
2024-04-21,Referral,Tablet,15,14,58,0.472,55.5,0
2024-04-22,Organic Search,Desktop,617,509,1363,0.641,172.5,13
2024-04-22,Organic Search,Mobile,596,550,2344,0.67,90.0,4
2024-04-22,Organic Search,Tablet,133,126,256,0.514,97.9,2
2024-04-22,Paid Search,Desktop,179,142,684,0.512,238.0,2
2024-04-22,Paid Search,Mobile,240,206,916,0.386,221.8,5
2024-04-22,Paid Search,Tablet,56,48,130,0.543,128.3,1
2024-04-22,Social,Desktop,286,230,1054,0.572,178.3,8
2024-04-22,Social,Mobile,406,360,1238,0.467,233.0,2
2024-04-22,Social,Tablet,69,57,263,0.616,171.0,0
2024-04-22,Direct,Desktop,205,166,453,0.4,111.3,5
2024-04-22,Direct,Mobile,102,77,264,0.521,193.0,1
2024-04-22,Direct,Tablet,39,30,166,0.417,135.8,0
2024-04-22,Email,Desktop,82,77,150,0.685,135.4,0
2024-04-22,Email,Mobile,105,83,237,0.325,48.3,0
2024-04-22,Email,Tablet,9,7,19,0.38,62.2,0
2024-04-22,Referral,Desktop,61,56,198,0.557,208.0,0
2024-04-22,Referral,Mobile,95,84,349,0.691,104.1,1
2024-04-22,Referral,Tablet,16,13,37,0.5,154.3,0
2024-04-23,Organic Search,Desktop,532,502,1546,0.5,191.1,6
2024-04-23,Organic Search,Mobile,614,464,1221,0.423,197.2,8
2024-04-23,Organic Search,Tablet,134,103,443,0.488,108.8,1
2024-04-23,Paid Search,Desktop,242,185,455,0.488,230.4,7
2024-04-23,Paid Search,Mobile,339,282,1045,0.33,193.2,2
2024-04-23,Paid Search,Tablet,57,51,175,0.489,189.6,1
2024-04-23,Social,Desktop,325,308,736,0.59,214.8,6
2024-04-23,Social,Mobile,392,338,1457,0.332,102.7,5
2024-04-23,Social,Tablet,51,47,136,0.318,55.4,1
2024-04-23,Direct,Desktop,219,192,971,0.504,122.5,2
2024-04-23,Direct,Mobile,262,209,510,0.646,218.8,5
2024-04-23,Direct,Tablet,35,28,138,0.304,88.2,0
2024-04-23,Email,Desktop,80,64,260,0.513,145.2,0
2024-04-23,Email,Mobile,96,77,340,0.331,113.0,2
2024-04-23,Email,Tablet,17,14,49,0.637,216.1,0
2024-04-23,Referral,Desktop,74,55,303,0.478,81.8,1
2024-04-23,Referral,Mobile,101,80,209,0.539,167.6,2
2024-04-23,Referral,Tablet,9,7,33,0.692,110.3,0
2024-04-24,Organic Search,Desktop,586,487,2015,0.424,60.4,7
2024-04-24,Organic Search,Mobile,845,637,2859,0.516,92.9,20
2024-04-24,Organic Search,Tablet,140,113,619,0.336,111.5,2
2024-04-24,Paid Search,Desktop,120,104,342,0.541,222.8,0
2024-04-24,Paid Search,Mobile,301,225,1163,0.577,89.9,1
2024-04-24,Paid Search,Tablet,28,24,79,0.472,128.2,0
2024-04-24,Social,Desktop,323,243,1016,0.472,103.7,5
2024-04-24,Social,Mobile,468,414,1506,0.681,191.1,4
2024-04-24,Social,Tablet,67,54,200,0.562,167.2,0
2024-04-24,Direct,Desktop,182,144,481,0.657,195.6,5
2024-04-24,Direct,Mobile,254,222,840,0.581,113.8,4
2024-04-24,Direct,Tablet,39,32,133,0.369,196.8,0
2024-04-24,Email,Desktop,89,77,367,0.662,169.9,1
2024-04-24,Email,Mobile,101,91,227,0.581,114.8,1
2024-04-24,Email,Tablet,12,11,46,0.391,198.0,0
2024-04-24,Referral,Desktop,39,36,103,0.549,84.9,0
2024-04-24,Referral,Mobile,86,75,208,0.581,188.6,2
2024-04-24,Referral,Tablet,17,13,68,0.573,88.0,0
2024-04-25,Organic Search,Desktop,625,542,1652,0.46,160.2,3
2024-04-25,Organic Search,Mobile,691,551,1469,0.6,207.3,18
2024-04-25,Organic Search,Tablet,117,89,426,0.347,235.8,2
2024-04-25,Paid Search,Desktop,251,212,457,0.347,51.1,2
2024-04-25,Paid Search,Mobile,337,291,1287,0.437,48.0,8
2024-04-25,Paid Search,Tablet,41,33,121,0.406,234.7,0
2024-04-25,Social,Desktop,245,213,1101,0.449,67.5,5
2024-04-25,Social,Mobile,418,334,1123,0.608,173.5,3
2024-04-25,Social,Tablet,65,52,269,0.443,131.0,0
2024-04-25,Direct,Desktop,191,143,704,0.431,221.1,2
2024-04-25,Direct,Mobile,217,169,448,0.421,215.6,5
2024-04-25,Direct,Tablet,49,45,95,0.518,172.2,0
2024-04-25,Email,Desktop,76,61,252,0.305,191.3,0
2024-04-25,Email,Mobile,96,74,271,0.303,67.4,1
2024-04-25,Email,Tablet,16,12,37,0.328,162.6,0
2024-04-25,Referral,Desktop,65,54,263,0.359,151.9,0
2024-04-25,Referral,Mobile,91,69,348,0.634,238.2,1
2024-04-25,Referral,Tablet,18,13,38,0.647,155.5,0
2024-04-26,Organic Search,Desktop,523,454,2246,0.482,182.5,10
2024-04-26,Organic Search,Mobile,860,649,3409,0.615,187.6,10
2024-04-26,Organic Search,Tablet,136,102,451,0.587,66.5,3
2024-04-26,Paid Search,Desktop,233,187,872,0.691,205.0,6
2024-04-26,Paid Search,Mobile,303,271,763,0.322,115.0,3
2024-04-26,Paid Search,Tablet,37,29,117,0.536,124.7,0
2024-04-26,Social,Desktop,393,324,1726,0.504,74.2,9
2024-04-26,Social,Mobile,381,303,788,0.499,52.9,11
2024-04-26,Social,Tablet,49,44,211,0.301,99.4,0
2024-04-26,Direct,Desktop,178,153,526,0.371,179.4,1
2024-04-26,Direct,Mobile,271,212,1045,0.491,152.4,4
2024-04-26,Direct,Tablet,51,47,200,0.441,156.1,0
2024-04-26,Email,Desktop,94,75,224,0.415,237.6,1
2024-04-26,Email,Mobile,106,80,242,0.358,145.1,1
2024-04-26,Email,Tablet,16,14,45,0.692,59.3,0
2024-04-26,Referral,Desktop,93,79,205,0.563,135.6,0
2024-04-26,Referral,Mobile,103,87,283,0.513,47.9,2
2024-04-26,Referral,Tablet,11,8,32,0.573,100.7,0
2024-04-27,Organic Search,Desktop,583,438,1976,0.531,119.8,16
2024-04-27,Organic Search,Mobile,996,894,2617,0.305,99.4,26
2024-04-27,Organic Search,Tablet,144,109,636,0.577,97.7,0
2024-04-27,Paid Search,Desktop,248,216,980,0.366,209.4,4
2024-04-27,Paid Search,Mobile,407,361,760,0.671,138.8,2
2024-04-27,Paid Search,Tablet,66,57,239,0.484,174.5,1
2024-04-27,Social,Desktop,417,314,929,0.629,107.7,7
2024-04-27,Social,Mobile,479,442,870,0.535,104.7,7
2024-04-27,Social,Tablet,79,59,190,0.643,230.4,1
2024-04-27,Direct,Desktop,297,261,604,0.592,237.4,1
2024-04-27,Direct,Mobile,257,232,1156,0.36,185.5,1
2024-04-27,Direct,Tablet,38,33,160,0.515,83.6,0
2024-04-27,Email,Desktop,102,85,220,0.678,221.5,2
2024-04-27,Email,Mobile,111,85,420,0.368,134.9,2
2024-04-27,Email,Tablet,21,17,61,0.441,233.5,0
2024-04-27,Referral,Desktop,46,40,155,0.623,85.7,0
2024-04-27,Referral,Mobile,106,90,200,0.602,136.9,1
2024-04-27,Referral,Tablet,17,14,39,0.372,83.8,0
2024-04-28,Organic Search,Desktop,876,693,3521,0.458,184.1,23
2024-04-28,Organic Search,Mobile,1149,1038,3488,0.337,101.8,19
2024-04-28,Organic Search,Tablet,143,125,615,0.68,216.0,1
2024-04-28,Paid Search,Desktop,428,340,772,0.464,194.3,3
2024-04-28,Paid Search,Mobile,359,319,1057,0.493,169.2,5
2024-04-28,Paid Search,Tablet,57,43,202,0.403,187.8,1
2024-04-28,Social,Desktop,330,296,1197,0.499,219.9,3
2024-04-28,Social,Mobile,390,363,816,0.572,59.6,3
2024-04-28,Social,Tablet,70,65,153,0.36,86.0,1
2024-04-28,Direct,Desktop,256,231,604,0.3,129.7,1
2024-04-28,Direct,Mobile,304,228,620,0.548,223.3,5
2024-04-28,Direct,Tablet,44,36,117,0.323,120.8,1
2024-04-28,Email,Desktop,105,82,220,0.467,150.1,1
2024-04-28,Email,Mobile,109,90,442,0.354,49.9,2
2024-04-28,Email,Tablet,16,13,41,0.664,203.9,0
2024-04-28,Referral,Desktop,68,55,160,0.397,190.3,1
2024-04-28,Referral,Mobile,95,88,235,0.653,143.0,2
2024-04-28,Referral,Tablet,16,12,67,0.366,133.8,0
2024-04-29,Organic Search,Desktop,581,456,2139,0.615,178.0,5
2024-04-29,Organic Search,Mobile,1007,941,1923,0.432,175.2,30
2024-04-29,Organic Search,Tablet,161,140,526,0.475,81.2,0
2024-04-29,Paid Search,Desktop,276,225,1164,0.377,129.2,1
2024-04-29,Paid Search,Mobile,272,258,849,0.526,198.1,3
2024-04-29,Paid Search,Tablet,46,37,106,0.378,121.4,1
2024-04-29,Social,Desktop,356,293,1189,0.326,233.4,7
2024-04-29,Social,Mobile,462,357,1930,0.594,230.6,13
2024-04-29,Social,Tablet,72,63,189,0.344,201.8,0
2024-04-29,Direct,Desktop,169,137,739,0.489,161.5,3
2024-04-29,Direct,Mobile,258,209,724,0.647,129.4,7
2024-04-29,Direct,Tablet,51,39,173,0.447,144.0,0
2024-04-29,Email,Desktop,105,79,302,0.617,149.3,2
2024-04-29,Email,Mobile,127,113,521,0.521,96.6,2
2024-04-29,Email,Tablet,18,13,67,0.557,200.4,0
2024-04-29,Referral,Desktop,65,59,245,0.644,45.9,0
2024-04-29,Referral,Mobile,107,86,306,0.433,99.0,1
2024-04-29,Referral,Tablet,15,13,53,0.441,208.6,0
2024-04-30,Organic Search,Desktop,625,578,1405,0.47,109.0,5
2024-04-30,Organic Search,Mobile,894,837,2219,0.662,81.0,5
2024-04-30,Organic Search,Tablet,136,111,384,0.541,189.9,1
2024-04-30,Paid Search,Desktop,297,245,853,0.594,55.0,3
2024-04-30,Paid Search,Mobile,308,246,742,0.54,178.8,8
2024-04-30,Paid Search,Tablet,45,41,93,0.347,142.8,0
2024-04-30,Social,Desktop,224,185,583,0.421,158.0,3
2024-04-30,Social,Mobile,310,277,1325,0.67,222.9,5
2024-04-30,Social,Tablet,65,60,246,0.498,150.1,1
2024-04-30,Direct,Desktop,200,181,857,0.383,89.7,4
2024-04-30,Direct,Mobile,183,158,491,0.584,75.7,5
2024-04-30,Direct,Tablet,42,31,160,0.555,238.0,0
2024-04-30,Email,Desktop,85,76,375,0.364,223.4,1
2024-04-30,Email,Mobile,119,100,394,0.471,121.7,2
2024-04-30,Email,Tablet,15,11,47,0.39,234.8,0
2024-04-30,Referral,Desktop,63,57,280,0.474,230.8,0
2024-04-30,Referral,Mobile,107,81,235,0.512,212.6,2
2024-04-30,Referral,Tablet,13,10,37,0.647,163.2,0
2024-05-01,Organic Search,Desktop,667,597,2810,0.594,231.9,14
2024-05-01,Organic Search,Mobile,812,684,2188,0.623,226.4,22
2024-05-01,Organic Search,Tablet,149,113,552,0.625,99.2,1
2024-05-01,Paid Search,Desktop,235,184,503,0.652,115.1,3
2024-05-01,Paid Search,Mobile,289,237,867,0.683,119.3,2
2024-05-01,Paid Search,Tablet,58,53,228,0.604,151.6,1
2024-05-01,Social,Desktop,261,207,956,0.362,217.5,1
2024-05-01,Social,Mobile,468,441,1411,0.331,79.3,8
2024-05-01,Social,Tablet,58,54,182,0.469,179.7,0
2024-05-01,Direct,Desktop,233,194,975,0.438,180.4,5
2024-05-01,Direct,Mobile,325,251,770,0.319,191.2,3
2024-05-01,Direct,Tablet,50,39,134,0.401,97.8,0
2024-05-01,Email,Desktop,98,82,255,0.307,69.1,1
2024-05-01,Email,Mobile,145,111,450,0.303,90.7,2
2024-05-01,Email,Tablet,12,10,29,0.428,149.5,0
2024-05-01,Referral,Desktop,75,66,172,0.588,50.3,1
2024-05-01,Referral,Mobile,95,85,278,0.393,174.5,2
2024-05-01,Referral,Tablet,15,12,65,0.411,123.7,0
2024-05-02,Organic Search,Desktop,916,766,1668,0.615,71.5,22
2024-05-02,Organic Search,Mobile,1007,799,2907,0.491,150.3,12
2024-05-02,Organic Search,Tablet,150,126,539,0.343,101.3,3
2024-05-02,Paid Search,Desktop,274,234,1146,0.344,234.5,6
2024-05-02,Paid Search,Mobile,341,296,1291,0.689,193.3,9
2024-05-02,Paid Search,Tablet,55,51,227,0.383,146.1,0
2024-05-02,Social,Desktop,253,195,806,0.569,181.2,2
2024-05-02,Social,Mobile,441,402,1762,0.65,96.5,2
2024-05-02,Social,Tablet,64,59,117,0.556,227.8,1
2024-05-02,Direct,Desktop,286,236,1187,0.677,130.4,8
2024-05-02,Direct,Mobile,273,236,823,0.353,140.8,6
2024-05-02,Direct,Tablet,43,37,98,0.399,87.3,1
2024-05-02,Email,Desktop,99,77,254,0.577,208.5,1
2024-05-02,Email,Mobile,132,112,478,0.389,84.4,2
2024-05-02,Email,Tablet,17,15,73,0.375,114.8,0
2024-05-02,Referral,Desktop,70,58,300,0.667,148.6,2
2024-05-02,Referral,Mobile,120,111,323,0.309,46.2,3
2024-05-02,Referral,Tablet,15,13,63,0.356,116.0,0
2024-05-03,Organic Search,Desktop,762,714,2404,0.512,116.6,21
2024-05-03,Organic Search,Mobile,886,688,2964,0.475,119.5,9
2024-05-03,Organic Search,Tablet,142,132,609,0.375,49.1,4
2024-05-03,Paid Search,Desktop,295,279,551,0.471,234.8,2
2024-05-03,Paid Search,Mobile,335,296,607,0.449,137.0,5
2024-05-03,Paid Search,Tablet,55,42,158,0.547,177.6,0
2024-05-03,Social,Desktop,399,353,980,0.626,125.6,2
2024-05-03,Social,Mobile,405,326,1453,0.655,229.0,10
2024-05-03,Social,Tablet,60,55,146,0.573,138.6,1
2024-05-03,Direct,Desktop,293,262,665,0.32,111.7,2
2024-05-03,Direct,Mobile,318,252,1143,0.506,147.3,7
2024-05-03,Direct,Tablet,54,45,128,0.546,150.1,0
2024-05-03,Email,Desktop,98,91,320,0.547,225.7,1
2024-05-03,Email,Mobile,99,92,346,0.65,199.8,0
2024-05-03,Email,Tablet,17,15,72,0.307,157.1,0
2024-05-03,Referral,Desktop,63,47,155,0.364,63.4,1
2024-05-03,Referral,Mobile,111,88,395,0.539,146.2,2
2024-05-03,Referral,Tablet,8,6,20,0.63,47.9,0
2024-05-04,Organic Search,Desktop,693,522,1359,0.446,112.7,16
2024-05-04,Organic Search,Mobile,920,704,2549,0.699,150.1,22
2024-05-04,Organic Search,Tablet,164,147,717,0.581,116.3,2
2024-05-04,Paid Search,Desktop,273,243,663,0.618,151.7,7
2024-05-04,Paid Search,Mobile,433,369,1001,0.491,111.7,12
2024-05-04,Paid Search,Tablet,62,55,257,0.414,56.0,1
2024-05-04,Social,Desktop,365,280,871,0.446,145.0,5
2024-05-04,Social,Mobile,604,475,2312,0.473,107.9,5
2024-05-04,Social,Tablet,84,77,288,0.57,220.6,1
2024-05-04,Direct,Desktop,283,253,547,0.484,204.7,7
2024-05-04,Direct,Mobile,343,262,1394,0.616,154.3,6
2024-05-04,Direct,Tablet,51,39,138,0.662,237.2,1
2024-05-04,Email,Desktop,128,96,316,0.658,232.8,1
2024-05-04,Email,Mobile,126,94,258,0.328,72.2,2
2024-05-04,Email,Tablet,19,16,63,0.49,107.2,0
2024-05-04,Referral,Desktop,90,78,235,0.533,116.0,1
2024-05-04,Referral,Mobile,113,90,461,0.627,82.1,3
2024-05-04,Referral,Tablet,18,14,39,0.486,76.3,0
2024-05-05,Organic Search,Desktop,611,507,1660,0.396,137.9,17
2024-05-05,Organic Search,Mobile,980,792,2509,0.47,234.6,17
2024-05-05,Organic Search,Tablet,151,125,491,0.662,125.1,2
2024-05-05,Paid Search,Desktop,308,263,583,0.588,101.0,3
2024-05-05,Paid Search,Mobile,459,380,1417,0.393,223.6,4
2024-05-05,Paid Search,Tablet,73,65,217,0.659,67.7,1
2024-05-05,Social,Desktop,371,300,668,0.467,113.9,10
2024-05-05,Social,Mobile,611,460,2747,0.645,159.7,9
2024-05-05,Social,Tablet,80,65,294,0.399,163.8,0
2024-05-05,Direct,Desktop,229,209,902,0.48,72.0,4
2024-05-05,Direct,Mobile,303,281,629,0.508,139.9,7
2024-05-05,Direct,Tablet,51,41,195,0.457,213.1,0
2024-05-05,Email,Desktop,95,79,286,0.3,211.8,1
2024-05-05,Email,Mobile,160,132,719,0.547,180.5,4
2024-05-05,Email,Tablet,22,19,51,0.402,158.1,0
2024-05-05,Referral,Desktop,97,84,250,0.473,74.3,0
2024-05-05,Referral,Mobile,117,92,224,0.5,159.7,2
2024-05-05,Referral,Tablet,19,15,79,0.599,87.9,0
2024-05-06,Organic Search,Desktop,686,604,2560,0.66,187.2,13
2024-05-06,Organic Search,Mobile,1038,805,3020,0.386,97.8,21
2024-05-06,Organic Search,Tablet,140,131,412,0.448,187.8,2
2024-05-06,Paid Search,Desktop,357,320,1246,0.647,134.1,9
2024-05-06,Paid Search,Mobile,314,255,954,0.574,73.3,1
2024-05-06,Paid Search,Tablet,58,54,213,0.561,213.7,0
2024-05-06,Social,Desktop,351,305,1389,0.311,157.6,3
2024-05-06,Social,Mobile,442,384,1711,0.564,131.5,9
2024-05-06,Social,Tablet,86,74,343,0.337,121.1,2
2024-05-06,Direct,Desktop,265,247,523,0.642,60.6,2
2024-05-06,Direct,Mobile,344,303,1221,0.311,232.5,2
2024-05-06,Direct,Tablet,42,37,145,0.543,101.2,0
2024-05-06,Email,Desktop,92,70,209,0.498,96.1,1
2024-05-06,Email,Mobile,150,132,301,0.6,234.6,1
2024-05-06,Email,Tablet,25,19,101,0.547,187.6,0
2024-05-06,Referral,Desktop,77,64,331,0.598,83.0,0
2024-05-06,Referral,Mobile,87,72,259,0.388,212.5,1
2024-05-06,Referral,Tablet,17,13,46,0.582,61.0,0
2024-05-07,Organic Search,Desktop,569,525,1906,0.36,212.7,4
2024-05-07,Organic Search,Mobile,1119,910,2733,0.453,74.1,11
2024-05-07,Organic Search,Tablet,137,111,378,0.549,81.4,3
2024-05-07,Paid Search,Desktop,225,181,862,0.694,69.3,5
2024-05-07,Paid Search,Mobile,456,360,1734,0.583,216.4,11
2024-05-07,Paid Search,Tablet,38,30,72,0.379,59.9,0
2024-05-07,Social,Desktop,298,263,827,0.381,54.0,7
2024-05-07,Social,Mobile,487,440,1437,0.598,139.0,8
2024-05-07,Social,Tablet,70,55,311,0.574,79.2,0
2024-05-07,Direct,Desktop,231,199,623,0.312,63.4,3
2024-05-07,Direct,Mobile,331,262,1416,0.507,220.8,9
2024-05-07,Direct,Tablet,51,38,146,0.594,106.3,1
2024-05-07,Email,Desktop,110,88,203,0.522,226.5,2
2024-05-07,Email,Mobile,131,123,288,0.418,177.7,2
2024-05-07,Email,Tablet,24,22,82,0.375,142.3,0
2024-05-07,Referral,Desktop,84,70,219,0.637,45.6,2
2024-05-07,Referral,Mobile,109,97,336,0.539,152.2,2
2024-05-07,Referral,Tablet,12,10,50,0.441,145.4,0
2024-05-08,Organic Search,Desktop,1018,844,4443,0.435,59.5,11
2024-05-08,Organic Search,Mobile,1129,1017,4605,0.498,83.9,12
2024-05-08,Organic Search,Tablet,111,98,275,0.412,72.8,2
2024-05-08,Paid Search,Desktop,252,206,529,0.632,228.9,3
2024-05-08,Paid Search,Mobile,375,345,1442,0.42,218.7,10
2024-05-08,Paid Search,Tablet,52,46,203,0.474,52.1,0
2024-05-08,Social,Desktop,294,262,1321,0.305,165.0,5
2024-05-08,Social,Mobile,428,375,1386,0.417,53.0,8
2024-05-08,Social,Tablet,68,56,211,0.691,98.1,1
2024-05-08,Direct,Desktop,207,170,399,0.469,194.4,1
2024-05-08,Direct,Mobile,288,224,1218,0.579,187.1,3
2024-05-08,Direct,Tablet,38,30,170,0.428,112.7,0
2024-05-08,Email,Desktop,76,64,234,0.403,225.2,0
2024-05-08,Email,Mobile,143,127,611,0.55,210.7,3
2024-05-08,Email,Tablet,25,19,79,0.48,223.7,0
2024-05-08,Referral,Desktop,79,69,251,0.523,114.5,1
2024-05-08,Referral,Mobile,112,89,473,0.396,114.3,1
2024-05-08,Referral,Tablet,18,15,60,0.483,51.9,0
2024-05-09,Organic Search,Desktop,538,470,1063,0.598,78.4,3
2024-05-09,Organic Search,Mobile,990,922,3860,0.589,207.6,7
2024-05-09,Organic Search,Tablet,112,101,246,0.4,110.0,0
2024-05-09,Paid Search,Desktop,285,243,674,0.59,83.7,5
2024-05-09,Paid Search,Mobile,344,313,896,0.544,164.9,7
2024-05-09,Paid Search,Tablet,59,44,232,0.367,111.6,0
2024-05-09,Social,Desktop,406,380,1824,0.405,83.0,12
2024-05-09,Social,Mobile,484,366,919,0.512,190.6,12
2024-05-09,Social,Tablet,65,52,250,0.499,73.5,0
2024-05-09,Direct,Desktop,196,164,876,0.463,185.8,1
2024-05-09,Direct,Mobile,345,327,676,0.46,56.5,4
2024-05-09,Direct,Tablet,49,45,166,0.539,188.2,0
2024-05-09,Email,Desktop,93,71,308,0.627,160.5,1
2024-05-09,Email,Mobile,140,127,254,0.589,75.8,2
2024-05-09,Email,Tablet,20,18,82,0.555,152.1,0
2024-05-09,Referral,Desktop,75,59,238,0.431,154.7,0
2024-05-09,Referral,Mobile,114,86,449,0.439,231.0,1
2024-05-09,Referral,Tablet,18,16,38,0.654,168.1,0
2024-05-10,Organic Search,Desktop,744,592,3155,0.453,61.6,14
2024-05-10,Organic Search,Mobile,843,647,2258,0.475,115.6,17
2024-05-10,Organic Search,Tablet,97,84,225,0.576,125.1,2
2024-05-10,Paid Search,Desktop,307,275,1068,0.419,125.5,3
2024-05-10,Paid Search,Mobile,364,288,882,0.587,84.0,4
2024-05-10,Paid Search,Tablet,56,45,178,0.44,61.4,1
2024-05-10,Social,Desktop,311,241,1312,0.391,70.2,8
2024-05-10,Social,Mobile,350,316,944,0.394,148.7,4
2024-05-10,Social,Tablet,49,40,122,0.503,164.8,0
2024-05-10,Direct,Desktop,258,224,751,0.383,233.1,7
2024-05-10,Direct,Mobile,289,256,572,0.654,70.6,2
2024-05-10,Direct,Tablet,45,39,171,0.411,163.2,0
2024-05-10,Email,Desktop,98,87,232,0.617,230.7,2
2024-05-10,Email,Mobile,123,101,265,0.584,233.7,1
2024-05-10,Email,Tablet,20,18,70,0.313,61.9,0
2024-05-10,Referral,Desktop,72,66,211,0.474,81.1,1
2024-05-10,Referral,Mobile,104,88,245,0.427,128.2,0
2024-05-10,Referral,Tablet,17,13,36,0.47,118.7,0
2024-05-11,Organic Search,Desktop,614,518,1116,0.384,80.4,13
2024-05-11,Organic Search,Mobile,1107,900,4079,0.513,135.3,24
2024-05-11,Organic Search,Tablet,91,75,225,0.356,122.0,2
2024-05-11,Paid Search,Desktop,269,240,787,0.647,211.9,3
2024-05-11,Paid Search,Mobile,425,369,1813,0.589,92.3,8
2024-05-11,Paid Search,Tablet,65,50,125,0.67,178.6,0
2024-05-11,Social,Desktop,386,351,1486,0.44,138.8,11
2024-05-11,Social,Mobile,519,390,1220,0.379,99.9,8
2024-05-11,Social,Tablet,77,68,266,0.477,104.5,2
2024-05-11,Direct,Desktop,225,175,549,0.435,133.1,6
2024-05-11,Direct,Mobile,381,348,1683,0.572,219.0,5
2024-05-11,Direct,Tablet,53,50,220,0.647,152.6,0
2024-05-11,Email,Desktop,120,109,523,0.432,227.4,3
2024-05-11,Email,Mobile,165,135,372,0.346,68.6,2
2024-05-11,Email,Tablet,22,19,53,0.479,132.4,0
2024-05-11,Referral,Desktop,79,65,293,0.667,231.0,0
2024-05-11,Referral,Mobile,120,98,406,0.565,113.9,1
2024-05-11,Referral,Tablet,17,13,52,0.606,89.4,0
2024-05-12,Organic Search,Desktop,801,705,1904,0.363,205.6,23
2024-05-12,Organic Search,Mobile,1051,839,2844,0.654,70.1,16
2024-05-12,Organic Search,Tablet,144,127,624,0.634,198.6,1
2024-05-12,Paid Search,Desktop,305,245,593,0.319,201.5,3
2024-05-12,Paid Search,Mobile,342,262,1036,0.318,193.3,7
2024-05-12,Paid Search,Tablet,56,42,221,0.415,154.6,0
2024-05-12,Social,Desktop,426,325,1770,0.635,151.3,5
2024-05-12,Social,Mobile,530,475,1632,0.683,215.0,12
2024-05-12,Social,Tablet,47,41,182,0.66,203.8,1
2024-05-12,Direct,Desktop,265,204,1067,0.646,200.8,5
2024-05-12,Direct,Mobile,293,237,658,0.376,217.8,3
2024-05-12,Direct,Tablet,39,33,104,0.589,222.1,0
2024-05-12,Email,Desktop,120,105,508,0.676,90.0,1
2024-05-12,Email,Mobile,156,119,302,0.586,181.8,2
2024-05-12,Email,Tablet,18,16,52,0.371,183.4,0
2024-05-12,Referral,Desktop,90,71,180,0.425,193.4,2
2024-05-12,Referral,Mobile,81,66,187,0.446,180.4,0
2024-05-12,Referral,Tablet,14,12,42,0.377,154.8,0
2024-05-13,Organic Search,Desktop,475,449,2080,0.489,171.6,10
2024-05-13,Organic Search,Mobile,836,743,2233,0.385,236.2,11
2024-05-13,Organic Search,Tablet,122,104,282,0.699,160.3,1
2024-05-13,Paid Search,Desktop,285,223,1162,0.65,226.6,1
2024-05-13,Paid Search,Mobile,411,326,1114,0.383,227.2,3
2024-05-13,Paid Search,Tablet,65,53,244,0.686,201.5,1
2024-05-13,Social,Desktop,302,271,1307,0.498,161.4,8
2024-05-13,Social,Mobile,503,387,1507,0.371,217.1,10
2024-05-13,Social,Tablet,63,51,200,0.365,226.6,1
2024-05-13,Direct,Desktop,294,262,952,0.693,174.4,5
2024-05-13,Direct,Mobile,356,299,1411,0.666,162.8,4
2024-05-13,Direct,Tablet,45,42,103,0.59,198.5,1
2024-05-13,Email,Desktop,113,88,337,0.603,184.2,2
2024-05-13,Email,Mobile,138,122,546,0.584,205.2,1
2024-05-13,Email,Tablet,19,17,71,0.55,187.6,0
2024-05-13,Referral,Desktop,75,64,143,0.633,200.0,1
2024-05-13,Referral,Mobile,94,88,398,0.565,84.4,1
2024-05-13,Referral,Tablet,16,14,33,0.522,199.5,0
2024-05-14,Organic Search,Desktop,533,425,1483,0.686,103.3,14
2024-05-14,Organic Search,Mobile,751,663,2241,0.359,56.7,11
2024-05-14,Organic Search,Tablet,127,101,450,0.592,92.0,1
2024-05-14,Paid Search,Desktop,296,238,1049,0.308,233.1,3
2024-05-14,Paid Search,Mobile,265,235,819,0.364,137.5,4
2024-05-14,Paid Search,Tablet,58,49,240,0.31,175.5,1
2024-05-14,Social,Desktop,302,282,1217,0.608,165.0,2
2024-05-14,Social,Mobile,436,364,1058,0.4,174.7,6
2024-05-14,Social,Tablet,69,55,165,0.45,231.0,0
2024-05-14,Direct,Desktop,253,203,719,0.651,59.3,3
2024-05-14,Direct,Mobile,314,260,1239,0.623,163.4,7
2024-05-14,Direct,Tablet,43,33,133,0.427,98.0,0
2024-05-14,Email,Desktop,104,88,369,0.495,201.2,2
2024-05-14,Email,Mobile,136,117,290,0.333,221.3,3
2024-05-14,Email,Tablet,20,18,57,0.31,62.9,0
2024-05-14,Referral,Desktop,71,57,191,0.564,153.2,0
2024-05-14,Referral,Mobile,99,81,297,0.566,130.0,0
2024-05-14,Referral,Tablet,11,8,39,0.311,199.0,0
2024-05-15,Organic Search,Desktop,602,543,1850,0.615,153.2,16
2024-05-15,Organic Search,Mobile,932,753,2874,0.527,71.7,6
2024-05-15,Organic Search,Tablet,83,74,219,0.572,136.0,1
2024-05-15,Paid Search,Desktop,216,184,956,0.65,219.5,1
2024-05-15,Paid Search,Mobile,415,359,1701,0.495,215.9,7
2024-05-15,Paid Search,Tablet,50,40,151,0.573,90.2,0
2024-05-15,Social,Desktop,332,252,1408,0.584,235.6,5
2024-05-15,Social,Mobile,390,317,1700,0.404,198.0,4
2024-05-15,Social,Tablet,61,56,272,0.655,192.9,0
2024-05-15,Direct,Desktop,313,241,961,0.565,126.3,7
2024-05-15,Direct,Mobile,329,308,1375,0.678,114.3,9
2024-05-15,Direct,Tablet,49,44,117,0.326,96.4,0
2024-05-15,Email,Desktop,77,69,291,0.684,216.6,1
2024-05-15,Email,Mobile,114,105,407,0.627,160.2,1
2024-05-15,Email,Tablet,16,12,62,0.466,203.6,0
2024-05-15,Referral,Desktop,81,61,319,0.677,239.8,1
2024-05-15,Referral,Mobile,102,81,369,0.334,134.2,2
2024-05-15,Referral,Tablet,15,11,49,0.699,135.8,0
2024-05-16,Organic Search,Desktop,664,521,1425,0.596,196.9,9
2024-05-16,Organic Search,Mobile,1042,901,2585,0.696,128.4,31
2024-05-16,Organic Search,Tablet,109,85,486,0.397,67.0,0
2024-05-16,Paid Search,Desktop,329,288,959,0.467,80.2,5
2024-05-16,Paid Search,Mobile,331,278,1264,0.48,71.3,2
2024-05-16,Paid Search,Tablet,48,37,154,0.672,177.5,0
2024-05-16,Social,Desktop,333,310,1177,0.45,173.1,8
2024-05-16,Social,Mobile,508,407,1745,0.677,195.2,11
2024-05-16,Social,Tablet,73,54,287,0.316,153.4,0
2024-05-16,Direct,Desktop,196,164,809,0.33,164.9,1
2024-05-16,Direct,Mobile,285,225,906,0.485,142.1,7
2024-05-16,Direct,Tablet,46,36,118,0.391,113.1,0
2024-05-16,Email,Desktop,108,94,259,0.348,197.7,3
2024-05-16,Email,Mobile,108,97,265,0.581,93.0,2
2024-05-16,Email,Tablet,23,20,48,0.336,214.1,0
2024-05-16,Referral,Desktop,86,69,187,0.565,200.9,0
2024-05-16,Referral,Mobile,111,103,360,0.371,142.9,2
2024-05-16,Referral,Tablet,13,10,39,0.527,102.8,0
2024-05-17,Organic Search,Desktop,944,714,2048,0.406,221.1,9
2024-05-17,Organic Search,Mobile,929,806,2209,0.409,74.6,15
2024-05-17,Organic Search,Tablet,141,120,542,0.484,172.0,1
2024-05-17,Paid Search,Desktop,287,262,555,0.595,235.3,3
2024-05-17,Paid Search,Mobile,273,241,894,0.531,194.5,7
2024-05-17,Paid Search,Tablet,35,32,88,0.699,171.2,0
2024-05-17,Social,Desktop,369,350,1290,0.531,58.0,8
2024-05-17,Social,Mobile,524,417,1370,0.43,134.2,5
2024-05-17,Social,Tablet,80,66,180,0.32,62.7,2
2024-05-17,Direct,Desktop,226,189,412,0.562,191.8,2
2024-05-17,Direct,Mobile,252,205,596,0.591,231.1,6
2024-05-17,Direct,Tablet,42,36,92,0.643,231.9,0
2024-05-17,Email,Desktop,112,95,389,0.521,161.6,1
2024-05-17,Email,Mobile,100,91,209,0.533,199.2,0
2024-05-17,Email,Tablet,24,19,70,0.467,236.1,0
2024-05-17,Referral,Desktop,77,69,288,0.409,84.1,1
2024-05-17,Referral,Mobile,101,89,432,0.607,191.2,2
2024-05-17,Referral,Tablet,15,12,55,0.358,54.6,0
2024-05-18,Organic Search,Desktop,813,746,2977,0.324,119.4,15
2024-05-18,Organic Search,Mobile,923,839,2466,0.444,154.5,24
2024-05-18,Organic Search,Tablet,127,99,241,0.624,174.9,2
2024-05-18,Paid Search,Desktop,313,247,1070,0.673,79.2,7
2024-05-18,Paid Search,Mobile,366,291,1078,0.646,213.0,2
2024-05-18,Paid Search,Tablet,50,43,155,0.546,70.5,0
2024-05-18,Social,Desktop,444,414,1234,0.563,214.0,11
2024-05-18,Social,Mobile,553,464,1477,0.5,164.3,3
2024-05-18,Social,Tablet,83,71,275,0.506,88.2,0
2024-05-18,Direct,Desktop,341,263,1479,0.303,213.2,7
2024-05-18,Direct,Mobile,339,314,696,0.621,205.6,4
2024-05-18,Direct,Tablet,52,40,145,0.542,118.5,1
2024-05-18,Email,Desktop,111,85,383,0.535,195.5,1
2024-05-18,Email,Mobile,114,89,290,0.431,48.9,2
2024-05-18,Email,Tablet,20,17,81,0.41,131.4,0
2024-05-18,Referral,Desktop,81,76,211,0.665,206.5,2
2024-05-18,Referral,Mobile,105,87,294,0.309,204.7,1
2024-05-18,Referral,Tablet,12,11,52,0.325,160.0,0
2024-05-19,Organic Search,Desktop,675,530,3029,0.387,64.6,18
2024-05-19,Organic Search,Mobile,880,821,2671,0.371,212.7,11
2024-05-19,Organic Search,Tablet,178,167,320,0.649,89.4,4
2024-05-19,Paid Search,Desktop,244,192,440,0.42,68.7,3
2024-05-19,Paid Search,Mobile,451,348,1969,0.372,229.4,7
2024-05-19,Paid Search,Tablet,67,58,198,0.438,46.6,0
2024-05-19,Social,Desktop,435,358,1538,0.634,138.2,6
2024-05-19,Social,Mobile,550,501,2082,0.561,48.3,3
2024-05-19,Social,Tablet,77,61,212,0.311,139.0,0
2024-05-19,Direct,Desktop,268,245,890,0.466,200.0,2
2024-05-19,Direct,Mobile,346,269,682,0.489,189.6,9
2024-05-19,Direct,Tablet,51,41,94,0.556,92.4,0
2024-05-19,Email,Desktop,78,60,147,0.612,60.5,2
2024-05-19,Email,Mobile,122,93,469,0.521,170.4,1
2024-05-19,Email,Tablet,21,16,69,0.636,175.1,0
2024-05-19,Referral,Desktop,69,55,250,0.626,201.9,1
2024-05-19,Referral,Mobile,97,77,179,0.669,222.2,2
2024-05-19,Referral,Tablet,19,16,48,0.446,58.9,0
2024-05-20,Organic Search,Desktop,529,455,1969,0.394,209.0,13
2024-05-20,Organic Search,Mobile,932,750,3637,0.326,54.5,13
2024-05-20,Organic Search,Tablet,156,124,492,0.575,108.5,4
2024-05-20,Paid Search,Desktop,283,231,820,0.443,100.0,1
2024-05-20,Paid Search,Mobile,343,264,835,0.449,166.4,3
2024-05-20,Paid Search,Tablet,52,43,167,0.49,92.9,0
2024-05-20,Social,Desktop,413,316,1455,0.399,223.6,9
2024-05-20,Social,Mobile,532,423,1179,0.546,200.4,15
2024-05-20,Social,Tablet,81,68,339,0.5,48.7,2
2024-05-20,Direct,Desktop,197,153,561,0.404,149.9,1
2024-05-20,Direct,Mobile,335,260,1372,0.443,101.3,9
2024-05-20,Direct,Tablet,43,33,109,0.577,166.9,0
2024-05-20,Email,Desktop,111,86,296,0.551,83.5,3
2024-05-20,Email,Mobile,114,101,254,0.643,222.2,0
2024-05-20,Email,Tablet,19,16,69,0.627,141.7,0
2024-05-20,Referral,Desktop,80,61,175,0.692,118.4,0
2024-05-20,Referral,Mobile,106,80,463,0.43,201.4,2
2024-05-20,Referral,Tablet,15,12,34,0.419,194.0,0
2024-05-21,Organic Search,Desktop,539,511,1800,0.51,90.9,14
2024-05-21,Organic Search,Mobile,662,614,2931,0.418,61.7,13
2024-05-21,Organic Search,Tablet,77,67,243,0.692,182.3,1
2024-05-21,Paid Search,Desktop,255,225,992,0.398,212.7,7
2024-05-21,Paid Search,Mobile,308,291,1206,0.628,189.6,7
2024-05-21,Paid Search,Tablet,75,64,180,0.384,190.0,0
2024-05-21,Social,Desktop,348,301,1521,0.587,83.1,4
2024-05-21,Social,Mobile,460,354,853,0.596,74.9,7
2024-05-21,Social,Tablet,56,42,140,0.444,178.9,1
2024-05-21,Direct,Desktop,185,153,617,0.456,125.2,5
2024-05-21,Direct,Mobile,327,277,631,0.32,189.6,8
2024-05-21,Direct,Tablet,49,39,176,0.324,47.2,0
2024-05-21,Email,Desktop,113,87,346,0.648,102.7,2
2024-05-21,Email,Mobile,144,128,600,0.368,55.3,1
2024-05-21,Email,Tablet,23,18,46,0.694,93.3,0
2024-05-21,Referral,Desktop,83,77,155,0.594,46.3,1
2024-05-21,Referral,Mobile,91,84,352,0.516,164.5,0
2024-05-21,Referral,Tablet,14,12,25,0.388,166.8,0
2024-05-22,Organic Search,Desktop,640,547,2174,0.615,180.1,5
2024-05-22,Organic Search,Mobile,718,652,2125,0.501,145.0,21
2024-05-22,Organic Search,Tablet,167,136,694,0.666,205.2,0
2024-05-22,Paid Search,Desktop,344,283,658,0.339,169.7,3
2024-05-22,Paid Search,Mobile,389,309,722,0.38,139.5,9
2024-05-22,Paid Search,Tablet,35,28,82,0.575,74.3,0
2024-05-22,Social,Desktop,314,279,1222,0.506,139.3,2
2024-05-22,Social,Mobile,580,471,2132,0.489,224.5,16
2024-05-22,Social,Tablet,79,61,161,0.622,166.3,0
2024-05-22,Direct,Desktop,239,223,535,0.399,70.5,1
2024-05-22,Direct,Mobile,327,300,1336,0.304,152.2,4
2024-05-22,Direct,Tablet,56,51,176,0.61,199.1,0
2024-05-22,Email,Desktop,118,96,372,0.673,77.6,3
2024-05-22,Email,Mobile,127,113,463,0.394,104.1,3
2024-05-22,Email,Tablet,18,15,54,0.542,67.9,0
2024-05-22,Referral,Desktop,61,54,273,0.678,107.0,0
2024-05-22,Referral,Mobile,119,107,395,0.546,189.8,2
2024-05-22,Referral,Tablet,13,11,39,0.451,134.8,0
2024-05-23,Organic Search,Desktop,622,496,1317,0.695,154.6,3
2024-05-23,Organic Search,Mobile,977,851,2726,0.554,158.6,6
2024-05-23,Organic Search,Tablet,129,109,482,0.595,194.5,1
2024-05-23,Paid Search,Desktop,288,234,1057,0.657,45.4,3
2024-05-23,Paid Search,Mobile,358,288,1236,0.61,135.2,8
2024-05-23,Paid Search,Tablet,49,39,149,0.677,111.8,0
2024-05-23,Social,Desktop,276,248,597,0.501,126.1,8
2024-05-23,Social,Mobile,504,390,1927,0.317,225.4,13
2024-05-23,Social,Tablet,79,63,316,0.401,58.1,0
2024-05-23,Direct,Desktop,235,180,995,0.667,198.8,3
2024-05-23,Direct,Mobile,249,195,526,0.573,59.2,5
2024-05-23,Direct,Tablet,36,27,87,0.558,60.4,0
2024-05-23,Email,Desktop,94,81,260,0.556,225.7,1
2024-05-23,Email,Mobile,108,92,384,0.495,218.6,2
2024-05-23,Email,Tablet,17,14,57,0.681,94.3,0
2024-05-23,Referral,Desktop,78,69,226,0.533,71.4,0
2024-05-23,Referral,Mobile,92,75,182,0.562,48.1,1
2024-05-23,Referral,Tablet,16,13,50,0.552,220.5,0
2024-05-24,Organic Search,Desktop,683,626,2134,0.494,92.7,14
2024-05-24,Organic Search,Mobile,822,733,2092,0.454,96.3,14
2024-05-24,Organic Search,Tablet,105,92,212,0.379,206.8,1
2024-05-24,Paid Search,Desktop,269,234,841,0.493,170.6,3
2024-05-24,Paid Search,Mobile,299,254,832,0.617,48.9,6
2024-05-24,Paid Search,Tablet,44,39,83,0.448,129.6,0
2024-05-24,Social,Desktop,262,247,910,0.554,100.4,3
2024-05-24,Social,Mobile,461,348,1909,0.545,84.3,12
2024-05-24,Social,Tablet,58,43,182,0.446,181.2,1
2024-05-24,Direct,Desktop,238,214,476,0.448,109.1,2
2024-05-24,Direct,Mobile,241,224,583,0.676,193.0,6
2024-05-24,Direct,Tablet,45,39,84,0.604,46.0,1
2024-05-24,Email,Desktop,132,116,363,0.636,110.3,3
2024-05-24,Email,Mobile,137,111,604,0.457,148.8,2
2024-05-24,Email,Tablet,22,19,60,0.461,74.2,0
2024-05-24,Referral,Desktop,64,52,238,0.612,53.1,0
2024-05-24,Referral,Mobile,74,66,224,0.354,221.9,0
2024-05-24,Referral,Tablet,11,9,30,0.475,150.1,0
2024-05-25,Organic Search,Desktop,770,719,2753,0.366,153.3,19
2024-05-25,Organic Search,Mobile,891,685,2392,0.41,105.6,19
2024-05-25,Organic Search,Tablet,143,121,516,0.306,150.3,1
2024-05-25,Paid Search,Desktop,299,271,1129,0.692,224.2,6
2024-05-25,Paid Search,Mobile,406,356,977,0.58,81.0,2
2024-05-25,Paid Search,Tablet,42,33,100,0.394,122.0,1
2024-05-25,Social,Desktop,291,246,584,0.556,101.8,2
2024-05-25,Social,Mobile,483,413,1598,0.385,146.6,3
2024-05-25,Social,Tablet,74,66,290,0.588,224.8,0
2024-05-25,Direct,Desktop,245,199,805,0.588,153.4,3
2024-05-25,Direct,Mobile,400,336,1606,0.61,145.4,10
2024-05-25,Direct,Tablet,51,42,114,0.476,63.0,1
2024-05-25,Email,Desktop,107,81,256,0.517,66.4,2
2024-05-25,Email,Mobile,116,103,282,0.545,62.7,1
2024-05-25,Email,Tablet,21,17,55,0.33,217.2,0
2024-05-25,Referral,Desktop,84,65,172,0.609,131.2,1
2024-05-25,Referral,Mobile,119,92,441,0.566,166.5,0
2024-05-25,Referral,Tablet,18,14,79,0.477,176.2,0
2024-05-26,Organic Search,Desktop,661,619,2733,0.614,138.9,7
2024-05-26,Organic Search,Mobile,822,669,3264,0.426,47.2,5
2024-05-26,Organic Search,Tablet,154,122,690,0.559,164.0,2
2024-05-26,Paid Search,Desktop,333,285,679,0.519,47.7,9
2024-05-26,Paid Search,Mobile,415,349,825,0.524,186.5,6
2024-05-26,Paid Search,Tablet,64,51,250,0.541,143.8,0
2024-05-26,Social,Desktop,424,328,875,0.64,136.6,5
2024-05-26,Social,Mobile,580,525,2227,0.648,181.4,4
2024-05-26,Social,Tablet,96,73,297,0.626,139.3,1
2024-05-26,Direct,Desktop,245,208,1055,0.398,85.9,2
2024-05-26,Direct,Mobile,383,351,1055,0.349,237.0,2
2024-05-26,Direct,Tablet,51,43,95,0.438,214.6,1
2024-05-26,Email,Desktop,69,61,150,0.618,159.2,1
2024-05-26,Email,Mobile,141,121,270,0.648,233.2,3
2024-05-26,Email,Tablet,23,19,81,0.555,147.7,0
2024-05-26,Referral,Desktop,84,77,340,0.583,144.5,1
2024-05-26,Referral,Mobile,82,76,150,0.464,65.5,0
2024-05-26,Referral,Tablet,15,11,49,0.321,143.7,0
2024-05-27,Organic Search,Desktop,610,533,1201,0.63,146.8,15
2024-05-27,Organic Search,Mobile,820,668,1494,0.532,100.8,20
2024-05-27,Organic Search,Tablet,137,114,587,0.481,136.2,3
2024-05-27,Paid Search,Desktop,259,204,1054,0.647,97.4,7
2024-05-27,Paid Search,Mobile,431,370,1784,0.461,115.5,9
2024-05-27,Paid Search,Tablet,68,64,208,0.311,167.0,1
2024-05-27,Social,Desktop,309,251,1158,0.502,238.6,3
2024-05-27,Social,Mobile,430,362,1327,0.6,150.4,6
2024-05-27,Social,Tablet,73,61,248,0.409,81.3,1
2024-05-27,Direct,Desktop,147,124,634,0.549,76.3,2
2024-05-27,Direct,Mobile,285,220,988,0.315,174.2,3
2024-05-27,Direct,Tablet,46,35,200,0.481,53.0,0
2024-05-27,Email,Desktop,128,101,293,0.493,46.8,2
2024-05-27,Email,Mobile,117,91,387,0.68,199.8,0
2024-05-27,Email,Tablet,14,11,37,0.452,230.1,0
2024-05-27,Referral,Desktop,90,72,189,0.377,221.7,2
2024-05-27,Referral,Mobile,81,71,237,0.363,136.9,1
2024-05-27,Referral,Tablet,12,9,44,0.504,114.0,0
2024-05-28,Organic Search,Desktop,707,567,2985,0.45,66.1,11
2024-05-28,Organic Search,Mobile,920,710,1902,0.323,169.6,10
2024-05-28,Organic Search,Tablet,180,160,563,0.539,165.1,2
2024-05-28,Paid Search,Desktop,305,234,699,0.429,224.7,6
2024-05-28,Paid Search,Mobile,407,357,1553,0.628,94.4,12
2024-05-28,Paid Search,Tablet,60,56,197,0.394,202.8,1
2024-05-28,Social,Desktop,379,322,1099,0.509,101.0,2
2024-05-28,Social,Mobile,454,353,1621,0.333,88.5,11
2024-05-28,Social,Tablet,89,74,164,0.496,237.1,2
2024-05-28,Direct,Desktop,229,201,917,0.639,210.4,1
2024-05-28,Direct,Mobile,294,249,1144,0.659,216.9,2
2024-05-28,Direct,Tablet,46,36,93,0.56,199.5,0
2024-05-28,Email,Desktop,104,89,222,0.694,157.7,1
2024-05-28,Email,Mobile,63,53,128,0.48,113.5,1
2024-05-28,Email,Tablet,17,13,43,0.54,54.4,0
2024-05-28,Referral,Desktop,94,85,294,0.623,149.3,0
2024-05-28,Referral,Mobile,104,95,300,0.62,144.3,2
2024-05-28,Referral,Tablet,12,10,39,0.506,122.5,0
2024-05-29,Organic Search,Desktop,775,629,2931,0.426,121.7,15
2024-05-29,Organic Search,Mobile,1000,892,4317,0.626,186.5,26
2024-05-29,Organic Search,Tablet,160,142,538,0.522,101.3,3
2024-05-29,Paid Search,Desktop,324,290,1295,0.623,132.4,4
2024-05-29,Paid Search,Mobile,368,333,1292,0.563,187.1,7
2024-05-29,Paid Search,Tablet,55,43,171,0.427,61.4,0
2024-05-29,Social,Desktop,342,275,1286,0.405,117.9,7
2024-05-29,Social,Mobile,433,393,1619,0.419,130.8,7
2024-05-29,Social,Tablet,70,63,214,0.371,185.7,0
2024-05-29,Direct,Desktop,276,244,754,0.552,50.4,4
2024-05-29,Direct,Mobile,331,285,906,0.394,195.1,8
2024-05-29,Direct,Tablet,47,40,211,0.49,69.7,0
2024-05-29,Email,Desktop,73,55,198,0.49,108.6,1
2024-05-29,Email,Mobile,112,103,336,0.542,122.1,2
2024-05-29,Email,Tablet,15,11,31,0.413,118.7,0
2024-05-29,Referral,Desktop,92,73,349,0.489,84.3,2
2024-05-29,Referral,Mobile,96,75,277,0.547,188.6,1
2024-05-29,Referral,Tablet,14,11,44,0.314,136.1,0
2024-05-30,Organic Search,Desktop,667,597,1454,0.473,178.7,15
2024-05-30,Organic Search,Mobile,1027,857,2797,0.479,51.6,22
2024-05-30,Organic Search,Tablet,108,99,469,0.444,163.0,1
2024-05-30,Paid Search,Desktop,237,179,690,0.44,61.2,5
2024-05-30,Paid Search,Mobile,446,346,981,0.583,172.2,6
2024-05-30,Paid Search,Tablet,63,56,128,0.534,69.6,0
2024-05-30,Social,Desktop,392,296,752,0.402,105.4,7
2024-05-30,Social,Mobile,425,336,1186,0.536,46.2,6
2024-05-30,Social,Tablet,82,70,197,0.445,233.5,1
2024-05-30,Direct,Desktop,240,188,880,0.568,144.9,5
2024-05-30,Direct,Mobile,338,310,1216,0.468,157.7,6
2024-05-30,Direct,Tablet,47,41,171,0.388,81.4,0
2024-05-30,Email,Desktop,112,95,240,0.67,149.8,2
2024-05-30,Email,Mobile,134,119,333,0.587,69.2,3
2024-05-30,Email,Tablet,17,13,74,0.41,111.8,0
2024-05-30,Referral,Desktop,72,57,198,0.627,161.1,0
2024-05-30,Referral,Mobile,116,108,487,0.511,142.3,1
2024-05-30,Referral,Tablet,16,14,40,0.346,172.0,0
2024-05-31,Organic Search,Desktop,693,637,2407,0.691,127.6,6
2024-05-31,Organic Search,Mobile,844,734,2616,0.473,176.3,13
2024-05-31,Organic Search,Tablet,210,171,785,0.479,224.6,4
2024-05-31,Paid Search,Desktop,238,181,751,0.5,231.3,6
2024-05-31,Paid Search,Mobile,377,356,1008,0.324,150.0,6
2024-05-31,Paid Search,Tablet,50,38,139,0.541,200.4,1
2024-05-31,Social,Desktop,279,222,523,0.373,63.8,6
2024-05-31,Social,Mobile,425,391,1621,0.553,116.2,6
2024-05-31,Social,Tablet,68,55,213,0.678,134.7,0
2024-05-31,Direct,Desktop,240,201,536,0.407,89.2,3
2024-05-31,Direct,Mobile,336,260,1164,0.528,47.0,2
2024-05-31,Direct,Tablet,54,45,211,0.464,163.1,1
2024-05-31,Email,Desktop,79,65,327,0.69,153.3,0
2024-05-31,Email,Mobile,165,125,301,0.432,66.5,1
2024-05-31,Email,Tablet,14,10,52,0.311,95.5,0
2024-05-31,Referral,Desktop,80,63,284,0.509,183.4,1
2024-05-31,Referral,Mobile,88,77,252,0.588,102.1,1
2024-05-31,Referral,Tablet,14,11,49,0.426,88.3,0
2024-06-01,Organic Search,Desktop,753,666,2791,0.422,201.4,13
2024-06-01,Organic Search,Mobile,920,858,4064,0.673,45.7,9
2024-06-01,Organic Search,Tablet,146,122,436,0.571,221.6,2
2024-06-01,Paid Search,Desktop,246,187,975,0.608,178.5,6
2024-06-01,Paid Search,Mobile,416,390,918,0.654,101.4,6
2024-06-01,Paid Search,Tablet,65,57,218,0.32,130.5,0
2024-06-01,Social,Desktop,364,291,1315,0.61,216.9,10
2024-06-01,Social,Mobile,540,486,1668,0.596,119.2,14
2024-06-01,Social,Tablet,89,79,361,0.587,154.6,1
2024-06-01,Direct,Desktop,315,239,1139,0.626,218.0,3
2024-06-01,Direct,Mobile,329,260,977,0.685,115.8,9
2024-06-01,Direct,Tablet,59,44,106,0.668,226.3,1
2024-06-01,Email,Desktop,128,104,449,0.403,98.5,3
2024-06-01,Email,Mobile,176,162,554,0.659,225.2,5
2024-06-01,Email,Tablet,18,14,43,0.484,115.6,0
2024-06-01,Referral,Desktop,98,89,262,0.659,121.2,2
2024-06-01,Referral,Mobile,149,111,317,0.663,105.5,0
2024-06-01,Referral,Tablet,17,15,45,0.575,189.7,0
2024-06-02,Organic Search,Desktop,649,574,2239,0.458,101.1,17
2024-06-02,Organic Search,Mobile,1079,870,3210,0.694,223.3,22
2024-06-02,Organic Search,Tablet,171,159,577,0.525,216.1,3
2024-06-02,Paid Search,Desktop,295,257,1230,0.326,213.8,3
2024-06-02,Paid Search,Mobile,507,465,2036,0.519,203.1,9
2024-06-02,Paid Search,Tablet,61,53,261,0.453,125.3,1
2024-06-02,Social,Desktop,446,395,848,0.499,227.9,6
2024-06-02,Social,Mobile,532,411,1806,0.388,222.7,3
2024-06-02,Social,Tablet,85,67,333,0.385,224.0,1
2024-06-02,Direct,Desktop,176,159,483,0.553,109.8,4
2024-06-02,Direct,Mobile,404,361,1334,0.562,171.4,4
2024-06-02,Direct,Tablet,59,50,205,0.698,189.4,1
2024-06-02,Email,Desktop,114,98,418,0.69,230.1,0
2024-06-02,Email,Mobile,134,104,380,0.653,177.8,2
2024-06-02,Email,Tablet,25,21,106,0.379,72.7,0
2024-06-02,Referral,Desktop,93,74,247,0.35,46.2,2
2024-06-02,Referral,Mobile,120,91,322,0.369,98.2,1
2024-06-02,Referral,Tablet,19,17,47,0.331,113.9,0
2024-06-03,Organic Search,Desktop,795,673,2870,0.653,149.9,8
2024-06-03,Organic Search,Mobile,1222,1047,2279,0.482,72.0,7
2024-06-03,Organic Search,Tablet,123,114,417,0.488,184.2,2
2024-06-03,Paid Search,Desktop,311,285,616,0.699,87.0,8
2024-06-03,Paid Search,Mobile,383,340,1163,0.573,191.2,8
2024-06-03,Paid Search,Tablet,79,67,198,0.375,122.9,0
2024-06-03,Social,Desktop,348,299,1358,0.404,134.3,2
2024-06-03,Social,Mobile,478,364,1621,0.398,68.7,5
2024-06-03,Social,Tablet,77,59,249,0.313,130.3,0
2024-06-03,Direct,Desktop,295,232,1127,0.517,62.1,3
2024-06-03,Direct,Mobile,243,227,925,0.365,175.7,2
2024-06-03,Direct,Tablet,55,48,209,0.564,96.8,0
2024-06-03,Email,Desktop,85,76,336,0.393,81.8,1
2024-06-03,Email,Mobile,101,84,404,0.559,97.7,0
2024-06-03,Email,Tablet,19,16,55,0.694,111.7,0
2024-06-03,Referral,Desktop,75,70,221,0.65,202.3,0
2024-06-03,Referral,Mobile,112,102,373,0.627,57.0,0
2024-06-03,Referral,Tablet,14,11,50,0.579,56.8,0
2024-06-04,Organic Search,Desktop,868,757,2974,0.47,60.7,21
2024-06-04,Organic Search,Mobile,1000,851,3243,0.672,210.8,20
2024-06-04,Organic Search,Tablet,150,138,468,0.666,131.3,1
2024-06-04,Paid Search,Desktop,263,234,700,0.604,114.3,2
2024-06-04,Paid Search,Mobile,286,223,1201,0.402,236.2,4
2024-06-04,Paid Search,Tablet,45,37,155,0.382,140.8,1
2024-06-04,Social,Desktop,339,265,1043,0.611,52.9,7
2024-06-04,Social,Mobile,395,340,813,0.439,201.8,9
2024-06-04,Social,Tablet,56,44,231,0.592,90.8,0
2024-06-04,Direct,Desktop,297,241,1039,0.5,150.7,4
2024-06-04,Direct,Mobile,287,223,586,0.6,178.9,6
2024-06-04,Direct,Tablet,45,35,167,0.624,212.0,0
2024-06-04,Email,Desktop,97,87,230,0.324,233.4,1
2024-06-04,Email,Mobile,112,105,388,0.57,76.6,2
2024-06-04,Email,Tablet,16,13,61,0.468,106.8,0
2024-06-04,Referral,Desktop,67,55,173,0.532,219.8,0
2024-06-04,Referral,Mobile,65,50,148,0.401,92.6,0
2024-06-04,Referral,Tablet,21,16,76,0.673,101.8,0
2024-06-05,Organic Search,Desktop,742,608,1482,0.601,119.1,4
2024-06-05,Organic Search,Mobile,1097,965,3839,0.692,187.7,10
2024-06-05,Organic Search,Tablet,131,108,364,0.669,194.2,2
2024-06-05,Paid Search,Desktop,273,248,1097,0.342,72.1,4
2024-06-05,Paid Search,Mobile,421,366,1298,0.377,166.6,8
2024-06-05,Paid Search,Tablet,56,44,216,0.34,94.4,1
2024-06-05,Social,Desktop,309,290,1133,0.31,95.2,6
2024-06-05,Social,Mobile,547,479,1081,0.608,162.4,8
2024-06-05,Social,Tablet,68,54,262,0.337,63.3,0
2024-06-05,Direct,Desktop,294,237,739,0.595,68.2,2
2024-06-05,Direct,Mobile,309,286,1353,0.7,61.8,8
2024-06-05,Direct,Tablet,36,29,151,0.626,166.9,0
2024-06-05,Email,Desktop,96,83,177,0.48,152.4,1
2024-06-05,Email,Mobile,135,115,502,0.554,229.2,2
2024-06-05,Email,Tablet,19,16,74,0.493,91.2,0
2024-06-05,Referral,Desktop,69,55,270,0.486,202.8,1
2024-06-05,Referral,Mobile,92,79,250,0.476,112.8,1
2024-06-05,Referral,Tablet,12,10,49,0.418,82.2,0
2024-06-06,Organic Search,Desktop,928,837,2327,0.532,122.5,15
2024-06-06,Organic Search,Mobile,865,744,2765,0.48,152.1,24
2024-06-06,Organic Search,Tablet,168,129,510,0.303,198.8,1
2024-06-06,Paid Search,Desktop,252,208,888,0.575,190.4,7
2024-06-06,Paid Search,Mobile,360,316,714,0.479,174.4,9
2024-06-06,Paid Search,Tablet,60,46,116,0.689,119.0,0
2024-06-06,Social,Desktop,360,270,794,0.507,206.6,8
2024-06-06,Social,Mobile,548,477,1982,0.687,113.8,12
2024-06-06,Social,Tablet,72,56,177,0.416,109.7,1
2024-06-06,Direct,Desktop,258,216,940,0.611,238.7,6
2024-06-06,Direct,Mobile,266,220,1133,0.363,132.8,3
2024-06-06,Direct,Tablet,46,38,152,0.524,111.1,0
2024-06-06,Email,Desktop,99,91,367,0.4,228.1,0
2024-06-06,Email,Mobile,136,110,536,0.611,191.4,1
2024-06-06,Email,Tablet,22,18,78,0.305,222.2,0
2024-06-06,Referral,Desktop,73,58,175,0.566,237.4,0
2024-06-06,Referral,Mobile,103,95,319,0.375,222.3,2
2024-06-06,Referral,Tablet,16,12,69,0.518,206.1,0
2024-06-07,Organic Search,Desktop,901,679,3564,0.498,138.8,25
2024-06-07,Organic Search,Mobile,1016,775,1896,0.333,120.3,21
2024-06-07,Organic Search,Tablet,160,128,376,0.52,154.7,4
2024-06-07,Paid Search,Desktop,291,233,597,0.57,148.6,3
2024-06-07,Paid Search,Mobile,368,297,738,0.332,219.2,2
2024-06-07,Paid Search,Tablet,58,49,145,0.528,122.0,1
2024-06-07,Social,Desktop,328,270,1393,0.699,51.3,3
2024-06-07,Social,Mobile,524,463,1672,0.684,179.9,5
2024-06-07,Social,Tablet,77,59,288,0.465,181.9,2
2024-06-07,Direct,Desktop,209,165,489,0.472,161.4,2
2024-06-07,Direct,Mobile,233,218,1003,0.676,222.0,6
2024-06-07,Direct,Tablet,53,47,131,0.324,159.6,0
2024-06-07,Email,Desktop,88,66,342,0.678,58.2,2
2024-06-07,Email,Mobile,153,116,521,0.577,200.8,1
2024-06-07,Email,Tablet,22,17,93,0.463,195.8,0
2024-06-07,Referral,Desktop,94,77,237,0.522,179.4,1
2024-06-07,Referral,Mobile,123,106,364,0.485,164.6,2
2024-06-07,Referral,Tablet,14,10,62,0.597,106.8,0
2024-06-08,Organic Search,Desktop,919,756,2589,0.526,180.6,23
2024-06-08,Organic Search,Mobile,1098,1039,3901,0.436,120.8,20
2024-06-08,Organic Search,Tablet,122,113,252,0.335,154.1,0
2024-06-08,Paid Search,Desktop,319,246,896,0.415,150.9,7
2024-06-08,Paid Search,Mobile,417,387,1490,0.654,125.4,8
2024-06-08,Paid Search,Tablet,51,46,150,0.459,85.0,1
2024-06-08,Social,Desktop,419,362,1476,0.327,99.6,11
2024-06-08,Social,Mobile,522,486,1361,0.391,45.9,10
2024-06-08,Social,Tablet,56,44,109,0.594,154.2,1
2024-06-08,Direct,Desktop,254,240,755,0.516,181.7,2
2024-06-08,Direct,Mobile,338,284,722,0.326,239.3,5
2024-06-08,Direct,Tablet,66,53,125,0.658,120.2,0
2024-06-08,Email,Desktop,116,109,419,0.342,187.2,1
2024-06-08,Email,Mobile,139,115,315,0.648,63.5,2
2024-06-08,Email,Tablet,27,21,111,0.362,132.3,0
2024-06-08,Referral,Desktop,91,72,188,0.333,76.8,0
2024-06-08,Referral,Mobile,116,95,252,0.46,127.0,3
2024-06-08,Referral,Tablet,18,14,66,0.437,53.9,0
2024-06-09,Organic Search,Desktop,779,683,2140,0.453,176.1,20
2024-06-09,Organic Search,Mobile,771,650,2285,0.612,177.5,5
2024-06-09,Organic Search,Tablet,139,123,313,0.313,102.6,3
2024-06-09,Paid Search,Desktop,326,305,831,0.334,167.5,1
2024-06-09,Paid Search,Mobile,512,442,1570,0.404,184.1,7
2024-06-09,Paid Search,Tablet,58,48,165,0.424,94.9,0
2024-06-09,Social,Desktop,404,331,1788,0.388,216.2,2
2024-06-09,Social,Mobile,475,389,1991,0.546,95.2,10
2024-06-09,Social,Tablet,81,71,286,0.385,67.8,0
2024-06-09,Direct,Desktop,256,241,781,0.38,177.9,5
2024-06-09,Direct,Mobile,483,376,1940,0.663,86.0,12
2024-06-09,Direct,Tablet,62,49,146,0.429,59.7,1
2024-06-09,Email,Desktop,99,85,280,0.56,118.3,2
2024-06-09,Email,Mobile,131,109,251,0.437,128.7,3
2024-06-09,Email,Tablet,22,19,82,0.545,89.3,0
2024-06-09,Referral,Desktop,73,62,170,0.657,125.9,2
2024-06-09,Referral,Mobile,138,118,286,0.336,148.5,0
2024-06-09,Referral,Tablet,24,18,67,0.314,175.9,0
2024-06-10,Organic Search,Desktop,693,635,1761,0.453,191.1,13
2024-06-10,Organic Search,Mobile,881,661,2472,0.413,185.4,23
2024-06-10,Organic Search,Tablet,132,121,579,0.541,137.0,3
2024-06-10,Paid Search,Desktop,301,268,1139,0.384,109.0,3
2024-06-10,Paid Search,Mobile,259,245,551,0.489,208.4,4
2024-06-10,Paid Search,Tablet,54,43,103,0.654,208.9,1
2024-06-10,Social,Desktop,335,310,1409,0.315,127.9,1
2024-06-10,Social,Mobile,461,428,928,0.566,231.3,11
2024-06-10,Social,Tablet,58,52,132,0.618,116.4,1
2024-06-10,Direct,Desktop,215,184,861,0.567,69.4,4
2024-06-10,Direct,Mobile,331,307,1462,0.677,115.5,2
2024-06-10,Direct,Tablet,56,43,121,0.342,228.7,0
2024-06-10,Email,Desktop,104,85,277,0.686,153.5,2
2024-06-10,Email,Mobile,125,115,327,0.543,237.0,2
2024-06-10,Email,Tablet,16,13,59,0.444,105.7,0
2024-06-10,Referral,Desktop,85,69,351,0.646,133.8,1
2024-06-10,Referral,Mobile,88,71,285,0.349,201.4,2
2024-06-10,Referral,Tablet,18,14,44,0.529,83.9,0
2024-06-11,Organic Search,Desktop,720,606,2942,0.436,219.0,11
2024-06-11,Organic Search,Mobile,721,547,2803,0.673,129.6,20
2024-06-11,Organic Search,Tablet,130,110,544,0.537,124.3,2
2024-06-11,Paid Search,Desktop,255,214,1103,0.635,107.9,7
2024-06-11,Paid Search,Mobile,337,263,768,0.573,185.0,5
2024-06-11,Paid Search,Tablet,56,43,168,0.449,123.8,1
2024-06-11,Social,Desktop,420,356,894,0.421,176.6,4
2024-06-11,Social,Mobile,368,324,1017,0.474,65.1,4
2024-06-11,Social,Tablet,68,54,199,0.675,179.5,1
2024-06-11,Direct,Desktop,276,243,671,0.644,133.1,2
2024-06-11,Direct,Mobile,325,266,1140,0.357,73.4,4
2024-06-11,Direct,Tablet,43,36,178,0.661,129.7,0
2024-06-11,Email,Desktop,89,72,161,0.464,228.9,1
2024-06-11,Email,Mobile,130,103,460,0.419,82.6,0
2024-06-11,Email,Tablet,19,16,70,0.515,133.6,0
2024-06-11,Referral,Desktop,78,73,323,0.353,136.0,1
2024-06-11,Referral,Mobile,96,78,406,0.693,198.0,1
2024-06-11,Referral,Tablet,13,10,33,0.454,52.3,0
2024-06-12,Organic Search,Desktop,757,636,1680,0.438,132.4,10
2024-06-12,Organic Search,Mobile,752,621,2040,0.643,105.6,5
2024-06-12,Organic Search,Tablet,162,123,466,0.697,189.1,2
2024-06-12,Paid Search,Desktop,379,291,1261,0.669,193.6,3
2024-06-12,Paid Search,Mobile,422,353,1143,0.34,150.7,6
2024-06-12,Paid Search,Tablet,50,38,152,0.356,170.2,0
2024-06-12,Social,Desktop,316,258,753,0.477,108.2,7
2024-06-12,Social,Mobile,398,350,1071,0.494,187.2,8
2024-06-12,Social,Tablet,74,56,144,0.356,210.3,1
2024-06-12,Direct,Desktop,227,196,795,0.404,178.5,3
2024-06-12,Direct,Mobile,320,288,1207,0.572,114.2,3
2024-06-12,Direct,Tablet,56,47,231,0.494,75.8,0
2024-06-12,Email,Desktop,121,103,331,0.653,45.3,1
2024-06-12,Email,Mobile,152,129,361,0.517,211.3,3
2024-06-12,Email,Tablet,18,16,63,0.649,200.2,0
2024-06-12,Referral,Desktop,68,63,216,0.389,217.7,0
2024-06-12,Referral,Mobile,115,97,217,0.497,175.6,3
2024-06-12,Referral,Tablet,13,11,39,0.612,54.3,0
2024-06-13,Organic Search,Desktop,631,519,1978,0.304,181.4,8
2024-06-13,Organic Search,Mobile,1173,952,4114,0.553,100.4,28
2024-06-13,Organic Search,Tablet,150,140,453,0.578,185.8,1
2024-06-13,Paid Search,Desktop,270,242,1191,0.308,170.4,7
2024-06-13,Paid Search,Mobile,317,269,738,0.672,78.4,8
2024-06-13,Paid Search,Tablet,61,51,229,0.36,85.8,1
2024-06-13,Social,Desktop,360,301,1197,0.394,87.5,6
2024-06-13,Social,Mobile,416,372,1611,0.341,231.8,9
2024-06-13,Social,Tablet,67,59,276,0.661,117.8,1
2024-06-13,Direct,Desktop,259,220,579,0.55,49.1,3
2024-06-13,Direct,Mobile,304,252,1269,0.425,215.8,8
2024-06-13,Direct,Tablet,53,43,225,0.596,193.4,1
2024-06-13,Email,Desktop,110,87,389,0.392,148.1,1
2024-06-13,Email,Mobile,153,121,631,0.588,99.4,0
2024-06-13,Email,Tablet,20,16,48,0.655,225.6,0
2024-06-13,Referral,Desktop,79,62,247,0.322,183.6,0
2024-06-13,Referral,Mobile,99,74,380,0.686,119.3,2
2024-06-13,Referral,Tablet,15,12,33,0.416,83.4,0
2024-06-14,Organic Search,Desktop,561,442,1917,0.38,101.0,7
2024-06-14,Organic Search,Mobile,1122,943,2820,0.421,188.0,27
2024-06-14,Organic Search,Tablet,188,151,559,0.305,191.5,3
2024-06-14,Paid Search,Desktop,274,218,797,0.387,235.0,5
2024-06-14,Paid Search,Mobile,347,294,1263,0.373,137.1,7
2024-06-14,Paid Search,Tablet,65,52,276,0.351,95.7,1
2024-06-14,Social,Desktop,347,297,1295,0.359,101.2,9
2024-06-14,Social,Mobile,435,393,1495,0.447,229.0,12
2024-06-14,Social,Tablet,88,82,323,0.658,172.4,2
2024-06-14,Direct,Desktop,263,200,905,0.586,145.9,5
2024-06-14,Direct,Mobile,260,196,581,0.636,127.6,1
2024-06-14,Direct,Tablet,45,40,95,0.483,147.1,0
2024-06-14,Email,Desktop,102,81,416,0.419,226.8,2
2024-06-14,Email,Mobile,111,103,403,0.427,120.0,3
2024-06-14,Email,Tablet,20,16,84,0.65,137.0,0
2024-06-14,Referral,Desktop,106,82,420,0.444,201.8,3
2024-06-14,Referral,Mobile,99,93,331,0.497,211.7,1
2024-06-14,Referral,Tablet,19,14,60,0.499,196.5,0
2024-06-15,Organic Search,Desktop,890,669,3221,0.502,67.5,8
2024-06-15,Organic Search,Mobile,970,772,1807,0.682,187.0,11
2024-06-15,Organic Search,Tablet,166,134,559,0.581,71.5,3
2024-06-15,Paid Search,Desktop,254,218,628,0.302,220.9,3
2024-06-15,Paid Search,Mobile,387,353,1725,0.622,89.2,9
2024-06-15,Paid Search,Tablet,54,44,161,0.618,110.1,1
2024-06-15,Social,Desktop,299,268,984,0.35,49.6,5
2024-06-15,Social,Mobile,427,387,1275,0.594,70.9,11
2024-06-15,Social,Tablet,100,82,206,0.676,104.5,2
2024-06-15,Direct,Desktop,229,212,732,0.591,120.1,6
2024-06-15,Direct,Mobile,334,270,658,0.327,52.4,5
2024-06-15,Direct,Tablet,60,54,124,0.323,213.7,0
2024-06-15,Email,Desktop,84,79,270,0.59,184.3,0
2024-06-15,Email,Mobile,174,151,447,0.535,97.6,5
2024-06-15,Email,Tablet,17,15,68,0.423,70.6,0
2024-06-15,Referral,Desktop,94,71,284,0.403,106.5,2
2024-06-15,Referral,Mobile,145,127,486,0.459,72.9,1
2024-06-15,Referral,Tablet,17,15,39,0.493,166.3,0
2024-06-16,Organic Search,Desktop,929,827,2940,0.581,95.0,5
2024-06-16,Organic Search,Mobile,1143,1048,4015,0.528,76.1,26
2024-06-16,Organic Search,Tablet,176,154,424,0.358,233.2,3
2024-06-16,Paid Search,Desktop,328,299,1250,0.579,140.3,4
2024-06-16,Paid Search,Mobile,465,425,992,0.695,205.7,4
2024-06-16,Paid Search,Tablet,70,61,201,0.534,144.7,1
2024-06-16,Social,Desktop,404,314,848,0.638,85.4,2
2024-06-16,Social,Mobile,392,346,1371,0.338,58.2,7
2024-06-16,Social,Tablet,72,58,173,0.308,51.3,1
2024-06-16,Direct,Desktop,290,264,1261,0.564,188.6,4
2024-06-16,Direct,Mobile,335,304,711,0.581,155.6,4
2024-06-16,Direct,Tablet,44,33,163,0.423,118.3,0
2024-06-16,Email,Desktop,108,89,223,0.522,87.3,1
2024-06-16,Email,Mobile,158,137,561,0.539,218.8,4
2024-06-16,Email,Tablet,17,15,55,0.496,106.1,0
2024-06-16,Referral,Desktop,80,74,166,0.574,135.8,0
2024-06-16,Referral,Mobile,147,110,519,0.655,121.3,4
2024-06-16,Referral,Tablet,15,12,53,0.341,57.6,0
2024-06-17,Organic Search,Desktop,787,632,1857,0.402,223.7,21
2024-06-17,Organic Search,Mobile,939,772,3079,0.41,127.6,13
2024-06-17,Organic Search,Tablet,161,151,470,0.524,158.7,1
2024-06-17,Paid Search,Desktop,342,315,1184,0.421,133.5,4
2024-06-17,Paid Search,Mobile,410,327,1780,0.642,208.0,4
2024-06-17,Paid Search,Tablet,55,44,221,0.435,115.8,0
2024-06-17,Social,Desktop,401,354,1536,0.622,59.8,10
2024-06-17,Social,Mobile,533,433,1716,0.593,167.5,10
2024-06-17,Social,Tablet,81,61,184,0.334,56.3,2
2024-06-17,Direct,Desktop,249,197,634,0.334,154.1,2
2024-06-17,Direct,Mobile,311,246,1075,0.37,82.6,4
2024-06-17,Direct,Tablet,57,49,203,0.617,228.8,0
2024-06-17,Email,Desktop,123,103,400,0.663,115.9,2
2024-06-17,Email,Mobile,168,128,355,0.493,190.8,2
2024-06-17,Email,Tablet,13,11,28,0.548,148.1,0
2024-06-17,Referral,Desktop,87,73,357,0.431,50.8,1
2024-06-17,Referral,Mobile,108,97,258,0.308,178.7,1
2024-06-17,Referral,Tablet,15,11,44,0.361,178.2,0
2024-06-18,Organic Search,Desktop,810,713,1611,0.681,186.9,20
2024-06-18,Organic Search,Mobile,793,733,2010,0.388,53.6,12
2024-06-18,Organic Search,Tablet,125,111,461,0.324,230.2,2
2024-06-18,Paid Search,Desktop,326,291,774,0.43,100.1,2
2024-06-18,Paid Search,Mobile,332,274,965,0.604,206.9,8
2024-06-18,Paid Search,Tablet,53,48,160,0.668,113.9,0
2024-06-18,Social,Desktop,340,306,1392,0.668,73.3,8
2024-06-18,Social,Mobile,510,389,1419,0.655,75.1,13
2024-06-18,Social,Tablet,80,69,244,0.368,75.1,0
2024-06-18,Direct,Desktop,243,217,843,0.357,106.6,4
2024-06-18,Direct,Mobile,361,323,883,0.529,181.0,5
2024-06-18,Direct,Tablet,32,27,120,0.675,127.5,0
2024-06-18,Email,Desktop,116,97,398,0.684,212.6,0
2024-06-18,Email,Mobile,172,133,387,0.438,64.2,1
2024-06-18,Email,Tablet,23,20,94,0.491,174.1,0
2024-06-18,Referral,Desktop,89,73,368,0.518,183.1,2
2024-06-18,Referral,Mobile,96,73,361,0.601,220.2,1
2024-06-18,Referral,Tablet,13,10,36,0.363,112.9,0
2024-06-19,Organic Search,Desktop,625,563,2158,0.443,101.4,16
2024-06-19,Organic Search,Mobile,924,874,1667,0.668,173.3,8
2024-06-19,Organic Search,Tablet,137,127,312,0.399,143.2,1
2024-06-19,Paid Search,Desktop,326,247,1337,0.554,75.7,4
2024-06-19,Paid Search,Mobile,405,342,868,0.463,217.9,8
2024-06-19,Paid Search,Tablet,49,38,196,0.66,45.9,0
2024-06-19,Social,Desktop,392,338,770,0.399,69.3,7
2024-06-19,Social,Mobile,461,387,1713,0.565,194.3,4
2024-06-19,Social,Tablet,62,58,260,0.489,108.2,0
2024-06-19,Direct,Desktop,198,185,704,0.523,131.2,3
2024-06-19,Direct,Mobile,266,201,1101,0.473,101.8,7
2024-06-19,Direct,Tablet,50,45,198,0.483,100.5,0
2024-06-19,Email,Desktop,111,98,388,0.445,183.6,2
2024-06-19,Email,Mobile,134,110,385,0.314,200.5,3
2024-06-19,Email,Tablet,19,15,42,0.542,48.5,0
2024-06-19,Referral,Desktop,68,60,135,0.668,141.4,0
2024-06-19,Referral,Mobile,113,101,422,0.358,184.1,0
2024-06-19,Referral,Tablet,17,14,53,0.471,105.3,0
2024-06-20,Organic Search,Desktop,660,569,2458,0.325,170.3,17
2024-06-20,Organic Search,Mobile,1165,1038,4681,0.412,206.9,16
2024-06-20,Organic Search,Tablet,148,121,432,0.359,130.1,1
2024-06-20,Paid Search,Desktop,358,289,1024,0.612,190.8,6
2024-06-20,Paid Search,Mobile,354,314,901,0.317,179.8,2
2024-06-20,Paid Search,Tablet,62,56,130,0.46,199.5,1
2024-06-20,Social,Desktop,329,252,1025,0.435,224.0,6
2024-06-20,Social,Mobile,495,396,1743,0.648,228.1,11
2024-06-20,Social,Tablet,79,67,336,0.643,62.7,0
2024-06-20,Direct,Desktop,301,248,1023,0.648,140.0,3
2024-06-20,Direct,Mobile,309,254,995,0.332,213.3,4
2024-06-20,Direct,Tablet,52,46,205,0.481,57.8,1
2024-06-20,Email,Desktop,84,67,216,0.31,173.5,1
2024-06-20,Email,Mobile,130,108,366,0.441,146.0,3
2024-06-20,Email,Tablet,24,22,86,0.693,179.4,0
2024-06-20,Referral,Desktop,71,64,312,0.333,64.8,1
2024-06-20,Referral,Mobile,94,75,394,0.63,237.4,0
2024-06-20,Referral,Tablet,17,14,47,0.428,213.6,0
2024-06-21,Organic Search,Desktop,502,433,2212,0.63,89.2,5
2024-06-21,Organic Search,Mobile,858,719,2563,0.375,100.4,15
2024-06-21,Organic Search,Tablet,154,144,291,0.517,237.4,0
2024-06-21,Paid Search,Desktop,250,213,719,0.575,144.7,6
2024-06-21,Paid Search,Mobile,351,295,747,0.543,210.9,5
2024-06-21,Paid Search,Tablet,65,54,276,0.418,100.8,1
2024-06-21,Social,Desktop,438,393,872,0.431,153.0,6
2024-06-21,Social,Mobile,539,440,1486,0.473,225.0,11
2024-06-21,Social,Tablet,71,58,146,0.674,79.5,2
2024-06-21,Direct,Desktop,171,158,585,0.65,116.2,4
2024-06-21,Direct,Mobile,363,317,654,0.537,67.2,3
2024-06-21,Direct,Tablet,52,45,108,0.691,165.6,0
2024-06-21,Email,Desktop,93,73,286,0.608,137.2,2
2024-06-21,Email,Mobile,153,135,282,0.405,48.2,4
2024-06-21,Email,Tablet,21,16,62,0.375,176.7,0
2024-06-21,Referral,Desktop,77,58,170,0.346,208.3,0
2024-06-21,Referral,Mobile,122,95,336,0.377,47.8,3
2024-06-21,Referral,Tablet,20,16,62,0.443,172.8,0
2024-06-22,Organic Search,Desktop,982,826,3632,0.606,146.5,26
2024-06-22,Organic Search,Mobile,1205,957,3653,0.45,234.2,27
2024-06-22,Organic Search,Tablet,183,141,390,0.48,119.5,1
2024-06-22,Paid Search,Desktop,300,231,1253,0.61,220.4,5
2024-06-22,Paid Search,Mobile,456,424,1514,0.413,238.1,4
2024-06-22,Paid Search,Tablet,55,50,208,0.571,185.4,1
2024-06-22,Social,Desktop,374,344,744,0.497,64.5,9
2024-06-22,Social,Mobile,417,356,957,0.347,224.4,8
2024-06-22,Social,Tablet,91,78,220,0.481,233.9,1
2024-06-22,Direct,Desktop,222,207,716,0.596,167.6,3
2024-06-22,Direct,Mobile,408,328,1702,0.407,177.9,4
2024-06-22,Direct,Tablet,53,41,154,0.593,100.4,1
2024-06-22,Email,Desktop,96,83,223,0.586,126.7,1
2024-06-22,Email,Mobile,148,115,561,0.462,151.0,1
2024-06-22,Email,Tablet,23,19,60,0.324,51.6,0
2024-06-22,Referral,Desktop,92,80,386,0.578,191.3,0
2024-06-22,Referral,Mobile,121,111,258,0.526,92.0,3
2024-06-22,Referral,Tablet,17,15,62,0.591,119.6,0
2024-06-23,Organic Search,Desktop,866,676,2663,0.497,220.7,21
2024-06-23,Organic Search,Mobile,1047,842,1898,0.647,126.6,12
2024-06-23,Organic Search,Tablet,187,144,433,0.598,219.9,3
2024-06-23,Paid Search,Desktop,439,339,873,0.556,174.0,5
2024-06-23,Paid Search,Mobile,417,343,1460,0.427,140.0,7
2024-06-23,Paid Search,Tablet,78,61,350,0.429,90.5,1
2024-06-23,Social,Desktop,525,410,1573,0.351,196.5,6
2024-06-23,Social,Mobile,640,496,1282,0.62,76.1,5
2024-06-23,Social,Tablet,88,79,250,0.619,191.5,1
2024-06-23,Direct,Desktop,256,195,463,0.552,235.5,2
2024-06-23,Direct,Mobile,340,277,1481,0.376,47.2,1
2024-06-23,Direct,Tablet,55,52,237,0.513,45.1,0
2024-06-23,Email,Desktop,103,81,209,0.581,67.2,1
2024-06-23,Email,Mobile,148,130,654,0.578,183.0,0
2024-06-23,Email,Tablet,23,19,49,0.483,117.9,0
2024-06-23,Referral,Desktop,101,76,442,0.433,201.1,2
2024-06-23,Referral,Mobile,102,90,435,0.352,67.1,1
2024-06-23,Referral,Tablet,16,13,32,0.447,145.2,0
2024-06-24,Organic Search,Desktop,788,726,1520,0.546,202.4,6
2024-06-24,Organic Search,Mobile,1118,879,2108,0.337,135.3,20
2024-06-24,Organic Search,Tablet,166,148,571,0.494,117.7,2
2024-06-24,Paid Search,Desktop,339,296,670,0.423,219.6,5
2024-06-24,Paid Search,Mobile,392,351,1019,0.472,143.8,10
2024-06-24,Paid Search,Tablet,58,46,161,0.625,70.4,1
2024-06-24,Social,Desktop,365,295,748,0.597,68.7,9
2024-06-24,Social,Mobile,388,366,1554,0.332,65.4,10
2024-06-24,Social,Tablet,58,43,257,0.59,108.4,1
2024-06-24,Direct,Desktop,305,260,607,0.54,73.6,6
2024-06-24,Direct,Mobile,263,229,657,0.591,187.9,3
2024-06-24,Direct,Tablet,48,43,188,0.506,214.8,1
2024-06-24,Email,Desktop,97,86,382,0.395,222.1,1
2024-06-24,Email,Mobile,135,117,276,0.555,186.7,3
2024-06-24,Email,Tablet,12,11,22,0.616,225.9,0
2024-06-24,Referral,Desktop,78,64,214,0.375,98.1,0
2024-06-24,Referral,Mobile,84,70,232,0.443,199.9,1
2024-06-24,Referral,Tablet,20,15,82,0.324,213.2,0
2024-06-25,Organic Search,Desktop,714,592,2665,0.344,95.1,19
2024-06-25,Organic Search,Mobile,1031,927,3065,0.582,58.2,10
2024-06-25,Organic Search,Tablet,142,114,446,0.698,95.5,1
2024-06-25,Paid Search,Desktop,231,197,752,0.7,232.2,5
2024-06-25,Paid Search,Mobile,414,347,781,0.686,202.9,9
2024-06-25,Paid Search,Tablet,73,61,151,0.573,224.4,1
2024-06-25,Social,Desktop,415,363,976,0.479,215.5,8
2024-06-25,Social,Mobile,518,411,2323,0.569,65.7,5
2024-06-25,Social,Tablet,70,56,228,0.598,142.2,1
2024-06-25,Direct,Desktop,216,179,679,0.339,108.1,6
2024-06-25,Direct,Mobile,364,340,771,0.527,219.3,9
2024-06-25,Direct,Tablet,46,35,126,0.67,98.7,0
2024-06-25,Email,Desktop,115,94,456,0.314,73.2,2
2024-06-25,Email,Mobile,152,117,616,0.551,202.5,3
2024-06-25,Email,Tablet,15,11,53,0.382,97.5,0
2024-06-25,Referral,Desktop,70,60,162,0.594,54.2,1
2024-06-25,Referral,Mobile,105,93,438,0.469,143.2,2
2024-06-25,Referral,Tablet,16,12,67,0.574,181.6,0
2024-06-26,Organic Search,Desktop,627,594,1378,0.594,198.5,13
2024-06-26,Organic Search,Mobile,840,693,3071,0.389,52.4,22
2024-06-26,Organic Search,Tablet,151,115,463,0.658,195.9,3
2024-06-26,Paid Search,Desktop,343,295,901,0.654,110.9,7
2024-06-26,Paid Search,Mobile,323,296,779,0.643,106.4,7
2024-06-26,Paid Search,Tablet,49,40,195,0.501,197.2,1
2024-06-26,Social,Desktop,418,372,1826,0.323,199.8,5
2024-06-26,Social,Mobile,515,460,1081,0.332,57.9,4
2024-06-26,Social,Tablet,70,57,217,0.332,115.8,1
2024-06-26,Direct,Desktop,280,259,651,0.568,142.1,7
2024-06-26,Direct,Mobile,316,276,775,0.609,184.5,5
2024-06-26,Direct,Tablet,40,36,101,0.629,81.8,0
2024-06-26,Email,Desktop,96,76,179,0.537,153.4,1
2024-06-26,Email,Mobile,137,106,365,0.301,98.9,3
2024-06-26,Email,Tablet,21,19,74,0.538,72.4,0
2024-06-26,Referral,Desktop,76,60,144,0.651,226.5,1
2024-06-26,Referral,Mobile,113,100,395,0.618,126.0,3
2024-06-26,Referral,Tablet,17,14,45,0.542,100.6,0
2024-06-27,Organic Search,Desktop,874,799,3153,0.662,73.6,21
2024-06-27,Organic Search,Mobile,1030,777,2774,0.308,146.0,23
2024-06-27,Organic Search,Tablet,169,138,723,0.458,174.3,3
2024-06-27,Paid Search,Desktop,366,321,1499,0.324,95.5,2
2024-06-27,Paid Search,Mobile,463,387,1097,0.606,64.1,10
2024-06-27,Paid Search,Tablet,62,55,244,0.303,95.9,1
2024-06-27,Social,Desktop,496,373,997,0.341,208.7,2
2024-06-27,Social,Mobile,342,267,1277,0.517,128.8,9
2024-06-27,Social,Tablet,66,52,207,0.428,116.2,1
2024-06-27,Direct,Desktop,218,187,980,0.481,83.2,6
2024-06-27,Direct,Mobile,300,263,1215,0.427,59.0,8
2024-06-27,Direct,Tablet,38,33,130,0.593,194.5,0
2024-06-27,Email,Desktop,133,125,440,0.445,118.2,0
2024-06-27,Email,Mobile,157,147,478,0.347,166.2,2
2024-06-27,Email,Tablet,20,18,78,0.422,157.8,0
2024-06-27,Referral,Desktop,88,78,328,0.636,109.0,1
2024-06-27,Referral,Mobile,102,85,243,0.65,208.2,1
2024-06-27,Referral,Tablet,19,15,65,0.382,189.1,0
2024-06-28,Organic Search,Desktop,533,471,1830,0.361,192.6,5
2024-06-28,Organic Search,Mobile,927,788,2823,0.465,238.2,21
2024-06-28,Organic Search,Tablet,157,147,436,0.647,54.5,3
2024-06-28,Paid Search,Desktop,294,267,748,0.476,74.5,4
2024-06-28,Paid Search,Mobile,377,349,1687,0.418,154.9,2
2024-06-28,Paid Search,Tablet,51,44,200,0.463,158.2,0
2024-06-28,Social,Desktop,465,416,1506,0.443,193.2,12
2024-06-28,Social,Mobile,425,340,882,0.689,46.2,8
2024-06-28,Social,Tablet,76,59,219,0.492,179.2,2
2024-06-28,Direct,Desktop,254,190,510,0.577,191.4,6
2024-06-28,Direct,Mobile,337,258,983,0.31,129.3,8
2024-06-28,Direct,Tablet,43,35,168,0.669,223.9,0
2024-06-28,Email,Desktop,110,85,455,0.511,231.5,2
2024-06-28,Email,Mobile,108,96,343,0.521,175.1,2
2024-06-28,Email,Tablet,21,18,49,0.457,233.7,0
2024-06-28,Referral,Desktop,88,66,369,0.464,124.2,1
2024-06-28,Referral,Mobile,142,128,317,0.314,185.8,2
2024-06-28,Referral,Tablet,15,11,43,0.378,95.8,0
2024-06-29,Organic Search,Desktop,763,694,3174,0.491,72.4,4
2024-06-29,Organic Search,Mobile,1155,966,2695,0.682,56.4,27
2024-06-29,Organic Search,Tablet,178,137,494,0.535,48.9,0
2024-06-29,Paid Search,Desktop,373,322,1444,0.578,106.8,6
2024-06-29,Paid Search,Mobile,395,303,1466,0.32,148.9,3
2024-06-29,Paid Search,Tablet,64,50,237,0.404,103.7,0
2024-06-29,Social,Desktop,419,317,1778,0.52,180.5,12
2024-06-29,Social,Mobile,456,429,1344,0.393,114.0,12
2024-06-29,Social,Tablet,72,62,209,0.374,187.5,1
2024-06-29,Direct,Desktop,338,271,1074,0.661,81.6,4
2024-06-29,Direct,Mobile,265,244,823,0.519,228.5,3
2024-06-29,Direct,Tablet,58,52,257,0.388,98.7,0
2024-06-29,Email,Desktop,108,101,317,0.574,104.8,0
2024-06-29,Email,Mobile,124,101,397,0.347,78.8,2
2024-06-29,Email,Tablet,19,17,41,0.464,216.6,0
2024-06-29,Referral,Desktop,98,83,247,0.627,177.9,0
2024-06-29,Referral,Mobile,122,104,409,0.347,156.2,0
2024-06-29,Referral,Tablet,18,14,49,0.669,120.1,0
2024-06-30,Organic Search,Desktop,858,674,2767,0.353,90.0,20
2024-06-30,Organic Search,Mobile,1045,986,3694,0.415,104.9,12
2024-06-30,Organic Search,Tablet,170,128,523,0.687,116.9,0
2024-06-30,Paid Search,Desktop,306,287,822,0.417,237.2,5
2024-06-30,Paid Search,Mobile,495,386,1029,0.541,226.3,14
2024-06-30,Paid Search,Tablet,54,45,206,0.583,60.4,0
2024-06-30,Social,Desktop,356,269,649,0.517,221.7,6
2024-06-30,Social,Mobile,576,546,1968,0.454,118.7,4
2024-06-30,Social,Tablet,73,68,202,0.574,190.4,1
2024-06-30,Direct,Desktop,301,276,1219,0.325,157.8,7
2024-06-30,Direct,Mobile,350,282,1215,0.671,96.5,7
2024-06-30,Direct,Tablet,51,45,212,0.52,220.6,0
2024-06-30,Email,Desktop,100,76,282,0.372,93.5,1
2024-06-30,Email,Mobile,183,143,601,0.686,181.6,1
2024-06-30,Email,Tablet,22,18,64,0.361,169.8,0
2024-06-30,Referral,Desktop,96,74,412,0.318,99.2,1
2024-06-30,Referral,Mobile,96,83,317,0.376,174.3,0
2024-06-30,Referral,Tablet,19,15,62,0.391,80.5,0
2024-07-01,Organic Search,Desktop,764,688,3146,0.508,150.8,19
2024-07-01,Organic Search,Mobile,942,852,3201,0.48,167.2,12
2024-07-01,Organic Search,Tablet,180,166,369,0.542,135.2,3
2024-07-01,Paid Search,Desktop,246,233,972,0.572,69.1,5
2024-07-01,Paid Search,Mobile,362,303,770,0.41,55.6,4
2024-07-01,Paid Search,Tablet,58,51,116,0.454,49.8,0
2024-07-01,Social,Desktop,309,238,836,0.685,179.5,6
2024-07-01,Social,Mobile,488,425,1273,0.354,129.0,13
2024-07-01,Social,Tablet,70,63,148,0.604,83.1,0
2024-07-01,Direct,Desktop,216,181,678,0.334,127.8,2
2024-07-01,Direct,Mobile,266,217,916,0.46,50.0,4
2024-07-01,Direct,Tablet,42,31,112,0.699,93.6,1
2024-07-01,Email,Desktop,114,105,236,0.671,93.7,2
2024-07-01,Email,Mobile,128,120,262,0.486,54.8,2
2024-07-01,Email,Tablet,24,19,98,0.644,75.6,0
2024-07-01,Referral,Desktop,84,68,176,0.636,142.2,0
2024-07-01,Referral,Mobile,89,72,340,0.601,132.2,1
2024-07-01,Referral,Tablet,16,13,67,0.649,222.0,0
2024-07-02,Organic Search,Desktop,741,607,2129,0.667,151.4,15
2024-07-02,Organic Search,Mobile,1024,812,3139,0.593,113.8,20
2024-07-02,Organic Search,Tablet,158,128,383,0.343,66.9,1
2024-07-02,Paid Search,Desktop,216,195,754,0.463,96.3,1
2024-07-02,Paid Search,Mobile,320,259,996,0.423,79.3,8
2024-07-02,Paid Search,Tablet,65,56,174,0.623,229.1,1
2024-07-02,Social,Desktop,458,391,1936,0.471,227.2,10
2024-07-02,Social,Mobile,428,403,1503,0.417,126.6,9
2024-07-02,Social,Tablet,79,67,199,0.501,237.6,1
2024-07-02,Direct,Desktop,301,277,1019,0.606,52.1,3
2024-07-02,Direct,Mobile,302,237,1249,0.636,214.3,8
2024-07-02,Direct,Tablet,50,38,217,0.376,234.2,1
2024-07-02,Email,Desktop,97,77,318,0.411,148.2,2
2024-07-02,Email,Mobile,137,118,518,0.321,239.7,0
2024-07-02,Email,Tablet,26,19,103,0.607,175.0,0
2024-07-02,Referral,Desktop,73,67,147,0.59,66.8,1
2024-07-02,Referral,Mobile,127,101,507,0.441,125.6,3
2024-07-02,Referral,Tablet,20,17,67,0.533,91.6,0
2024-07-03,Organic Search,Desktop,737,556,2836,0.455,117.5,9
2024-07-03,Organic Search,Mobile,752,565,2065,0.594,235.1,6
2024-07-03,Organic Search,Tablet,169,137,343,0.399,196.2,2
2024-07-03,Paid Search,Desktop,261,224,1165,0.355,89.8,5
2024-07-03,Paid Search,Mobile,398,312,1053,0.51,86.4,6
2024-07-03,Paid Search,Tablet,59,52,258,0.615,66.1,1
2024-07-03,Social,Desktop,438,393,1078,0.605,67.6,5
2024-07-03,Social,Mobile,615,509,2347,0.628,133.1,3
2024-07-03,Social,Tablet,72,63,136,0.695,205.9,1
2024-07-03,Direct,Desktop,236,213,803,0.387,53.3,2
2024-07-03,Direct,Mobile,267,214,703,0.51,81.4,3
2024-07-03,Direct,Tablet,40,32,171,0.562,215.8,1
2024-07-03,Email,Desktop,75,56,311,0.489,120.4,1
2024-07-03,Email,Mobile,102,81,351,0.696,197.1,1
2024-07-03,Email,Tablet,18,16,34,0.47,106.4,0
2024-07-03,Referral,Desktop,87,66,167,0.658,81.0,1
2024-07-03,Referral,Mobile,88,78,347,0.475,160.9,1
2024-07-03,Referral,Tablet,16,13,38,0.622,83.8,0
2024-07-04,Organic Search,Desktop,695,582,3057,0.457,116.6,5
2024-07-04,Organic Search,Mobile,1011,936,3320,0.475,194.0,25
2024-07-04,Organic Search,Tablet,170,152,346,0.491,221.6,1
2024-07-04,Paid Search,Desktop,311,274,920,0.439,131.3,5
2024-07-04,Paid Search,Mobile,325,295,1037,0.549,181.9,4
2024-07-04,Paid Search,Tablet,47,43,196,0.594,166.0,1
2024-07-04,Social,Desktop,310,244,840,0.556,107.0,2
2024-07-04,Social,Mobile,465,429,1393,0.585,214.2,11
2024-07-04,Social,Tablet,71,55,158,0.328,171.4,0
2024-07-04,Direct,Desktop,266,203,897,0.562,234.9,2
2024-07-04,Direct,Mobile,338,262,648,0.682,110.7,7
2024-07-04,Direct,Tablet,55,51,198,0.469,113.2,0
2024-07-04,Email,Desktop,116,94,291,0.529,210.2,2
2024-07-04,Email,Mobile,150,115,378,0.446,129.5,3
2024-07-04,Email,Tablet,15,12,54,0.695,94.5,0
2024-07-04,Referral,Desktop,82,64,193,0.515,173.4,1
2024-07-04,Referral,Mobile,79,74,308,0.506,131.0,1
2024-07-04,Referral,Tablet,16,13,71,0.576,96.6,0
2024-07-05,Organic Search,Desktop,786,699,1956,0.58,204.6,6
2024-07-05,Organic Search,Mobile,985,900,4005,0.696,229.2,26
2024-07-05,Organic Search,Tablet,132,119,290,0.581,87.9,1
2024-07-05,Paid Search,Desktop,289,247,1183,0.465,196.5,7
2024-07-05,Paid Search,Mobile,317,287,644,0.399,144.3,1
2024-07-05,Paid Search,Tablet,56,47,179,0.312,218.4,0
2024-07-05,Social,Desktop,345,310,622,0.339,161.7,9
2024-07-05,Social,Mobile,449,406,1352,0.313,201.1,12
2024-07-05,Social,Tablet,74,64,328,0.469,182.8,1
2024-07-05,Direct,Desktop,248,234,1101,0.404,157.7,1
2024-07-05,Direct,Mobile,268,223,1091,0.689,70.5,7
2024-07-05,Direct,Tablet,38,32,129,0.61,149.0,0
2024-07-05,Email,Desktop,106,89,390,0.696,50.9,1
2024-07-05,Email,Mobile,115,105,393,0.56,147.1,0
2024-07-05,Email,Tablet,19,15,68,0.365,71.1,0
2024-07-05,Referral,Desktop,106,85,383,0.625,102.4,2
2024-07-05,Referral,Mobile,93,73,221,0.306,184.1,1
2024-07-05,Referral,Tablet,18,14,79,0.596,210.6,0
2024-07-06,Organic Search,Desktop,781,591,2546,0.557,227.9,10
2024-07-06,Organic Search,Mobile,1006,937,3298,0.393,188.4,9
2024-07-06,Organic Search,Tablet,171,139,360,0.323,133.6,3
2024-07-06,Paid Search,Desktop,262,219,1033,0.504,195.2,6
2024-07-06,Paid Search,Mobile,470,418,1080,0.667,48.3,9
2024-07-06,Paid Search,Tablet,67,55,193,0.386,170.1,0
2024-07-06,Social,Desktop,289,239,967,0.582,235.6,5
2024-07-06,Social,Mobile,468,382,1607,0.306,92.7,10
2024-07-06,Social,Tablet,80,62,310,0.653,80.5,1
2024-07-06,Direct,Desktop,263,225,937,0.62,149.6,2
2024-07-06,Direct,Mobile,370,303,826,0.477,212.7,5
2024-07-06,Direct,Tablet,52,45,130,0.356,235.2,1
2024-07-06,Email,Desktop,115,105,264,0.554,68.1,2
2024-07-06,Email,Mobile,140,128,541,0.584,170.9,2
2024-07-06,Email,Tablet,27,25,84,0.509,191.7,0
2024-07-06,Referral,Desktop,106,90,255,0.402,81.9,0
2024-07-06,Referral,Mobile,112,92,426,0.333,88.6,2
2024-07-06,Referral,Tablet,19,15,37,0.368,148.4,0
2024-07-07,Organic Search,Desktop,866,653,1901,0.33,204.8,14
2024-07-07,Organic Search,Mobile,1221,1043,3144,0.32,131.3,22
2024-07-07,Organic Search,Tablet,171,139,412,0.576,51.2,3
2024-07-07,Paid Search,Desktop,324,255,852,0.694,182.0,5
2024-07-07,Paid Search,Mobile,432,391,1300,0.513,83.3,12
2024-07-07,Paid Search,Tablet,72,64,200,0.606,77.9,2
2024-07-07,Social,Desktop,346,271,987,0.687,231.0,5
2024-07-07,Social,Mobile,409,339,970,0.632,119.8,4
2024-07-07,Social,Tablet,86,73,341,0.551,71.1,1
2024-07-07,Direct,Desktop,262,212,936,0.415,53.6,6
2024-07-07,Direct,Mobile,299,252,848,0.685,125.3,7
2024-07-07,Direct,Tablet,58,51,148,0.445,109.1,0
2024-07-07,Email,Desktop,102,96,195,0.373,114.2,1
2024-07-07,Email,Mobile,150,112,318,0.603,85.9,2
2024-07-07,Email,Tablet,22,20,42,0.576,99.7,0
2024-07-07,Referral,Desktop,73,68,175,0.516,57.8,1
2024-07-07,Referral,Mobile,113,102,364,0.316,83.5,2
2024-07-07,Referral,Tablet,14,11,44,0.341,134.9,0
2024-07-08,Organic Search,Desktop,745,707,2055,0.331,197.6,18
2024-07-08,Organic Search,Mobile,831,672,2334,0.479,109.2,18
2024-07-08,Organic Search,Tablet,150,121,543,0.63,184.4,4
2024-07-08,Paid Search,Desktop,265,235,717,0.529,136.2,3
2024-07-08,Paid Search,Mobile,275,246,1034,0.429,76.8,3
2024-07-08,Paid Search,Tablet,65,60,138,0.441,162.3,1
2024-07-08,Social,Desktop,334,288,1161,0.414,92.8,2
2024-07-08,Social,Mobile,527,495,1199,0.507,49.5,2
2024-07-08,Social,Tablet,86,71,384,0.584,153.8,1
2024-07-08,Direct,Desktop,267,229,926,0.542,163.8,5
2024-07-08,Direct,Mobile,319,256,1026,0.555,101.4,2
2024-07-08,Direct,Tablet,47,36,97,0.617,200.9,0
2024-07-08,Email,Desktop,100,81,431,0.415,171.9,0
2024-07-08,Email,Mobile,166,150,692,0.512,89.4,3
2024-07-08,Email,Tablet,17,15,57,0.545,49.8,0
2024-07-08,Referral,Desktop,75,57,332,0.664,58.2,1
2024-07-08,Referral,Mobile,109,82,350,0.467,238.1,1
2024-07-08,Referral,Tablet,15,12,67,0.594,215.2,0
2024-07-09,Organic Search,Desktop,757,711,2980,0.352,46.0,14
2024-07-09,Organic Search,Mobile,906,681,3140,0.459,191.0,10
2024-07-09,Organic Search,Tablet,125,104,296,0.331,68.5,2
2024-07-09,Paid Search,Desktop,298,225,1335,0.413,58.9,4
2024-07-09,Paid Search,Mobile,344,303,959,0.627,69.5,6
2024-07-09,Paid Search,Tablet,60,47,206,0.361,178.4,0
2024-07-09,Social,Desktop,381,318,1266,0.306,224.8,2
2024-07-09,Social,Mobile,477,406,1520,0.51,76.6,8
2024-07-09,Social,Tablet,53,43,214,0.7,148.3,0
2024-07-09,Direct,Desktop,279,212,1087,0.642,99.9,6
2024-07-09,Direct,Mobile,350,308,832,0.448,152.4,4
2024-07-09,Direct,Tablet,52,47,230,0.489,83.2,1
2024-07-09,Email,Desktop,114,95,498,0.344,163.3,2
2024-07-09,Email,Mobile,149,138,485,0.309,146.7,3
2024-07-09,Email,Tablet,19,16,42,0.31,124.9,0
2024-07-09,Referral,Desktop,86,72,344,0.487,88.0,2
2024-07-09,Referral,Mobile,105,97,438,0.389,134.8,0
2024-07-09,Referral,Tablet,17,12,55,0.68,137.2,0
2024-07-10,Organic Search,Desktop,791,709,2979,0.423,230.2,8
2024-07-10,Organic Search,Mobile,912,701,2229,0.325,75.7,10
2024-07-10,Organic Search,Tablet,141,111,515,0.31,90.1,2
2024-07-10,Paid Search,Desktop,373,282,1105,0.584,51.5,7
2024-07-10,Paid Search,Mobile,283,224,765,0.506,75.8,1
2024-07-10,Paid Search,Tablet,60,53,210,0.434,239.6,0
2024-07-10,Social,Desktop,404,358,835,0.567,231.7,4
2024-07-10,Social,Mobile,422,327,1014,0.331,113.6,2
2024-07-10,Social,Tablet,59,52,250,0.583,124.9,1
2024-07-10,Direct,Desktop,212,161,747,0.466,224.7,5
2024-07-10,Direct,Mobile,281,262,1142,0.314,166.4,2
2024-07-10,Direct,Tablet,43,38,183,0.609,106.5,0
2024-07-10,Email,Desktop,120,91,538,0.468,111.7,2
2024-07-10,Email,Mobile,157,145,588,0.652,109.3,1
2024-07-10,Email,Tablet,23,17,44,0.436,232.4,0
2024-07-10,Referral,Desktop,96,90,336,0.39,89.7,1
2024-07-10,Referral,Mobile,147,136,290,0.576,45.8,2
2024-07-10,Referral,Tablet,19,16,37,0.688,198.4,0
2024-07-11,Organic Search,Desktop,773,716,1798,0.432,51.3,17
2024-07-11,Organic Search,Mobile,875,733,3022,0.475,75.3,24
2024-07-11,Organic Search,Tablet,119,93,214,0.558,214.8,3
2024-07-11,Paid Search,Desktop,239,187,454,0.311,89.9,6
2024-07-11,Paid Search,Mobile,465,360,1523,0.353,220.6,2
2024-07-11,Paid Search,Tablet,72,62,136,0.696,219.7,1
2024-07-11,Social,Desktop,370,314,859,0.34,161.0,8
2024-07-11,Social,Mobile,594,550,1936,0.644,161.5,5
2024-07-11,Social,Tablet,81,72,228,0.419,76.6,1
2024-07-11,Direct,Desktop,254,230,1031,0.623,63.3,3
2024-07-11,Direct,Mobile,330,281,994,0.392,214.6,2
2024-07-11,Direct,Tablet,52,44,113,0.511,118.0,0
2024-07-11,Email,Desktop,104,88,391,0.434,119.9,2
2024-07-11,Email,Mobile,147,129,400,0.688,50.7,1
2024-07-11,Email,Tablet,23,20,101,0.447,226.4,0
2024-07-11,Referral,Desktop,92,79,234,0.575,150.3,1
2024-07-11,Referral,Mobile,103,92,433,0.533,70.4,1
2024-07-11,Referral,Tablet,18,13,58,0.633,193.3,0
2024-07-12,Organic Search,Desktop,813,685,2083,0.34,228.1,9
2024-07-12,Organic Search,Mobile,1204,1093,2618,0.529,103.2,25
2024-07-12,Organic Search,Tablet,172,162,649,0.494,116.2,2
2024-07-12,Paid Search,Desktop,238,197,718,0.612,143.4,5
2024-07-12,Paid Search,Mobile,329,306,706,0.38,130.7,5
2024-07-12,Paid Search,Tablet,54,42,180,0.604,227.9,1
2024-07-12,Social,Desktop,281,260,1190,0.593,97.5,7
2024-07-12,Social,Mobile,518,430,2267,0.349,125.7,14
2024-07-12,Social,Tablet,74,65,149,0.563,187.7,0
2024-07-12,Direct,Desktop,180,163,532,0.597,196.0,3
2024-07-12,Direct,Mobile,303,279,1149,0.58,74.4,4
2024-07-12,Direct,Tablet,50,45,223,0.465,230.7,0
2024-07-12,Email,Desktop,119,95,408,0.457,202.0,0
2024-07-12,Email,Mobile,159,138,364,0.399,49.7,4
2024-07-12,Email,Tablet,15,12,61,0.561,189.3,0
2024-07-12,Referral,Desktop,82,68,195,0.677,67.8,1
2024-07-12,Referral,Mobile,92,76,396,0.559,83.7,1
2024-07-12,Referral,Tablet,22,17,82,0.426,79.4,0
2024-07-13,Organic Search,Desktop,730,574,2349,0.605,154.7,12
2024-07-13,Organic Search,Mobile,912,829,1798,0.41,223.1,11
2024-07-13,Organic Search,Tablet,149,133,304,0.495,57.8,3
2024-07-13,Paid Search,Desktop,204,159,475,0.685,178.4,3
2024-07-13,Paid Search,Mobile,369,286,844,0.346,77.8,6
2024-07-13,Paid Search,Tablet,68,53,129,0.471,112.0,0
2024-07-13,Social,Desktop,437,391,1705,0.503,148.9,9
2024-07-13,Social,Mobile,685,529,2936,0.645,188.2,18
2024-07-13,Social,Tablet,93,85,277,0.395,147.7,1
2024-07-13,Direct,Desktop,235,195,487,0.477,118.2,3
2024-07-13,Direct,Mobile,411,330,941,0.543,159.0,12
2024-07-13,Direct,Tablet,48,36,121,0.503,114.0,1
2024-07-13,Email,Desktop,98,78,311,0.665,159.7,0
2024-07-13,Email,Mobile,130,119,352,0.41,194.9,3
2024-07-13,Email,Tablet,23,17,83,0.604,156.5,0
2024-07-13,Referral,Desktop,83,72,219,0.481,116.1,1
2024-07-13,Referral,Mobile,119,90,526,0.574,189.1,0
2024-07-13,Referral,Tablet,13,10,33,0.407,48.3,0
2024-07-14,Organic Search,Desktop,930,766,2863,0.622,90.7,9
2024-07-14,Organic Search,Mobile,1180,964,3099,0.519,184.0,34
2024-07-14,Organic Search,Tablet,155,131,448,0.361,186.2,3
2024-07-14,Paid Search,Desktop,330,281,679,0.614,184.8,9
2024-07-14,Paid Search,Mobile,491,377,1653,0.691,96.7,4
2024-07-14,Paid Search,Tablet,57,46,112,0.523,225.5,1
2024-07-14,Social,Desktop,414,366,1737,0.577,65.2,2
2024-07-14,Social,Mobile,614,485,2198,0.643,214.5,8
2024-07-14,Social,Tablet,91,85,236,0.376,46.1,1
2024-07-14,Direct,Desktop,231,197,607,0.394,212.1,2
2024-07-14,Direct,Mobile,386,363,1307,0.53,155.0,3
2024-07-14,Direct,Tablet,54,47,128,0.635,239.4,0
2024-07-14,Email,Desktop,129,101,315,0.557,149.0,1
2024-07-14,Email,Mobile,180,144,333,0.509,220.1,4
2024-07-14,Email,Tablet,27,20,114,0.662,87.1,0
2024-07-14,Referral,Desktop,81,73,261,0.527,168.2,1
2024-07-14,Referral,Mobile,125,108,365,0.406,197.9,3
2024-07-14,Referral,Tablet,17,15,36,0.458,177.6,0
2024-07-15,Organic Search,Desktop,764,574,1833,0.602,55.3,20
2024-07-15,Organic Search,Mobile,1033,935,3099,0.615,102.0,5
2024-07-15,Organic Search,Tablet,180,150,666,0.632,86.1,2
2024-07-15,Paid Search,Desktop,316,277,742,0.584,110.3,4
2024-07-15,Paid Search,Mobile,349,272,1123,0.656,80.3,4
2024-07-15,Paid Search,Tablet,45,38,142,0.547,91.0,0
2024-07-15,Social,Desktop,372,352,1294,0.433,111.2,3
2024-07-15,Social,Mobile,451,415,1514,0.697,194.5,9
2024-07-15,Social,Tablet,87,72,390,0.595,133.8,2
2024-07-15,Direct,Desktop,222,208,962,0.567,171.0,3
2024-07-15,Direct,Mobile,390,297,813,0.561,104.0,7
2024-07-15,Direct,Tablet,52,41,171,0.692,156.8,0
2024-07-15,Email,Desktop,98,85,366,0.637,165.8,0
2024-07-15,Email,Mobile,143,114,620,0.411,73.3,3
2024-07-15,Email,Tablet,19,17,45,0.423,205.9,0
2024-07-15,Referral,Desktop,83,70,331,0.311,189.1,0
2024-07-15,Referral,Mobile,121,105,453,0.475,211.6,1
2024-07-15,Referral,Tablet,16,12,38,0.673,118.3,0
2024-07-16,Organic Search,Desktop,665,615,2837,0.429,203.1,16
2024-07-16,Organic Search,Mobile,1241,1092,5482,0.579,143.5,18
2024-07-16,Organic Search,Tablet,133,108,406,0.371,110.7,1
2024-07-16,Paid Search,Desktop,329,303,1328,0.596,228.0,4
2024-07-16,Paid Search,Mobile,450,394,1917,0.53,233.0,3
2024-07-16,Paid Search,Tablet,64,49,189,0.581,63.3,1
2024-07-16,Social,Desktop,330,267,1233,0.372,105.6,7
2024-07-16,Social,Mobile,506,434,1218,0.474,71.0,11
2024-07-16,Social,Tablet,55,46,222,0.391,134.3,1
2024-07-16,Direct,Desktop,275,241,773,0.59,68.4,4
2024-07-16,Direct,Mobile,327,248,1136,0.612,66.8,1
2024-07-16,Direct,Tablet,58,43,174,0.601,229.2,0
2024-07-16,Email,Desktop,94,88,264,0.51,67.6,2
2024-07-16,Email,Mobile,112,88,354,0.417,204.6,1
2024-07-16,Email,Tablet,22,20,62,0.585,187.9,0
2024-07-16,Referral,Desktop,83,70,167,0.435,125.3,1
2024-07-16,Referral,Mobile,138,116,345,0.367,214.6,3
2024-07-16,Referral,Tablet,15,12,39,0.328,102.0,0
2024-07-17,Organic Search,Desktop,600,517,1135,0.693,136.8,11
2024-07-17,Organic Search,Mobile,780,620,2594,0.494,122.2,22
2024-07-17,Organic Search,Tablet,148,131,315,0.495,208.7,1
2024-07-17,Paid Search,Desktop,245,220,712,0.358,106.2,4
2024-07-17,Paid Search,Mobile,341,314,1456,0.499,158.8,7
2024-07-17,Paid Search,Tablet,58,52,217,0.366,107.7,0
2024-07-17,Social,Desktop,409,326,1830,0.518,149.9,4
2024-07-17,Social,Mobile,464,398,1020,0.647,106.4,4
2024-07-17,Social,Tablet,62,50,207,0.525,154.0,1
2024-07-17,Direct,Desktop,205,180,762,0.358,214.5,2
2024-07-17,Direct,Mobile,313,269,656,0.449,70.7,9
2024-07-17,Direct,Tablet,38,34,68,0.619,84.1,0
2024-07-17,Email,Desktop,107,85,357,0.361,222.0,2
2024-07-17,Email,Mobile,116,89,394,0.631,129.2,1
2024-07-17,Email,Tablet,23,19,42,0.491,126.0,0
2024-07-17,Referral,Desktop,63,48,199,0.439,200.6,0
2024-07-17,Referral,Mobile,109,85,479,0.468,122.5,3
2024-07-17,Referral,Tablet,16,13,37,0.488,114.6,0
2024-07-18,Organic Search,Desktop,769,654,1725,0.352,194.7,9
2024-07-18,Organic Search,Mobile,998,763,2730,0.459,207.3,28
2024-07-18,Organic Search,Tablet,119,90,417,0.485,158.9,0
2024-07-18,Paid Search,Desktop,299,275,1169,0.32,218.0,4
2024-07-18,Paid Search,Mobile,340,290,753,0.35,198.4,2
2024-07-18,Paid Search,Tablet,63,49,119,0.574,129.0,1
2024-07-18,Social,Desktop,272,228,1207,0.437,230.2,7
2024-07-18,Social,Mobile,419,355,1215,0.558,166.0,2
2024-07-18,Social,Tablet,46,34,160,0.685,220.7,0
2024-07-18,Direct,Desktop,231,215,964,0.632,225.8,4
2024-07-18,Direct,Mobile,378,301,1345,0.437,154.7,8
2024-07-18,Direct,Tablet,66,52,149,0.559,124.8,1
2024-07-18,Email,Desktop,96,91,416,0.41,147.0,2
2024-07-18,Email,Mobile,127,119,487,0.663,156.2,1
2024-07-18,Email,Tablet,21,18,76,0.632,75.9,0
2024-07-18,Referral,Desktop,71,61,312,0.646,60.1,1
2024-07-18,Referral,Mobile,94,71,363,0.409,151.2,2
2024-07-18,Referral,Tablet,19,16,77,0.306,125.5,0
2024-07-19,Organic Search,Desktop,739,692,1633,0.515,51.8,4
2024-07-19,Organic Search,Mobile,1058,908,3058,0.665,106.8,8
2024-07-19,Organic Search,Tablet,144,122,515,0.467,151.4,2
2024-07-19,Paid Search,Desktop,361,322,828,0.499,90.9,3
2024-07-19,Paid Search,Mobile,301,238,1123,0.526,125.2,2
2024-07-19,Paid Search,Tablet,52,49,185,0.642,110.1,0
2024-07-19,Social,Desktop,324,280,1085,0.303,68.5,8
2024-07-19,Social,Mobile,645,537,1664,0.339,105.4,8
2024-07-19,Social,Tablet,84,79,342,0.43,238.2,0
2024-07-19,Direct,Desktop,227,177,416,0.351,204.2,3
2024-07-19,Direct,Mobile,328,258,1204,0.334,99.8,3
2024-07-19,Direct,Tablet,53,43,165,0.525,206.2,0
2024-07-19,Email,Desktop,108,89,313,0.546,165.5,2
2024-07-19,Email,Mobile,143,127,581,0.339,174.3,1
2024-07-19,Email,Tablet,20,18,85,0.359,179.1,0
2024-07-19,Referral,Desktop,82,76,241,0.403,186.9,0
2024-07-19,Referral,Mobile,115,106,325,0.336,143.6,3
2024-07-19,Referral,Tablet,18,13,36,0.685,81.3,0
2024-07-20,Organic Search,Desktop,948,856,2453,0.622,214.6,10
2024-07-20,Organic Search,Mobile,1106,844,2712,0.565,208.7,17
2024-07-20,Organic Search,Tablet,159,139,692,0.672,58.7,3
2024-07-20,Paid Search,Desktop,264,232,766,0.577,140.3,4
2024-07-20,Paid Search,Mobile,373,307,1075,0.605,56.8,3
2024-07-20,Paid Search,Tablet,73,58,321,0.394,187.8,0
2024-07-20,Social,Desktop,408,367,843,0.333,56.1,7
2024-07-20,Social,Mobile,600,513,1623,0.373,228.7,6
2024-07-20,Social,Tablet,73,64,134,0.4,187.0,1
2024-07-20,Direct,Desktop,199,157,844,0.697,240.0,5
2024-07-20,Direct,Mobile,322,256,693,0.357,151.7,3
2024-07-20,Direct,Tablet,50,39,203,0.434,105.3,0
2024-07-20,Email,Desktop,95,87,384,0.543,171.2,2
2024-07-20,Email,Mobile,163,144,362,0.56,64.7,1
2024-07-20,Email,Tablet,18,16,59,0.346,120.6,0
2024-07-20,Referral,Desktop,72,54,215,0.403,153.7,0
2024-07-20,Referral,Mobile,112,97,468,0.427,48.8,2
2024-07-20,Referral,Tablet,16,13,50,0.674,92.5,0
2024-07-21,Organic Search,Desktop,828,684,2581,0.461,199.2,14
2024-07-21,Organic Search,Mobile,1153,927,4120,0.563,151.5,14
2024-07-21,Organic Search,Tablet,131,107,411,0.457,173.0,1
2024-07-21,Paid Search,Desktop,295,267,597,0.479,105.4,5
2024-07-21,Paid Search,Mobile,414,323,1144,0.693,228.7,2
2024-07-21,Paid Search,Tablet,62,47,239,0.402,146.3,1
2024-07-21,Social,Desktop,383,311,1453,0.608,214.1,2
2024-07-21,Social,Mobile,619,486,2588,0.639,81.4,13
2024-07-21,Social,Tablet,88,68,298,0.451,73.0,2
2024-07-21,Direct,Desktop,235,206,767,0.516,98.0,3
2024-07-21,Direct,Mobile,332,308,821,0.468,126.6,9
2024-07-21,Direct,Tablet,55,49,233,0.442,109.2,0
2024-07-21,Email,Desktop,102,85,243,0.384,188.1,2
2024-07-21,Email,Mobile,117,94,298,0.688,61.7,3
2024-07-21,Email,Tablet,26,20,111,0.636,121.7,0
2024-07-21,Referral,Desktop,104,82,270,0.626,195.9,0
2024-07-21,Referral,Mobile,117,90,383,0.479,91.5,0
2024-07-21,Referral,Tablet,14,11,49,0.593,223.7,0
2024-07-22,Organic Search,Desktop,632,548,1401,0.635,238.0,10
2024-07-22,Organic Search,Mobile,880,772,3494,0.637,229.6,24
2024-07-22,Organic Search,Tablet,188,152,591,0.317,191.3,1
2024-07-22,Paid Search,Desktop,284,246,769,0.689,205.3,5
2024-07-22,Paid Search,Mobile,434,332,1693,0.666,179.1,7
2024-07-22,Paid Search,Tablet,64,54,218,0.468,102.1,1
2024-07-22,Social,Desktop,434,393,1415,0.344,112.8,6
2024-07-22,Social,Mobile,387,319,873,0.603,191.2,10
2024-07-22,Social,Tablet,70,64,173,0.489,130.9,1
2024-07-22,Direct,Desktop,264,200,829,0.321,92.5,6
2024-07-22,Direct,Mobile,306,235,960,0.471,186.4,5
2024-07-22,Direct,Tablet,56,44,202,0.639,209.6,0
2024-07-22,Email,Desktop,80,66,157,0.503,213.6,1
2024-07-22,Email,Mobile,111,95,249,0.323,50.3,1
2024-07-22,Email,Tablet,22,20,96,0.668,50.2,0
2024-07-22,Referral,Desktop,75,69,138,0.468,230.4,1
2024-07-22,Referral,Mobile,107,90,243,0.554,62.4,1
2024-07-22,Referral,Tablet,16,14,71,0.591,143.2,0
2024-07-23,Organic Search,Desktop,675,507,2654,0.593,222.8,12
2024-07-23,Organic Search,Mobile,1105,986,2468,0.315,202.8,15
2024-07-23,Organic Search,Tablet,148,138,361,0.625,190.8,2
2024-07-23,Paid Search,Desktop,322,305,1273,0.599,90.7,1
2024-07-23,Paid Search,Mobile,348,261,684,0.56,186.6,2
2024-07-23,Paid Search,Tablet,59,55,158,0.631,144.6,1
2024-07-23,Social,Desktop,399,355,1307,0.346,186.4,7
2024-07-23,Social,Mobile,458,434,1364,0.444,228.1,4
2024-07-23,Social,Tablet,73,56,264,0.459,102.1,1
2024-07-23,Direct,Desktop,261,204,1008,0.315,85.8,5
2024-07-23,Direct,Mobile,358,284,1557,0.329,145.6,9
2024-07-23,Direct,Tablet,36,30,157,0.534,150.6,0
2024-07-23,Email,Desktop,107,95,461,0.448,197.5,1
2024-07-23,Email,Mobile,130,109,236,0.562,66.6,3
2024-07-23,Email,Tablet,25,21,101,0.461,84.5,0
2024-07-23,Referral,Desktop,83,71,326,0.613,211.6,1
2024-07-23,Referral,Mobile,86,79,371,0.683,172.9,1
2024-07-23,Referral,Tablet,13,10,45,0.469,130.2,0
2024-07-24,Organic Search,Desktop,754,686,1801,0.362,71.5,22
2024-07-24,Organic Search,Mobile,833,688,2963,0.542,67.9,10
2024-07-24,Organic Search,Tablet,150,141,668,0.544,63.3,1
2024-07-24,Paid Search,Desktop,306,265,797,0.365,201.1,4
2024-07-24,Paid Search,Mobile,397,353,1407,0.36,194.8,5
2024-07-24,Paid Search,Tablet,52,39,190,0.437,141.1,0
2024-07-24,Social,Desktop,365,333,1005,0.507,152.3,8
2024-07-24,Social,Mobile,488,405,1152,0.312,122.2,10
2024-07-24,Social,Tablet,66,58,215,0.563,46.2,1
2024-07-24,Direct,Desktop,253,235,727,0.674,126.4,1
2024-07-24,Direct,Mobile,339,282,1225,0.487,49.2,3
2024-07-24,Direct,Tablet,28,21,116,0.425,100.2,0
2024-07-24,Email,Desktop,125,96,337,0.405,212.6,3
2024-07-24,Email,Mobile,145,115,619,0.525,115.6,2
2024-07-24,Email,Tablet,17,15,72,0.499,58.9,0
2024-07-24,Referral,Desktop,83,78,312,0.586,191.1,1
2024-07-24,Referral,Mobile,113,87,444,0.523,197.9,3
2024-07-24,Referral,Tablet,18,15,48,0.348,69.0,0
2024-07-25,Organic Search,Desktop,679,636,1694,0.352,171.7,8
2024-07-25,Organic Search,Mobile,1119,940,2651,0.387,225.1,31
2024-07-25,Organic Search,Tablet,167,151,488,0.306,235.7,3
2024-07-25,Paid Search,Desktop,313,272,635,0.321,198.8,2
2024-07-25,Paid Search,Mobile,414,376,1112,0.538,171.2,7
2024-07-25,Paid Search,Tablet,65,55,183,0.605,154.1,1
2024-07-25,Social,Desktop,365,297,1422,0.367,105.9,2
2024-07-25,Social,Mobile,527,398,2205,0.354,95.1,9
2024-07-25,Social,Tablet,78,69,306,0.557,165.6,2
2024-07-25,Direct,Desktop,297,277,919,0.431,169.8,5
2024-07-25,Direct,Mobile,287,255,991,0.564,226.5,7
2024-07-25,Direct,Tablet,49,38,130,0.413,49.2,0
2024-07-25,Email,Desktop,126,101,379,0.375,63.0,1
2024-07-25,Email,Mobile,179,160,464,0.673,94.8,3
2024-07-25,Email,Tablet,20,16,74,0.412,158.3,0
2024-07-25,Referral,Desktop,112,102,479,0.512,205.9,2
2024-07-25,Referral,Mobile,96,90,250,0.581,147.6,2
2024-07-25,Referral,Tablet,18,15,51,0.546,110.4,0
2024-07-26,Organic Search,Desktop,683,526,2148,0.413,74.0,15
2024-07-26,Organic Search,Mobile,1055,960,3502,0.626,161.4,25
2024-07-26,Organic Search,Tablet,169,137,492,0.374,213.7,4
2024-07-26,Paid Search,Desktop,258,221,663,0.411,126.7,1
2024-07-26,Paid Search,Mobile,338,271,1265,0.564,105.7,10
2024-07-26,Paid Search,Tablet,56,42,116,0.41,136.1,0
2024-07-26,Social,Desktop,323,272,1224,0.387,99.9,7
2024-07-26,Social,Mobile,577,513,1924,0.337,150.8,7
2024-07-26,Social,Tablet,88,76,235,0.33,175.3,0
2024-07-26,Direct,Desktop,260,195,1019,0.428,238.5,3
2024-07-26,Direct,Mobile,303,281,640,0.554,201.8,3
2024-07-26,Direct,Tablet,46,36,119,0.54,185.2,1
2024-07-26,Email,Desktop,85,71,228,0.62,112.5,2
2024-07-26,Email,Mobile,158,125,619,0.313,220.7,1
2024-07-26,Email,Tablet,24,19,76,0.357,109.1,0
2024-07-26,Referral,Desktop,67,56,229,0.328,194.6,1
2024-07-26,Referral,Mobile,107,99,287,0.668,110.5,2
2024-07-26,Referral,Tablet,13,11,54,0.38,59.4,0
2024-07-27,Organic Search,Desktop,743,675,1571,0.571,234.8,14
2024-07-27,Organic Search,Mobile,1323,1039,4548,0.54,173.6,28
2024-07-27,Organic Search,Tablet,120,112,508,0.44,92.7,0
2024-07-27,Paid Search,Desktop,305,277,576,0.362,131.2,6
2024-07-27,Paid Search,Mobile,414,331,1440,0.541,53.8,11
2024-07-27,Paid Search,Tablet,72,56,225,0.524,198.7,0
2024-07-27,Social,Desktop,415,371,1772,0.432,117.2,4
2024-07-27,Social,Mobile,560,522,1270,0.679,152.1,11
2024-07-27,Social,Tablet,62,54,135,0.377,196.9,1
2024-07-27,Direct,Desktop,237,196,675,0.681,116.9,4
2024-07-27,Direct,Mobile,328,303,1341,0.416,196.4,2
2024-07-27,Direct,Tablet,53,48,237,0.422,187.0,0
2024-07-27,Email,Desktop,99,74,287,0.466,47.8,1
2024-07-27,Email,Mobile,149,136,415,0.325,136.6,4
2024-07-27,Email,Tablet,23,18,94,0.383,117.8,0
2024-07-27,Referral,Desktop,108,94,310,0.554,103.1,1
2024-07-27,Referral,Mobile,109,95,255,0.68,118.5,1
2024-07-27,Referral,Tablet,18,13,42,0.402,191.8,0
2024-07-28,Organic Search,Desktop,870,774,3891,0.626,110.5,16
2024-07-28,Organic Search,Mobile,1116,965,3550,0.538,99.2,24
2024-07-28,Organic Search,Tablet,219,201,803,0.685,144.0,1
2024-07-28,Paid Search,Desktop,370,285,1464,0.312,217.9,8
2024-07-28,Paid Search,Mobile,439,370,1873,0.399,195.3,3
2024-07-28,Paid Search,Tablet,66,51,214,0.587,74.0,1
2024-07-28,Social,Desktop,419,390,1622,0.547,104.0,12
2024-07-28,Social,Mobile,518,486,1275,0.545,57.4,12
2024-07-28,Social,Tablet,82,72,351,0.309,134.2,1
2024-07-28,Direct,Desktop,311,271,759,0.514,222.9,7
2024-07-28,Direct,Mobile,405,369,1465,0.433,126.6,7
2024-07-28,Direct,Tablet,52,47,144,0.36,226.8,0
2024-07-28,Email,Desktop,94,88,384,0.528,149.4,0
2024-07-28,Email,Mobile,166,154,362,0.361,70.1,4
2024-07-28,Email,Tablet,24,18,83,0.374,123.0,0
2024-07-28,Referral,Desktop,89,73,356,0.507,196.2,2
2024-07-28,Referral,Mobile,95,74,399,0.645,86.3,1
2024-07-28,Referral,Tablet,12,11,41,0.561,154.9,0
2024-07-29,Organic Search,Desktop,838,741,2120,0.636,218.4,8
2024-07-29,Organic Search,Mobile,842,745,2998,0.577,47.2,4
2024-07-29,Organic Search,Tablet,180,163,581,0.525,49.6,4
2024-07-29,Paid Search,Desktop,314,259,856,0.643,115.6,7
2024-07-29,Paid Search,Mobile,455,410,989,0.5,219.9,6
2024-07-29,Paid Search,Tablet,63,53,166,0.553,179.0,1
2024-07-29,Social,Desktop,285,264,830,0.37,208.8,7
2024-07-29,Social,Mobile,359,332,1362,0.339,237.4,6
2024-07-29,Social,Tablet,81,61,327,0.416,142.7,1
2024-07-29,Direct,Desktop,289,271,735,0.58,109.3,4
2024-07-29,Direct,Mobile,307,231,851,0.366,78.3,4
2024-07-29,Direct,Tablet,37,31,107,0.409,213.9,0
2024-07-29,Email,Desktop,80,61,211,0.351,65.2,1
2024-07-29,Email,Mobile,154,116,288,0.405,108.2,2
2024-07-29,Email,Tablet,20,17,60,0.594,151.9,0
2024-07-29,Referral,Desktop,83,73,149,0.336,152.2,1
2024-07-29,Referral,Mobile,97,74,357,0.586,58.1,0
2024-07-29,Referral,Tablet,13,12,41,0.663,47.1,0
2024-07-30,Organic Search,Desktop,874,676,2558,0.421,219.8,19
2024-07-30,Organic Search,Mobile,964,837,2589,0.303,131.7,14
2024-07-30,Organic Search,Tablet,145,137,276,0.337,114.9,3
2024-07-30,Paid Search,Desktop,271,205,696,0.568,99.8,4
2024-07-30,Paid Search,Mobile,279,223,794,0.537,49.9,3
2024-07-30,Paid Search,Tablet,67,54,213,0.601,188.8,1
2024-07-30,Social,Desktop,343,316,1042,0.542,80.6,3
2024-07-30,Social,Mobile,464,377,1246,0.49,116.7,12
2024-07-30,Social,Tablet,75,65,267,0.657,186.5,1
2024-07-30,Direct,Desktop,239,193,495,0.666,64.2,4
2024-07-30,Direct,Mobile,315,245,1385,0.334,146.8,1
2024-07-30,Direct,Tablet,37,29,163,0.414,49.9,0
2024-07-30,Email,Desktop,104,92,296,0.303,148.6,2
2024-07-30,Email,Mobile,153,139,631,0.371,238.7,4
2024-07-30,Email,Tablet,20,15,72,0.603,47.8,0
2024-07-30,Referral,Desktop,81,72,244,0.438,99.0,2
2024-07-30,Referral,Mobile,114,90,316,0.377,199.1,2
2024-07-30,Referral,Tablet,17,15,65,0.679,214.4,0
2024-07-31,Organic Search,Desktop,760,627,1472,0.56,195.1,12
2024-07-31,Organic Search,Mobile,1085,877,3650,0.387,127.9,11
2024-07-31,Organic Search,Tablet,170,150,376,0.616,234.4,3
2024-07-31,Paid Search,Desktop,370,289,1509,0.531,93.6,6
2024-07-31,Paid Search,Mobile,390,353,1078,0.328,239.7,5
2024-07-31,Paid Search,Tablet,39,34,173,0.44,159.2,0
2024-07-31,Social,Desktop,314,280,1257,0.575,86.8,1
2024-07-31,Social,Mobile,462,425,1247,0.551,190.6,3
2024-07-31,Social,Tablet,93,85,406,0.453,133.9,0
2024-07-31,Direct,Desktop,201,156,694,0.668,171.1,5
2024-07-31,Direct,Mobile,352,287,1434,0.53,166.2,7
2024-07-31,Direct,Tablet,51,43,156,0.359,213.1,1
2024-07-31,Email,Desktop,93,86,349,0.642,82.8,1
2024-07-31,Email,Mobile,125,106,327,0.481,151.6,1
2024-07-31,Email,Tablet,23,21,63,0.513,205.1,0
2024-07-31,Referral,Desktop,72,58,148,0.594,171.5,0
2024-07-31,Referral,Mobile,147,123,469,0.643,221.9,3
2024-07-31,Referral,Tablet,14,11,58,0.303,97.5,0
2024-08-01,Organic Search,Desktop,911,739,1957,0.589,237.6,18
2024-08-01,Organic Search,Mobile,1355,1104,5771,0.328,93.6,16
2024-08-01,Organic Search,Tablet,174,143,672,0.501,46.2,2
2024-08-01,Paid Search,Desktop,284,266,1049,0.433,215.2,3
2024-08-01,Paid Search,Mobile,347,311,847,0.371,113.5,9
2024-08-01,Paid Search,Tablet,75,69,334,0.631,167.0,2
2024-08-01,Social,Desktop,327,256,1275,0.627,154.3,4
2024-08-01,Social,Mobile,591,459,2471,0.427,148.6,15
2024-08-01,Social,Tablet,65,50,241,0.344,197.7,0
2024-08-01,Direct,Desktop,234,207,451,0.428,156.0,1
2024-08-01,Direct,Mobile,321,270,906,0.45,63.9,7
2024-08-01,Direct,Tablet,53,49,193,0.654,238.9,1
2024-08-01,Email,Desktop,136,123,562,0.649,221.3,1
2024-08-01,Email,Mobile,172,135,394,0.662,187.3,2
2024-08-01,Email,Tablet,16,13,39,0.617,205.1,0
2024-08-01,Referral,Desktop,78,72,154,0.628,84.0,1
2024-08-01,Referral,Mobile,120,95,314,0.44,56.0,1
2024-08-01,Referral,Tablet,19,17,49,0.505,49.1,0
2024-08-02,Organic Search,Desktop,819,648,2325,0.603,228.5,12
2024-08-02,Organic Search,Mobile,1221,1028,4059,0.356,184.3,29
2024-08-02,Organic Search,Tablet,186,163,765,0.534,136.8,5
2024-08-02,Paid Search,Desktop,364,284,891,0.643,197.2,9
2024-08-02,Paid Search,Mobile,331,275,913,0.302,203.1,5
2024-08-02,Paid Search,Tablet,73,65,271,0.488,135.6,1
2024-08-02,Social,Desktop,366,323,1278,0.38,149.1,5
2024-08-02,Social,Mobile,501,433,1202,0.383,193.5,13
2024-08-02,Social,Tablet,81,68,164,0.347,124.6,1
2024-08-02,Direct,Desktop,219,166,568,0.36,107.8,1
2024-08-02,Direct,Mobile,369,301,1305,0.691,219.1,4
2024-08-02,Direct,Tablet,49,40,123,0.453,83.7,0
2024-08-02,Email,Desktop,131,119,257,0.653,135.4,1
2024-08-02,Email,Mobile,157,135,668,0.329,131.6,2
2024-08-02,Email,Tablet,20,17,59,0.489,218.4,0
2024-08-02,Referral,Desktop,85,78,365,0.516,201.2,2
2024-08-02,Referral,Mobile,97,91,216,0.499,224.8,0
2024-08-02,Referral,Tablet,15,11,57,0.648,201.1,0
2024-08-03,Organic Search,Desktop,727,600,2550,0.311,193.2,18
2024-08-03,Organic Search,Mobile,1203,1077,3840,0.605,202.4,17
2024-08-03,Organic Search,Tablet,174,152,704,0.35,222.1,2
2024-08-03,Paid Search,Desktop,388,321,1521,0.616,176.1,3
2024-08-03,Paid Search,Mobile,435,377,1283,0.443,232.0,11
2024-08-03,Paid Search,Tablet,66,54,163,0.611,125.5,0
2024-08-03,Social,Desktop,490,434,1666,0.413,239.7,7
2024-08-03,Social,Mobile,565,527,2012,0.528,209.8,12
2024-08-03,Social,Tablet,97,75,287,0.615,96.8,0
2024-08-03,Direct,Desktop,275,209,1090,0.336,142.8,2
2024-08-03,Direct,Mobile,397,363,767,0.68,77.0,5
2024-08-03,Direct,Tablet,65,49,219,0.384,121.1,0
2024-08-03,Email,Desktop,117,106,506,0.43,49.0,2
2024-08-03,Email,Mobile,131,107,587,0.388,230.5,3
2024-08-03,Email,Tablet,25,19,72,0.56,129.2,0
2024-08-03,Referral,Desktop,87,71,186,0.568,67.2,0
2024-08-03,Referral,Mobile,120,110,502,0.386,184.4,2
2024-08-03,Referral,Tablet,16,13,48,0.366,183.4,0
2024-08-04,Organic Search,Desktop,865,806,2596,0.306,152.2,7
2024-08-04,Organic Search,Mobile,1053,991,2045,0.363,161.3,22
2024-08-04,Organic Search,Tablet,132,121,285,0.344,167.9,3
2024-08-04,Paid Search,Desktop,395,332,1597,0.635,180.0,7
2024-08-04,Paid Search,Mobile,467,440,2030,0.346,239.9,8
2024-08-04,Paid Search,Tablet,57,50,213,0.4,163.8,0
2024-08-04,Social,Desktop,376,292,1615,0.46,122.5,10
2024-08-04,Social,Mobile,620,526,1513,0.409,106.4,9
2024-08-04,Social,Tablet,75,67,180,0.676,163.1,0
2024-08-04,Direct,Desktop,275,230,968,0.636,64.7,1
2024-08-04,Direct,Mobile,416,340,1001,0.39,237.8,7
2024-08-04,Direct,Tablet,56,44,123,0.301,105.9,0
2024-08-04,Email,Desktop,137,111,392,0.657,157.4,1
2024-08-04,Email,Mobile,168,142,691,0.557,77.5,4
2024-08-04,Email,Tablet,22,19,45,0.39,172.9,0
2024-08-04,Referral,Desktop,98,80,396,0.307,205.3,1
2024-08-04,Referral,Mobile,105,85,297,0.489,156.3,2
2024-08-04,Referral,Tablet,18,15,55,0.641,52.7,0
2024-08-05,Organic Search,Desktop,684,570,2898,0.665,107.9,5
2024-08-05,Organic Search,Mobile,978,765,2196,0.54,174.0,24
2024-08-05,Organic Search,Tablet,153,139,513,0.393,234.5,1
2024-08-05,Paid Search,Desktop,315,282,1081,0.443,194.8,7
2024-08-05,Paid Search,Mobile,434,367,1748,0.594,232.3,10
2024-08-05,Paid Search,Tablet,50,42,169,0.331,132.6,0
2024-08-05,Social,Desktop,359,284,1013,0.589,105.5,3
2024-08-05,Social,Mobile,500,452,1978,0.302,79.6,10
2024-08-05,Social,Tablet,79,70,196,0.674,239.9,1
2024-08-05,Direct,Desktop,255,192,864,0.32,92.4,3
2024-08-05,Direct,Mobile,281,239,565,0.515,78.3,4
2024-08-05,Direct,Tablet,54,50,236,0.441,89.9,0
2024-08-05,Email,Desktop,108,98,382,0.683,95.1,1
2024-08-05,Email,Mobile,152,127,565,0.407,123.0,1
2024-08-05,Email,Tablet,18,14,80,0.308,103.8,0
2024-08-05,Referral,Desktop,87,73,164,0.336,147.3,0
2024-08-05,Referral,Mobile,114,96,315,0.493,54.9,3
2024-08-05,Referral,Tablet,15,12,29,0.638,188.1,0
2024-08-06,Organic Search,Desktop,657,547,1745,0.47,211.6,8
2024-08-06,Organic Search,Mobile,1033,893,3485,0.585,230.6,10
2024-08-06,Organic Search,Tablet,105,83,277,0.552,214.8,1
2024-08-06,Paid Search,Desktop,355,329,959,0.338,149.6,2
2024-08-06,Paid Search,Mobile,331,263,1086,0.6,102.9,8
2024-08-06,Paid Search,Tablet,45,37,113,0.64,87.9,1
2024-08-06,Social,Desktop,486,423,1971,0.496,214.0,12
2024-08-06,Social,Mobile,570,441,1164,0.536,113.9,14
2024-08-06,Social,Tablet,80,61,302,0.5,146.2,0
2024-08-06,Direct,Desktop,194,148,705,0.369,147.1,1
2024-08-06,Direct,Mobile,388,355,1489,0.367,91.2,7
2024-08-06,Direct,Tablet,47,40,201,0.627,50.5,0
2024-08-06,Email,Desktop,110,104,334,0.42,151.5,1
2024-08-06,Email,Mobile,133,119,283,0.397,117.2,2
2024-08-06,Email,Tablet,25,20,54,0.529,124.6,0
2024-08-06,Referral,Desktop,100,79,239,0.317,218.3,0
2024-08-06,Referral,Mobile,138,120,326,0.511,134.1,3
2024-08-06,Referral,Tablet,18,15,33,0.453,210.8,0
2024-08-07,Organic Search,Desktop,575,467,1779,0.309,178.2,15
2024-08-07,Organic Search,Mobile,847,728,2822,0.413,238.9,10
2024-08-07,Organic Search,Tablet,132,107,373,0.664,207.8,3
2024-08-07,Paid Search,Desktop,340,317,1393,0.612,105.0,9
2024-08-07,Paid Search,Mobile,441,336,1614,0.615,128.1,2
2024-08-07,Paid Search,Tablet,54,42,204,0.56,138.8,0
2024-08-07,Social,Desktop,389,292,1093,0.539,231.2,5
2024-08-07,Social,Mobile,503,431,922,0.529,165.4,3
2024-08-07,Social,Tablet,79,65,183,0.468,171.2,1
2024-08-07,Direct,Desktop,304,266,907,0.39,80.6,6
2024-08-07,Direct,Mobile,401,349,1629,0.644,186.4,3
2024-08-07,Direct,Tablet,49,42,109,0.683,232.4,0
2024-08-07,Email,Desktop,141,113,496,0.65,57.5,1
2024-08-07,Email,Mobile,130,120,381,0.451,121.4,0
2024-08-07,Email,Tablet,21,16,85,0.525,131.6,0
2024-08-07,Referral,Desktop,98,80,417,0.548,221.2,1
2024-08-07,Referral,Mobile,112,94,340,0.653,167.3,2
2024-08-07,Referral,Tablet,19,15,47,0.669,74.5,0
2024-08-08,Organic Search,Desktop,799,694,1939,0.372,162.2,9
2024-08-08,Organic Search,Mobile,1154,1003,5108,0.572,217.5,31
2024-08-08,Organic Search,Tablet,123,110,424,0.657,239.9,2
2024-08-08,Paid Search,Desktop,263,209,528,0.407,205.0,6
2024-08-08,Paid Search,Mobile,427,359,1380,0.501,238.6,4
2024-08-08,Paid Search,Tablet,57,45,193,0.615,179.5,1
2024-08-08,Social,Desktop,480,381,1111,0.662,169.5,9
2024-08-08,Social,Mobile,588,553,1982,0.663,59.9,17
2024-08-08,Social,Tablet,93,86,407,0.357,144.6,1
2024-08-08,Direct,Desktop,216,188,724,0.424,233.2,3
2024-08-08,Direct,Mobile,409,310,836,0.54,82.5,10
2024-08-08,Direct,Tablet,40,37,116,0.554,65.2,0
2024-08-08,Email,Desktop,107,89,272,0.502,140.2,2
2024-08-08,Email,Mobile,155,123,467,0.318,226.8,3
2024-08-08,Email,Tablet,25,20,70,0.448,111.4,0
2024-08-08,Referral,Desktop,99,92,337,0.695,224.0,0
2024-08-08,Referral,Mobile,121,91,516,0.338,133.0,3
2024-08-08,Referral,Tablet,16,14,47,0.369,105.6,0
2024-08-09,Organic Search,Desktop,842,670,2636,0.657,204.0,8
2024-08-09,Organic Search,Mobile,831,731,2282,0.527,142.1,24
2024-08-09,Organic Search,Tablet,163,142,317,0.427,121.3,4
2024-08-09,Paid Search,Desktop,285,270,993,0.566,74.7,3
2024-08-09,Paid Search,Mobile,429,375,1852,0.404,149.2,3
2024-08-09,Paid Search,Tablet,67,57,176,0.442,146.3,1
2024-08-09,Social,Desktop,325,265,753,0.521,158.9,3
2024-08-09,Social,Mobile,535,455,1635,0.578,47.0,11
2024-08-09,Social,Tablet,81,69,157,0.529,116.3,2
2024-08-09,Direct,Desktop,285,247,1171,0.625,210.7,8
2024-08-09,Direct,Mobile,286,228,656,0.318,68.9,2
2024-08-09,Direct,Tablet,64,59,175,0.635,227.9,1
2024-08-09,Email,Desktop,115,89,238,0.633,110.6,2
2024-08-09,Email,Mobile,175,154,338,0.492,130.0,4
2024-08-09,Email,Tablet,18,14,60,0.356,223.0,0
2024-08-09,Referral,Desktop,75,65,222,0.691,214.7,0
2024-08-09,Referral,Mobile,108,87,325,0.535,56.0,0
2024-08-09,Referral,Tablet,16,14,67,0.46,121.9,0
2024-08-10,Organic Search,Desktop,1049,851,2159,0.479,184.9,14
2024-08-10,Organic Search,Mobile,1160,1032,2196,0.629,220.5,21
2024-08-10,Organic Search,Tablet,159,124,300,0.687,203.9,4
2024-08-10,Paid Search,Desktop,359,280,781,0.335,122.1,9
2024-08-10,Paid Search,Mobile,432,372,1167,0.666,184.8,7
2024-08-10,Paid Search,Tablet,73,62,199,0.605,128.2,1
2024-08-10,Social,Desktop,446,388,1931,0.649,182.4,11
2024-08-10,Social,Mobile,610,491,1976,0.641,209.0,15
2024-08-10,Social,Tablet,96,75,244,0.661,64.7,1
2024-08-10,Direct,Desktop,295,243,1136,0.632,162.6,2
2024-08-10,Direct,Mobile,384,342,1158,0.375,174.9,7
2024-08-10,Direct,Tablet,50,44,96,0.599,176.4,0
2024-08-10,Email,Desktop,102,91,438,0.559,184.0,1
2024-08-10,Email,Mobile,215,172,653,0.462,65.3,1
2024-08-10,Email,Tablet,26,24,63,0.695,90.1,0
2024-08-10,Referral,Desktop,99,81,211,0.517,105.4,1
2024-08-10,Referral,Mobile,141,118,314,0.356,58.2,2
2024-08-10,Referral,Tablet,13,12,34,0.33,158.3,0
2024-08-11,Organic Search,Desktop,912,792,3997,0.309,152.1,18
2024-08-11,Organic Search,Mobile,1355,1151,2571,0.463,231.8,30
2024-08-11,Organic Search,Tablet,162,129,660,0.337,118.0,2
2024-08-11,Paid Search,Desktop,395,330,768,0.449,100.7,2
2024-08-11,Paid Search,Mobile,535,451,2135,0.473,185.5,14
2024-08-11,Paid Search,Tablet,54,41,190,0.679,197.0,1
2024-08-11,Social,Desktop,430,386,1768,0.617,182.4,9
2024-08-11,Social,Mobile,603,472,1418,0.59,210.1,13
2024-08-11,Social,Tablet,96,87,264,0.368,162.9,1
2024-08-11,Direct,Desktop,328,292,747,0.4,178.4,8
2024-08-11,Direct,Mobile,292,251,1264,0.495,218.3,3
2024-08-11,Direct,Tablet,58,46,139,0.515,198.5,0
2024-08-11,Email,Desktop,141,115,576,0.598,122.0,1
2024-08-11,Email,Mobile,145,121,449,0.605,153.4,1
2024-08-11,Email,Tablet,23,19,72,0.67,61.4,0
2024-08-11,Referral,Desktop,94,74,346,0.516,136.9,1
2024-08-11,Referral,Mobile,111,88,316,0.576,160.2,0
2024-08-11,Referral,Tablet,18,14,55,0.351,236.1,0
2024-08-12,Organic Search,Desktop,699,632,2463,0.473,47.8,15
2024-08-12,Organic Search,Mobile,1015,815,3451,0.563,67.4,6
2024-08-12,Organic Search,Tablet,181,139,755,0.594,111.3,3
2024-08-12,Paid Search,Desktop,364,316,1213,0.541,177.3,5
2024-08-12,Paid Search,Mobile,470,443,1582,0.541,94.7,10
2024-08-12,Paid Search,Tablet,69,62,309,0.352,236.6,1
2024-08-12,Social,Desktop,447,398,1639,0.653,121.5,5
2024-08-12,Social,Mobile,531,462,1315,0.52,56.9,8
2024-08-12,Social,Tablet,74,63,244,0.692,111.9,1
2024-08-12,Direct,Desktop,206,165,882,0.577,126.1,4
2024-08-12,Direct,Mobile,366,301,1383,0.398,45.4,3
2024-08-12,Direct,Tablet,56,50,110,0.481,85.1,0
2024-08-12,Email,Desktop,103,96,210,0.492,200.5,1
2024-08-12,Email,Mobile,142,117,588,0.36,106.7,2
2024-08-12,Email,Tablet,17,15,35,0.65,230.5,0
2024-08-12,Referral,Desktop,90,71,201,0.595,115.8,2
2024-08-12,Referral,Mobile,114,91,476,0.648,131.9,2
2024-08-12,Referral,Tablet,20,15,36,0.653,50.9,0
2024-08-13,Organic Search,Desktop,807,614,2009,0.66,236.3,21
2024-08-13,Organic Search,Mobile,1054,821,4701,0.313,90.4,6
2024-08-13,Organic Search,Tablet,147,110,553,0.335,137.1,0
2024-08-13,Paid Search,Desktop,412,363,932,0.312,209.4,12
2024-08-13,Paid Search,Mobile,413,310,1099,0.354,103.5,10
2024-08-13,Paid Search,Tablet,49,40,140,0.562,132.3,0
2024-08-13,Social,Desktop,384,345,1579,0.584,133.1,2
2024-08-13,Social,Mobile,627,492,1275,0.699,95.8,10
2024-08-13,Social,Tablet,72,66,285,0.327,69.4,1
2024-08-13,Direct,Desktop,242,211,567,0.384,157.3,4
2024-08-13,Direct,Mobile,430,327,1183,0.666,85.2,7
2024-08-13,Direct,Tablet,37,32,163,0.661,160.1,0
2024-08-13,Email,Desktop,132,106,363,0.31,120.1,0
2024-08-13,Email,Mobile,127,99,292,0.303,225.7,3
2024-08-13,Email,Tablet,21,18,49,0.451,224.3,0
2024-08-13,Referral,Desktop,106,82,273,0.666,230.4,2
2024-08-13,Referral,Mobile,136,116,606,0.594,120.6,3
2024-08-13,Referral,Tablet,18,16,60,0.615,228.8,0
2024-08-14,Organic Search,Desktop,783,631,1653,0.405,86.5,13
2024-08-14,Organic Search,Mobile,972,738,2573,0.615,178.9,21
2024-08-14,Organic Search,Tablet,102,84,399,0.425,164.2,0
2024-08-14,Paid Search,Desktop,301,244,1169,0.518,173.5,2
2024-08-14,Paid Search,Mobile,413,334,933,0.674,103.5,5
2024-08-14,Paid Search,Tablet,50,38,192,0.583,113.8,1
2024-08-14,Social,Desktop,368,280,769,0.5,68.9,10
2024-08-14,Social,Mobile,610,527,1613,0.56,47.4,9
2024-08-14,Social,Tablet,81,70,274,0.465,193.0,1
2024-08-14,Direct,Desktop,209,179,763,0.692,198.2,1
2024-08-14,Direct,Mobile,286,261,1100,0.369,121.5,3
2024-08-14,Direct,Tablet,73,58,139,0.639,82.6,1
2024-08-14,Email,Desktop,82,62,203,0.514,194.1,1
2024-08-14,Email,Mobile,123,112,472,0.588,201.0,1
2024-08-14,Email,Tablet,19,15,42,0.53,60.3,0
2024-08-14,Referral,Desktop,73,61,229,0.47,134.0,1
2024-08-14,Referral,Mobile,109,98,460,0.579,188.1,2
2024-08-14,Referral,Tablet,17,16,36,0.318,92.6,0
2024-08-15,Organic Search,Desktop,890,818,1813,0.413,84.5,23
2024-08-15,Organic Search,Mobile,1056,958,4356,0.47,123.3,9
2024-08-15,Organic Search,Tablet,201,162,420,0.447,80.4,1
2024-08-15,Paid Search,Desktop,300,231,1051,0.463,213.6,6
2024-08-15,Paid Search,Mobile,437,351,1397,0.528,50.7,9
2024-08-15,Paid Search,Tablet,70,61,198,0.306,93.6,2
2024-08-15,Social,Desktop,520,435,1388,0.394,159.8,10
2024-08-15,Social,Mobile,412,322,800,0.441,213.1,7
2024-08-15,Social,Tablet,95,77,400,0.352,133.6,1
2024-08-15,Direct,Desktop,308,245,756,0.394,155.9,4
2024-08-15,Direct,Mobile,204,172,868,0.542,76.4,1
2024-08-15,Direct,Tablet,50,44,204,0.693,188.0,1
2024-08-15,Email,Desktop,96,76,357,0.522,110.1,1
2024-08-15,Email,Mobile,103,86,220,0.587,98.0,1
2024-08-15,Email,Tablet,19,14,44,0.346,80.4,0
2024-08-15,Referral,Desktop,98,87,289,0.649,55.9,2
2024-08-15,Referral,Mobile,103,94,330,0.64,157.0,2
2024-08-15,Referral,Tablet,20,15,45,0.372,132.8,0
2024-08-16,Organic Search,Desktop,710,669,1605,0.576,180.2,7
2024-08-16,Organic Search,Mobile,1063,949,4719,0.401,179.2,25
2024-08-16,Organic Search,Tablet,162,131,508,0.463,216.3,0
2024-08-16,Paid Search,Desktop,264,232,547,0.606,236.0,7
2024-08-16,Paid Search,Mobile,365,290,1231,0.534,165.1,7
2024-08-16,Paid Search,Tablet,59,52,204,0.39,176.8,0
2024-08-16,Social,Desktop,506,453,1708,0.635,91.1,9
2024-08-16,Social,Mobile,566,439,2125,0.457,138.4,11
2024-08-16,Social,Tablet,71,64,133,0.626,134.8,0
2024-08-16,Direct,Desktop,305,265,954,0.35,168.3,2
2024-08-16,Direct,Mobile,367,309,681,0.334,71.7,6
2024-08-16,Direct,Tablet,55,43,245,0.509,94.7,0
2024-08-16,Email,Desktop,121,114,532,0.637,181.3,1
2024-08-16,Email,Mobile,164,136,630,0.376,141.3,3
2024-08-16,Email,Tablet,22,18,69,0.55,61.3,0
2024-08-16,Referral,Desktop,91,69,231,0.589,212.2,0
2024-08-16,Referral,Mobile,99,78,387,0.411,47.9,2
2024-08-16,Referral,Tablet,21,19,81,0.373,117.9,0
2024-08-17,Organic Search,Desktop,942,747,4024,0.659,181.0,11
2024-08-17,Organic Search,Mobile,979,885,4242,0.583,57.6,5
2024-08-17,Organic Search,Tablet,187,146,707,0.63,47.4,4
2024-08-17,Paid Search,Desktop,292,242,693,0.455,111.4,5
2024-08-17,Paid Search,Mobile,305,242,832,0.369,91.1,5
2024-08-17,Paid Search,Tablet,66,62,133,0.482,146.3,1
2024-08-17,Social,Desktop,369,306,728,0.594,235.2,2
2024-08-17,Social,Mobile,494,448,1889,0.479,67.4,12
2024-08-17,Social,Tablet,69,64,127,0.32,50.9,1
2024-08-17,Direct,Desktop,277,220,849,0.34,60.6,7
2024-08-17,Direct,Mobile,407,377,1683,0.42,78.7,4
2024-08-17,Direct,Tablet,67,50,144,0.415,63.6,0
2024-08-17,Email,Desktop,114,88,243,0.563,58.1,3
2024-08-17,Email,Mobile,165,150,610,0.6,206.8,2
2024-08-17,Email,Tablet,22,18,51,0.328,197.5,0
2024-08-17,Referral,Desktop,73,61,271,0.357,90.9,1
2024-08-17,Referral,Mobile,115,90,421,0.449,61.4,2
2024-08-17,Referral,Tablet,16,13,65,0.52,97.4,0
2024-08-18,Organic Search,Desktop,912,720,3335,0.373,118.8,15
2024-08-18,Organic Search,Mobile,1076,906,2896,0.601,128.4,19
2024-08-18,Organic Search,Tablet,164,153,710,0.451,111.5,0
2024-08-18,Paid Search,Desktop,329,267,962,0.312,158.0,4
2024-08-18,Paid Search,Mobile,393,320,980,0.695,48.4,6
2024-08-18,Paid Search,Tablet,57,47,183,0.496,176.0,0
2024-08-18,Social,Desktop,344,283,1488,0.349,109.3,2
2024-08-18,Social,Mobile,585,488,1885,0.601,232.8,17
2024-08-18,Social,Tablet,78,68,279,0.536,186.4,1
2024-08-18,Direct,Desktop,277,211,1225,0.505,93.9,5
2024-08-18,Direct,Mobile,354,316,1518,0.387,171.6,1
2024-08-18,Direct,Tablet,68,51,235,0.428,124.0,1
2024-08-18,Email,Desktop,136,102,317,0.487,151.2,0
2024-08-18,Email,Mobile,131,113,489,0.579,104.3,3
2024-08-18,Email,Tablet,23,21,95,0.666,107.9,0
2024-08-18,Referral,Desktop,102,77,210,0.533,89.5,1
2024-08-18,Referral,Mobile,129,117,309,0.344,194.3,0
2024-08-18,Referral,Tablet,18,15,32,0.32,216.3,0
2024-08-19,Organic Search,Desktop,790,594,2133,0.506,95.4,20
2024-08-19,Organic Search,Mobile,892,734,1917,0.449,92.2,25
2024-08-19,Organic Search,Tablet,140,123,606,0.343,139.2,2
2024-08-19,Paid Search,Desktop,282,261,1144,0.639,121.0,4
2024-08-19,Paid Search,Mobile,361,336,1229,0.494,211.5,2
2024-08-19,Paid Search,Tablet,56,52,251,0.333,213.7,0
2024-08-19,Social,Desktop,476,446,1087,0.38,139.3,4
2024-08-19,Social,Mobile,503,382,987,0.598,162.4,11
2024-08-19,Social,Tablet,70,57,286,0.589,208.9,1
2024-08-19,Direct,Desktop,296,230,1261,0.335,61.1,6
2024-08-19,Direct,Mobile,386,320,829,0.667,95.5,9
2024-08-19,Direct,Tablet,50,38,136,0.586,109.5,1
2024-08-19,Email,Desktop,114,105,337,0.395,211.8,3
2024-08-19,Email,Mobile,112,99,229,0.352,95.1,2
2024-08-19,Email,Tablet,13,10,58,0.571,179.2,0
2024-08-19,Referral,Desktop,93,75,196,0.493,93.8,2
2024-08-19,Referral,Mobile,91,79,379,0.405,89.9,2
2024-08-19,Referral,Tablet,16,12,42,0.566,49.8,0
2024-08-20,Organic Search,Desktop,719,613,2909,0.418,185.6,21
2024-08-20,Organic Search,Mobile,1107,1010,2414,0.513,121.1,18
2024-08-20,Organic Search,Tablet,130,100,422,0.591,52.0,2
2024-08-20,Paid Search,Desktop,271,248,582,0.426,227.1,3
2024-08-20,Paid Search,Mobile,435,345,1095,0.45,186.6,10
2024-08-20,Paid Search,Tablet,67,59,195,0.391,231.2,1
2024-08-20,Social,Desktop,348,297,1317,0.433,101.6,9
2024-08-20,Social,Mobile,571,502,1513,0.401,50.0,3
2024-08-20,Social,Tablet,102,92,454,0.49,83.5,1
2024-08-20,Direct,Desktop,232,182,1006,0.532,179.0,6
2024-08-20,Direct,Mobile,282,221,843,0.545,183.6,2
2024-08-20,Direct,Tablet,44,38,108,0.343,219.2,0
2024-08-20,Email,Desktop,116,109,286,0.427,74.9,1
2024-08-20,Email,Mobile,117,91,271,0.325,101.4,0
2024-08-20,Email,Tablet,24,21,50,0.381,137.6,0
2024-08-20,Referral,Desktop,76,63,337,0.558,170.8,0
2024-08-20,Referral,Mobile,107,84,292,0.598,227.3,2
2024-08-20,Referral,Tablet,16,13,71,0.494,123.4,0
2024-08-21,Organic Search,Desktop,719,626,2616,0.31,193.5,15
2024-08-21,Organic Search,Mobile,1159,1027,3820,0.569,233.5,18
2024-08-21,Organic Search,Tablet,176,167,458,0.552,231.2,4
2024-08-21,Paid Search,Desktop,277,221,571,0.429,48.3,7
2024-08-21,Paid Search,Mobile,358,311,891,0.49,130.7,4
2024-08-21,Paid Search,Tablet,53,40,131,0.421,48.0,1
2024-08-21,Social,Desktop,429,380,1170,0.47,163.9,10
2024-08-21,Social,Mobile,418,357,1472,0.364,180.9,8
2024-08-21,Social,Tablet,79,61,238,0.425,95.0,0
2024-08-21,Direct,Desktop,219,186,507,0.38,223.5,6
2024-08-21,Direct,Mobile,422,365,900,0.375,121.7,12
2024-08-21,Direct,Tablet,53,44,218,0.477,149.2,1
2024-08-21,Email,Desktop,126,109,425,0.643,54.6,3
2024-08-21,Email,Mobile,120,90,225,0.567,173.7,3
2024-08-21,Email,Tablet,20,17,89,0.687,55.7,0
2024-08-21,Referral,Desktop,77,68,214,0.337,232.1,2
2024-08-21,Referral,Mobile,104,94,265,0.573,166.4,0
2024-08-21,Referral,Tablet,16,15,62,0.331,95.6,0
2024-08-22,Organic Search,Desktop,716,674,2315,0.331,154.6,8
2024-08-22,Organic Search,Mobile,1080,959,2867,0.511,127.2,25
2024-08-22,Organic Search,Tablet,167,129,534,0.341,191.8,2
2024-08-22,Paid Search,Desktop,260,204,885,0.681,105.9,5
2024-08-22,Paid Search,Mobile,366,328,1493,0.528,120.9,2
2024-08-22,Paid Search,Tablet,77,61,174,0.502,176.2,1
2024-08-22,Social,Desktop,407,345,1306,0.607,90.8,8
2024-08-22,Social,Mobile,627,550,2241,0.525,166.1,13
2024-08-22,Social,Tablet,66,59,120,0.564,113.1,1
2024-08-22,Direct,Desktop,300,253,1273,0.434,137.0,2
2024-08-22,Direct,Mobile,383,306,1213,0.484,75.2,2
2024-08-22,Direct,Tablet,50,42,122,0.414,97.2,0
2024-08-22,Email,Desktop,119,103,434,0.406,239.5,1
2024-08-22,Email,Mobile,116,92,310,0.69,79.1,2
2024-08-22,Email,Tablet,20,18,59,0.465,63.1,0
2024-08-22,Referral,Desktop,105,94,190,0.666,201.6,1
2024-08-22,Referral,Mobile,95,76,293,0.355,65.0,2
2024-08-22,Referral,Tablet,18,15,33,0.683,162.4,0
2024-08-23,Organic Search,Desktop,582,539,1376,0.376,172.8,16
2024-08-23,Organic Search,Mobile,1211,993,4280,0.483,139.4,17
2024-08-23,Organic Search,Tablet,197,149,871,0.377,156.9,5
2024-08-23,Paid Search,Desktop,325,245,1356,0.579,156.2,4
2024-08-23,Paid Search,Mobile,375,321,928,0.494,214.7,3
2024-08-23,Paid Search,Tablet,56,51,168,0.329,198.8,1
2024-08-23,Social,Desktop,369,306,964,0.438,199.2,2
2024-08-23,Social,Mobile,480,440,1478,0.456,187.2,7
2024-08-23,Social,Tablet,83,69,293,0.333,184.1,0
2024-08-23,Direct,Desktop,239,215,762,0.638,208.1,1
2024-08-23,Direct,Mobile,350,306,1288,0.435,139.6,2
2024-08-23,Direct,Tablet,49,42,180,0.512,46.0,0
2024-08-23,Email,Desktop,99,75,320,0.654,79.7,1
2024-08-23,Email,Mobile,141,114,596,0.617,85.4,3
2024-08-23,Email,Tablet,20,18,56,0.427,239.8,0
2024-08-23,Referral,Desktop,98,80,218,0.462,187.3,1
2024-08-23,Referral,Mobile,96,74,309,0.382,106.7,2
2024-08-23,Referral,Tablet,15,12,65,0.482,100.9,0
2024-08-24,Organic Search,Desktop,949,729,3311,0.322,63.9,10
2024-08-24,Organic Search,Mobile,1042,932,2289,0.61,185.1,9
2024-08-24,Organic Search,Tablet,154,130,658,0.628,162.9,4
2024-08-24,Paid Search,Desktop,368,281,1071,0.57,71.6,4
2024-08-24,Paid Search,Mobile,491,405,1914,0.499,146.9,3
2024-08-24,Paid Search,Tablet,58,47,195,0.42,229.1,0
2024-08-24,Social,Desktop,377,327,1251,0.34,49.6,6
2024-08-24,Social,Mobile,709,671,2641,0.472,193.9,4
2024-08-24,Social,Tablet,84,66,214,0.477,207.6,1
2024-08-24,Direct,Desktop,322,299,1432,0.539,52.5,9
2024-08-24,Direct,Mobile,279,248,603,0.696,204.9,7
2024-08-24,Direct,Tablet,51,45,163,0.346,189.4,0
2024-08-24,Email,Desktop,138,127,505,0.547,207.9,1
2024-08-24,Email,Mobile,148,116,331,0.465,56.9,3
2024-08-24,Email,Tablet,20,17,65,0.552,78.8,0
2024-08-24,Referral,Desktop,82,64,315,0.43,224.7,0
2024-08-24,Referral,Mobile,118,111,426,0.598,168.1,3
2024-08-24,Referral,Tablet,17,13,58,0.571,221.1,0
2024-08-25,Organic Search,Desktop,766,718,2057,0.474,118.8,8
2024-08-25,Organic Search,Mobile,1254,1088,3932,0.512,79.7,37
2024-08-25,Organic Search,Tablet,178,166,662,0.472,203.3,4
2024-08-25,Paid Search,Desktop,321,242,1183,0.309,175.4,1
2024-08-25,Paid Search,Mobile,404,320,887,0.5,65.1,9
2024-08-25,Paid Search,Tablet,50,44,101,0.316,227.8,1
2024-08-25,Social,Desktop,381,294,926,0.546,145.1,8
2024-08-25,Social,Mobile,610,516,2061,0.354,83.5,4
2024-08-25,Social,Tablet,92,83,363,0.482,101.2,2
2024-08-25,Direct,Desktop,267,212,1061,0.316,46.7,4
2024-08-25,Direct,Mobile,419,352,1377,0.623,193.7,4
2024-08-25,Direct,Tablet,58,51,250,0.68,110.6,0
2024-08-25,Email,Desktop,121,104,411,0.594,124.2,1
2024-08-25,Email,Mobile,152,117,442,0.446,224.9,3
2024-08-25,Email,Tablet,26,23,107,0.648,101.0,0
2024-08-25,Referral,Desktop,82,68,249,0.496,175.0,1
2024-08-25,Referral,Mobile,125,105,383,0.671,128.2,1
2024-08-25,Referral,Tablet,16,12,61,0.551,48.1,0
2024-08-26,Organic Search,Desktop,860,683,3770,0.511,162.5,9
2024-08-26,Organic Search,Mobile,699,545,2216,0.694,69.7,11
2024-08-26,Organic Search,Tablet,182,153,610,0.673,96.6,1
2024-08-26,Paid Search,Desktop,280,264,1152,0.567,169.4,4
2024-08-26,Paid Search,Mobile,503,472,1549,0.614,109.8,8
2024-08-26,Paid Search,Tablet,75,71,168,0.421,72.7,1
2024-08-26,Social,Desktop,401,327,1072,0.573,106.0,3
2024-08-26,Social,Mobile,458,372,2012,0.667,185.3,7
2024-08-26,Social,Tablet,66,59,125,0.333,81.9,0
2024-08-26,Direct,Desktop,213,196,725,0.519,175.2,2
2024-08-26,Direct,Mobile,381,330,1235,0.429,92.8,6
2024-08-26,Direct,Tablet,59,45,176,0.493,58.8,0
2024-08-26,Email,Desktop,84,76,172,0.55,186.5,0
2024-08-26,Email,Mobile,125,108,445,0.525,112.9,0
2024-08-26,Email,Tablet,20,15,65,0.52,87.7,0
2024-08-26,Referral,Desktop,93,70,228,0.622,88.0,0
2024-08-26,Referral,Mobile,128,114,268,0.329,192.8,1
2024-08-26,Referral,Tablet,17,16,48,0.65,173.9,0
2024-08-27,Organic Search,Desktop,879,793,2169,0.304,172.0,20
2024-08-27,Organic Search,Mobile,895,677,3903,0.532,87.4,21
2024-08-27,Organic Search,Tablet,162,142,475,0.508,75.5,2
2024-08-27,Paid Search,Desktop,280,245,825,0.379,195.4,7
2024-08-27,Paid Search,Mobile,457,345,1608,0.383,182.3,5
2024-08-27,Paid Search,Tablet,60,51,145,0.401,148.5,0
2024-08-27,Social,Desktop,363,300,1569,0.542,92.7,9
2024-08-27,Social,Mobile,477,411,1552,0.397,115.2,4
2024-08-27,Social,Tablet,75,65,199,0.406,234.4,1
2024-08-27,Direct,Desktop,239,205,1024,0.308,102.3,6
2024-08-27,Direct,Mobile,330,276,1472,0.671,145.9,2
2024-08-27,Direct,Tablet,46,40,108,0.647,57.2,0
2024-08-27,Email,Desktop,97,87,286,0.322,201.6,2
2024-08-27,Email,Mobile,162,149,599,0.5,195.0,1
2024-08-27,Email,Tablet,17,12,45,0.539,170.7,0
2024-08-27,Referral,Desktop,78,71,214,0.474,78.7,0
2024-08-27,Referral,Mobile,125,118,501,0.639,154.3,1
2024-08-27,Referral,Tablet,17,14,53,0.486,137.2,0
2024-08-28,Organic Search,Desktop,715,666,1948,0.372,213.3,4
2024-08-28,Organic Search,Mobile,665,624,1933,0.643,63.4,10
2024-08-28,Organic Search,Tablet,149,132,397,0.639,95.2,2
2024-08-28,Paid Search,Desktop,289,243,1170,0.49,228.9,8
2024-08-28,Paid Search,Mobile,368,292,1237,0.625,136.6,6
2024-08-28,Paid Search,Tablet,48,41,215,0.546,200.7,0
2024-08-28,Social,Desktop,387,322,1433,0.678,62.1,9
2024-08-28,Social,Mobile,508,450,2096,0.473,170.9,15
2024-08-28,Social,Tablet,79,72,274,0.354,140.8,1
2024-08-28,Direct,Desktop,279,218,1132,0.568,191.0,2
2024-08-28,Direct,Mobile,389,318,1217,0.553,221.1,8
2024-08-28,Direct,Tablet,53,48,162,0.428,186.0,1
2024-08-28,Email,Desktop,92,86,368,0.462,84.7,1
2024-08-28,Email,Mobile,155,140,282,0.591,183.8,4
2024-08-28,Email,Tablet,20,17,65,0.624,175.7,0
2024-08-28,Referral,Desktop,69,57,193,0.571,85.9,1
2024-08-28,Referral,Mobile,122,92,513,0.667,51.9,2
2024-08-28,Referral,Tablet,14,12,34,0.342,178.6,0
2024-08-29,Organic Search,Desktop,803,603,1530,0.678,221.5,9
2024-08-29,Organic Search,Mobile,1060,826,3620,0.462,163.3,15
2024-08-29,Organic Search,Tablet,152,133,677,0.494,230.5,2
2024-08-29,Paid Search,Desktop,294,227,554,0.35,154.4,8
2024-08-29,Paid Search,Mobile,313,273,1042,0.504,155.7,7
2024-08-29,Paid Search,Tablet,54,50,154,0.48,70.3,0
2024-08-29,Social,Desktop,342,303,1002,0.386,147.9,8
2024-08-29,Social,Mobile,503,451,1936,0.306,161.3,15
2024-08-29,Social,Tablet,76,68,201,0.47,121.8,1
2024-08-29,Direct,Desktop,276,253,964,0.518,163.3,2
2024-08-29,Direct,Mobile,337,285,882,0.349,216.4,3
2024-08-29,Direct,Tablet,55,50,143,0.688,208.2,1
2024-08-29,Email,Desktop,94,77,250,0.549,217.8,0
2024-08-29,Email,Mobile,115,94,489,0.484,117.3,3
2024-08-29,Email,Tablet,21,16,56,0.615,118.0,0
2024-08-29,Referral,Desktop,86,80,350,0.301,202.0,1
2024-08-29,Referral,Mobile,112,86,449,0.67,46.7,2
2024-08-29,Referral,Tablet,15,13,63,0.354,234.4,0
2024-08-30,Organic Search,Desktop,812,637,3536,0.674,141.9,4
2024-08-30,Organic Search,Mobile,905,842,2612,0.375,100.5,23
2024-08-30,Organic Search,Tablet,162,134,699,0.526,61.9,3
2024-08-30,Paid Search,Desktop,294,237,840,0.398,215.0,4
2024-08-30,Paid Search,Mobile,406,305,1675,0.396,64.9,11
2024-08-30,Paid Search,Tablet,66,61,132,0.447,170.4,1
2024-08-30,Social,Desktop,425,341,1728,0.54,173.3,5
2024-08-30,Social,Mobile,474,417,1483,0.528,125.4,10
2024-08-30,Social,Tablet,76,65,292,0.684,85.0,1
2024-08-30,Direct,Desktop,248,225,934,0.586,197.6,5
2024-08-30,Direct,Mobile,336,318,1431,0.697,69.2,6
2024-08-30,Direct,Tablet,55,51,101,0.505,156.9,1
2024-08-30,Email,Desktop,100,92,306,0.613,219.8,0
2024-08-30,Email,Mobile,164,146,319,0.37,74.4,1
2024-08-30,Email,Tablet,22,17,93,0.548,101.6,0
2024-08-30,Referral,Desktop,83,69,253,0.422,81.4,2
2024-08-30,Referral,Mobile,115,86,473,0.554,127.8,2
2024-08-30,Referral,Tablet,18,14,35,0.54,193.9,0
2024-08-31,Organic Search,Desktop,682,553,1844,0.665,176.1,7
2024-08-31,Organic Search,Mobile,1152,933,4581,0.689,147.4,7
2024-08-31,Organic Search,Tablet,194,169,481,0.345,52.4,3
2024-08-31,Paid Search,Desktop,322,286,691,0.59,90.5,5
2024-08-31,Paid Search,Mobile,560,450,1381,0.323,152.7,4
2024-08-31,Paid Search,Tablet,67,62,259,0.571,186.2,1
2024-08-31,Social,Desktop,510,382,1417,0.486,59.6,13
2024-08-31,Social,Mobile,437,411,1855,0.545,152.4,5
2024-08-31,Social,Tablet,83,70,320,0.625,84.3,1
2024-08-31,Direct,Desktop,283,219,805,0.673,219.9,7
2024-08-31,Direct,Mobile,345,283,1216,0.313,101.0,3
2024-08-31,Direct,Tablet,67,63,214,0.308,225.8,1
2024-08-31,Email,Desktop,133,126,308,0.426,192.0,3
2024-08-31,Email,Mobile,171,153,527,0.676,231.7,4
2024-08-31,Email,Tablet,26,21,48,0.572,133.3,0
2024-08-31,Referral,Desktop,98,85,416,0.543,160.1,0
2024-08-31,Referral,Mobile,154,119,488,0.48,228.0,3
2024-08-31,Referral,Tablet,18,14,35,0.559,112.4,0
2024-09-01,Organic Search,Desktop,793,672,2430,0.39,148.2,22
2024-09-01,Organic Search,Mobile,1052,879,2193,0.467,184.0,12
2024-09-01,Organic Search,Tablet,206,195,433,0.665,204.4,1
2024-09-01,Paid Search,Desktop,338,273,1187,0.328,225.1,2
2024-09-01,Paid Search,Mobile,405,373,1489,0.663,166.3,2
2024-09-01,Paid Search,Tablet,63,49,169,0.478,53.3,1
2024-09-01,Social,Desktop,435,403,1303,0.533,51.3,6
2024-09-01,Social,Mobile,478,371,1678,0.33,218.0,8
2024-09-01,Social,Tablet,68,56,279,0.571,66.8,1
2024-09-01,Direct,Desktop,299,228,570,0.373,85.1,6
2024-09-01,Direct,Mobile,387,300,795,0.417,165.1,8
2024-09-01,Direct,Tablet,57,53,208,0.532,111.2,0
2024-09-01,Email,Desktop,104,84,451,0.485,138.0,1
2024-09-01,Email,Mobile,124,93,457,0.408,181.1,0
2024-09-01,Email,Tablet,26,22,108,0.489,114.4,0
2024-09-01,Referral,Desktop,78,71,176,0.441,83.0,1
2024-09-01,Referral,Mobile,92,70,314,0.546,118.1,2
2024-09-01,Referral,Tablet,15,12,53,0.486,59.6,0
2024-09-02,Organic Search,Desktop,673,633,2550,0.301,52.5,5
2024-09-02,Organic Search,Mobile,1283,992,2334,0.402,125.3,30
2024-09-02,Organic Search,Tablet,143,132,337,0.308,53.3,3
2024-09-02,Paid Search,Desktop,313,254,1203,0.602,205.5,5
2024-09-02,Paid Search,Mobile,246,215,831,0.521,161.7,6
2024-09-02,Paid Search,Tablet,62,51,157,0.549,99.6,1
2024-09-02,Social,Desktop,364,295,1084,0.5,95.8,2
2024-09-02,Social,Mobile,402,351,888,0.427,235.6,11
2024-09-02,Social,Tablet,96,81,339,0.632,157.8,1
2024-09-02,Direct,Desktop,297,248,1193,0.409,96.1,3
2024-09-02,Direct,Mobile,313,294,638,0.608,54.2,3
2024-09-02,Direct,Tablet,30,23,90,0.662,113.5,0
2024-09-02,Email,Desktop,101,87,213,0.518,152.5,2
2024-09-02,Email,Mobile,165,149,566,0.627,190.7,1
2024-09-02,Email,Tablet,17,15,73,0.464,75.7,0
2024-09-02,Referral,Desktop,70,63,297,0.552,66.0,1
2024-09-02,Referral,Mobile,95,76,174,0.66,65.6,2
2024-09-02,Referral,Tablet,15,11,44,0.608,106.4,0
2024-09-03,Organic Search,Desktop,729,614,1376,0.608,171.1,9
2024-09-03,Organic Search,Mobile,985,799,3892,0.696,139.5,5
2024-09-03,Organic Search,Tablet,162,143,307,0.315,238.0,3
2024-09-03,Paid Search,Desktop,192,144,731,0.425,145.9,3
2024-09-03,Paid Search,Mobile,307,285,606,0.334,83.5,7
2024-09-03,Paid Search,Tablet,65,56,143,0.676,108.3,0
2024-09-03,Social,Desktop,407,385,1368,0.373,85.5,10
2024-09-03,Social,Mobile,514,445,1406,0.51,198.0,13
2024-09-03,Social,Tablet,70,57,245,0.393,49.9,0
2024-09-03,Direct,Desktop,321,258,990,0.514,152.5,8
2024-09-03,Direct,Mobile,308,276,1033,0.392,150.0,5
2024-09-03,Direct,Tablet,44,38,101,0.526,187.8,0
2024-09-03,Email,Desktop,106,100,450,0.448,150.3,0
2024-09-03,Email,Mobile,117,100,342,0.512,207.2,1
2024-09-03,Email,Tablet,20,16,61,0.458,174.4,0
2024-09-03,Referral,Desktop,84,71,284,0.484,64.7,1
2024-09-03,Referral,Mobile,80,67,257,0.553,232.8,2
2024-09-03,Referral,Tablet,14,10,43,0.58,148.8,0
2024-09-04,Organic Search,Desktop,670,512,2894,0.599,204.3,11
2024-09-04,Organic Search,Mobile,1043,819,3686,0.354,95.7,12
2024-09-04,Organic Search,Tablet,140,108,536,0.691,235.5,4
2024-09-04,Paid Search,Desktop,243,227,845,0.555,135.8,2
2024-09-04,Paid Search,Mobile,323,288,1086,0.677,199.7,1
2024-09-04,Paid Search,Tablet,54,44,138,0.517,137.6,1
2024-09-04,Social,Desktop,341,310,1259,0.469,113.5,9
2024-09-04,Social,Mobile,469,378,907,0.567,107.8,9
2024-09-04,Social,Tablet,55,45,145,0.658,61.0,1
2024-09-04,Direct,Desktop,212,198,727,0.672,225.1,2
2024-09-04,Direct,Mobile,289,245,1247,0.545,167.3,6
2024-09-04,Direct,Tablet,39,29,172,0.311,116.0,1
2024-09-04,Email,Desktop,143,115,614,0.514,184.7,4
2024-09-04,Email,Mobile,135,113,562,0.565,237.3,1
2024-09-04,Email,Tablet,21,16,58,0.566,221.4,0
2024-09-04,Referral,Desktop,67,55,193,0.304,239.2,1
2024-09-04,Referral,Mobile,115,97,506,0.462,167.6,2
2024-09-04,Referral,Tablet,18,14,76,0.354,88.1,0
2024-09-05,Organic Search,Desktop,631,551,2576,0.427,75.9,4
2024-09-05,Organic Search,Mobile,771,671,2591,0.447,74.4,22
2024-09-05,Organic Search,Tablet,168,137,527,0.338,118.7,2
2024-09-05,Paid Search,Desktop,305,250,970,0.315,186.7,4
2024-09-05,Paid Search,Mobile,371,332,996,0.53,101.4,3
2024-09-05,Paid Search,Tablet,52,42,104,0.352,141.3,0
2024-09-05,Social,Desktop,383,345,1144,0.504,109.0,10
2024-09-05,Social,Mobile,460,362,1148,0.333,180.9,8
2024-09-05,Social,Tablet,66,62,296,0.466,222.2,1
2024-09-05,Direct,Desktop,213,178,873,0.407,122.8,5
2024-09-05,Direct,Mobile,332,309,937,0.535,79.2,2
2024-09-05,Direct,Tablet,41,33,138,0.642,133.7,0
2024-09-05,Email,Desktop,109,90,436,0.424,231.5,1
2024-09-05,Email,Mobile,152,114,561,0.548,81.4,1
2024-09-05,Email,Tablet,24,18,69,0.528,207.2,0
2024-09-05,Referral,Desktop,54,48,112,0.471,112.7,1
2024-09-05,Referral,Mobile,126,103,467,0.571,88.0,3
2024-09-05,Referral,Tablet,18,16,50,0.625,122.8,0
2024-09-06,Organic Search,Desktop,985,847,2666,0.525,107.0,17
2024-09-06,Organic Search,Mobile,950,898,2291,0.386,96.4,15
2024-09-06,Organic Search,Tablet,111,88,445,0.57,131.5,1
2024-09-06,Paid Search,Desktop,285,266,1184,0.558,222.4,5
2024-09-06,Paid Search,Mobile,330,287,1370,0.642,79.1,6
2024-09-06,Paid Search,Tablet,49,45,95,0.672,74.3,1
2024-09-06,Social,Desktop,376,335,1369,0.478,235.0,7
2024-09-06,Social,Mobile,389,343,924,0.55,167.0,8
2024-09-06,Social,Tablet,64,52,217,0.693,109.4,1
2024-09-06,Direct,Desktop,226,174,568,0.406,163.6,3
2024-09-06,Direct,Mobile,313,281,605,0.656,118.9,9
2024-09-06,Direct,Tablet,64,59,253,0.536,179.8,1
2024-09-06,Email,Desktop,113,91,368,0.552,162.1,2
2024-09-06,Email,Mobile,153,123,454,0.315,138.7,3
2024-09-06,Email,Tablet,20,18,83,0.61,126.8,0
2024-09-06,Referral,Desktop,96,74,321,0.465,102.5,2
2024-09-06,Referral,Mobile,117,93,273,0.348,175.5,1
2024-09-06,Referral,Tablet,14,12,57,0.393,131.4,0
2024-09-07,Organic Search,Desktop,836,688,2433,0.662,211.8,11
2024-09-07,Organic Search,Mobile,1007,852,2887,0.322,232.3,5
2024-09-07,Organic Search,Tablet,156,129,636,0.459,110.3,1
2024-09-07,Paid Search,Desktop,323,255,1428,0.683,106.7,8
2024-09-07,Paid Search,Mobile,477,421,944,0.322,98.9,3
2024-09-07,Paid Search,Tablet,64,53,287,0.508,109.0,0
2024-09-07,Social,Desktop,383,311,1700,0.45,45.1,11
2024-09-07,Social,Mobile,456,420,1342,0.493,184.7,3
2024-09-07,Social,Tablet,67,55,122,0.531,106.2,1
2024-09-07,Direct,Desktop,277,209,629,0.629,141.0,7
2024-09-07,Direct,Mobile,401,334,1493,0.431,184.2,2
2024-09-07,Direct,Tablet,45,38,85,0.438,206.9,0
2024-09-07,Email,Desktop,120,94,465,0.399,46.4,2
2024-09-07,Email,Mobile,135,125,286,0.609,175.3,2
2024-09-07,Email,Tablet,23,20,60,0.452,172.2,0
2024-09-07,Referral,Desktop,78,66,302,0.344,170.9,1
2024-09-07,Referral,Mobile,98,76,359,0.612,197.2,2
2024-09-07,Referral,Tablet,14,13,46,0.311,71.5,0
2024-09-08,Organic Search,Desktop,807,724,1788,0.535,235.3,24
2024-09-08,Organic Search,Mobile,956,799,2304,0.425,146.0,6
2024-09-08,Organic Search,Tablet,178,160,360,0.614,71.0,3
2024-09-08,Paid Search,Desktop,324,289,1316,0.544,126.6,6
2024-09-08,Paid Search,Mobile,369,293,683,0.32,206.3,10
2024-09-08,Paid Search,Tablet,60,54,268,0.659,233.1,0
2024-09-08,Social,Desktop,412,374,1141,0.627,84.9,3
2024-09-08,Social,Mobile,461,395,1386,0.311,207.4,11
2024-09-08,Social,Tablet,95,77,183,0.341,160.0,1
2024-09-08,Direct,Desktop,288,233,964,0.396,187.5,8
2024-09-08,Direct,Mobile,285,249,630,0.657,237.8,2
2024-09-08,Direct,Tablet,57,43,127,0.481,94.8,0
2024-09-08,Email,Desktop,132,123,571,0.673,223.0,0
2024-09-08,Email,Mobile,162,132,459,0.546,55.3,1
2024-09-08,Email,Tablet,21,18,46,0.522,74.6,0
2024-09-08,Referral,Desktop,76,64,174,0.656,122.2,0
2024-09-08,Referral,Mobile,117,108,327,0.486,188.4,0
2024-09-08,Referral,Tablet,22,19,45,0.482,51.9,0
2024-09-09,Organic Search,Desktop,849,806,3005,0.66,187.2,18
2024-09-09,Organic Search,Mobile,948,888,1706,0.598,164.2,9
2024-09-09,Organic Search,Tablet,103,88,266,0.364,84.1,1
2024-09-09,Paid Search,Desktop,255,201,872,0.52,104.5,2
2024-09-09,Paid Search,Mobile,368,329,728,0.415,154.6,7
2024-09-09,Paid Search,Tablet,60,55,241,0.431,209.8,1
2024-09-09,Social,Desktop,282,255,837,0.57,158.4,8
2024-09-09,Social,Mobile,423,365,1834,0.557,135.0,9
2024-09-09,Social,Tablet,86,65,197,0.527,231.1,2
2024-09-09,Direct,Desktop,241,211,1062,0.688,166.3,6
2024-09-09,Direct,Mobile,350,282,708,0.375,102.2,7
2024-09-09,Direct,Tablet,53,47,133,0.353,208.2,1
2024-09-09,Email,Desktop,90,81,235,0.447,216.3,2
2024-09-09,Email,Mobile,141,130,602,0.365,227.5,0
2024-09-09,Email,Tablet,22,18,58,0.356,183.8,0
2024-09-09,Referral,Desktop,69,65,289,0.451,49.9,0
2024-09-09,Referral,Mobile,117,109,364,0.392,231.7,3
2024-09-09,Referral,Tablet,19,15,39,0.425,136.7,0
2024-09-10,Organic Search,Desktop,702,589,1688,0.5,62.7,4
2024-09-10,Organic Search,Mobile,1045,899,3762,0.581,115.7,26
2024-09-10,Organic Search,Tablet,136,113,251,0.445,206.9,3
2024-09-10,Paid Search,Desktop,226,190,553,0.474,124.0,2
2024-09-10,Paid Search,Mobile,359,286,1214,0.486,177.3,2
2024-09-10,Paid Search,Tablet,64,50,201,0.315,123.9,1
2024-09-10,Social,Desktop,429,374,1083,0.546,116.2,11
2024-09-10,Social,Mobile,423,373,1146,0.414,152.8,9
2024-09-10,Social,Tablet,86,74,279,0.549,72.4,1
2024-09-10,Direct,Desktop,197,156,637,0.34,106.2,4
2024-09-10,Direct,Mobile,302,256,783,0.43,202.4,7
2024-09-10,Direct,Tablet,50,44,214,0.327,154.7,1
2024-09-10,Email,Desktop,110,93,241,0.558,141.7,2
2024-09-10,Email,Mobile,168,148,476,0.601,106.1,2
2024-09-10,Email,Tablet,21,17,47,0.655,109.2,0
2024-09-10,Referral,Desktop,72,62,129,0.457,184.9,1
2024-09-10,Referral,Mobile,103,77,341,0.574,174.5,1
2024-09-10,Referral,Tablet,16,13,35,0.468,161.1,0
2024-09-11,Organic Search,Desktop,593,517,1517,0.68,235.2,13
2024-09-11,Organic Search,Mobile,1074,963,2171,0.384,88.4,8
2024-09-11,Organic Search,Tablet,141,116,377,0.453,106.8,1
2024-09-11,Paid Search,Desktop,240,201,606,0.588,52.7,2
2024-09-11,Paid Search,Mobile,465,372,1331,0.301,113.9,5
2024-09-11,Paid Search,Tablet,47,35,96,0.319,158.2,0
2024-09-11,Social,Desktop,351,317,793,0.349,165.9,2
2024-09-11,Social,Mobile,485,442,1470,0.443,116.2,13
2024-09-11,Social,Tablet,69,64,283,0.308,151.1,0
2024-09-11,Direct,Desktop,248,215,657,0.395,56.9,6
2024-09-11,Direct,Mobile,396,325,1320,0.522,138.3,8
2024-09-11,Direct,Tablet,48,39,126,0.683,137.8,0
2024-09-11,Email,Desktop,85,72,334,0.566,232.2,1
2024-09-11,Email,Mobile,142,121,537,0.403,116.0,2
2024-09-11,Email,Tablet,20,15,44,0.64,207.1,0
2024-09-11,Referral,Desktop,58,51,191,0.365,171.6,1
2024-09-11,Referral,Mobile,107,99,236,0.641,58.3,1
2024-09-11,Referral,Tablet,15,13,36,0.478,79.9,0
2024-09-12,Organic Search,Desktop,678,572,1478,0.532,97.2,14
2024-09-12,Organic Search,Mobile,1219,1144,2473,0.522,180.9,23
2024-09-12,Organic Search,Tablet,138,111,380,0.385,130.5,4
2024-09-12,Paid Search,Desktop,310,251,732,0.396,194.7,2
2024-09-12,Paid Search,Mobile,305,255,1290,0.505,147.6,2
2024-09-12,Paid Search,Tablet,57,48,163,0.318,144.6,1
2024-09-12,Social,Desktop,403,308,1374,0.44,168.4,7
2024-09-12,Social,Mobile,516,484,1109,0.592,136.2,12
2024-09-12,Social,Tablet,79,67,216,0.42,163.9,0
2024-09-12,Direct,Desktop,217,187,605,0.667,144.6,2
2024-09-12,Direct,Mobile,369,286,755,0.341,150.1,3
2024-09-12,Direct,Tablet,49,41,195,0.351,79.9,1
2024-09-12,Email,Desktop,115,88,257,0.379,178.3,1
2024-09-12,Email,Mobile,147,126,379,0.526,70.0,3
2024-09-12,Email,Tablet,23,18,65,0.496,164.7,0
2024-09-12,Referral,Desktop,70,59,170,0.534,121.3,0
2024-09-12,Referral,Mobile,96,90,408,0.345,228.7,0
2024-09-12,Referral,Tablet,14,11,44,0.358,122.0,0
2024-09-13,Organic Search,Desktop,660,571,2893,0.43,194.7,15
2024-09-13,Organic Search,Mobile,1071,1013,3658,0.681,136.4,10
2024-09-13,Organic Search,Tablet,170,143,356,0.699,66.2,4
2024-09-13,Paid Search,Desktop,333,273,1291,0.463,232.5,4
2024-09-13,Paid Search,Mobile,452,406,1886,0.515,47.1,9
2024-09-13,Paid Search,Tablet,51,43,156,0.524,129.4,1
2024-09-13,Social,Desktop,355,281,1521,0.414,205.3,5
2024-09-13,Social,Mobile,476,361,1322,0.443,235.0,2
2024-09-13,Social,Tablet,70,60,313,0.434,181.9,0
2024-09-13,Direct,Desktop,257,227,1117,0.361,203.8,3
2024-09-13,Direct,Mobile,332,303,1244,0.627,125.3,9
2024-09-13,Direct,Tablet,40,36,148,0.612,133.1,0
2024-09-13,Email,Desktop,127,98,260,0.482,179.8,3
2024-09-13,Email,Mobile,151,136,374,0.579,126.9,1
2024-09-13,Email,Tablet,21,18,76,0.505,149.4,0
2024-09-13,Referral,Desktop,72,63,175,0.657,181.9,1
2024-09-13,Referral,Mobile,131,106,339,0.37,93.2,1
2024-09-13,Referral,Tablet,17,13,76,0.684,67.3,0
2024-09-14,Organic Search,Desktop,848,673,3364,0.632,210.5,20
2024-09-14,Organic Search,Mobile,1022,799,4399,0.626,76.4,15
2024-09-14,Organic Search,Tablet,130,122,488,0.519,96.0,1
2024-09-14,Paid Search,Desktop,337,286,670,0.569,105.9,9
2024-09-14,Paid Search,Mobile,403,312,1009,0.697,195.6,8
2024-09-14,Paid Search,Tablet,60,50,183,0.378,234.6,0
2024-09-14,Social,Desktop,365,325,807,0.325,186.0,5
2024-09-14,Social,Mobile,472,376,1091,0.334,207.8,11
2024-09-14,Social,Tablet,77,71,259,0.581,126.7,0
2024-09-14,Direct,Desktop,306,258,1080,0.431,116.6,3
2024-09-14,Direct,Mobile,249,186,679,0.48,213.0,6
2024-09-14,Direct,Tablet,38,29,71,0.391,180.0,0
2024-09-14,Email,Desktop,137,116,598,0.614,111.3,3
2024-09-14,Email,Mobile,166,152,591,0.658,152.0,3
2024-09-14,Email,Tablet,20,15,87,0.584,83.0,0
2024-09-14,Referral,Desktop,93,81,386,0.314,125.6,1
2024-09-14,Referral,Mobile,87,81,312,0.41,93.5,1
2024-09-14,Referral,Tablet,18,16,40,0.432,98.5,0
2024-09-15,Organic Search,Desktop,863,684,1662,0.566,175.2,8
2024-09-15,Organic Search,Mobile,989,836,4024,0.595,106.6,23
2024-09-15,Organic Search,Tablet,207,178,446,0.518,172.9,1
2024-09-15,Paid Search,Desktop,418,389,1062,0.442,183.3,7
2024-09-15,Paid Search,Mobile,502,393,2147,0.63,234.7,14
2024-09-15,Paid Search,Tablet,72,67,157,0.627,154.5,1
2024-09-15,Social,Desktop,419,376,1700,0.629,199.8,5
2024-09-15,Social,Mobile,604,506,2244,0.349,107.9,4
2024-09-15,Social,Tablet,87,65,327,0.559,54.2,1
2024-09-15,Direct,Desktop,225,200,797,0.538,236.7,2
2024-09-15,Direct,Mobile,235,187,506,0.616,142.1,4
2024-09-15,Direct,Tablet,57,46,150,0.693,103.9,1
2024-09-15,Email,Desktop,132,117,461,0.399,110.1,0
2024-09-15,Email,Mobile,164,142,624,0.617,60.4,2
2024-09-15,Email,Tablet,29,26,98,0.425,107.1,0
2024-09-15,Referral,Desktop,98,80,415,0.338,113.6,0
2024-09-15,Referral,Mobile,116,95,340,0.664,103.5,2
2024-09-15,Referral,Tablet,19,18,74,0.351,125.2,0
2024-09-16,Organic Search,Desktop,857,654,2325,0.417,236.8,20
2024-09-16,Organic Search,Mobile,864,788,3033,0.352,51.4,24
2024-09-16,Organic Search,Tablet,153,135,628,0.615,66.5,2
2024-09-16,Paid Search,Desktop,349,264,1152,0.594,49.9,8
2024-09-16,Paid Search,Mobile,330,273,693,0.442,221.1,2
2024-09-16,Paid Search,Tablet,74,55,315,0.373,175.2,1
2024-09-16,Social,Desktop,389,321,700,0.463,145.9,6
2024-09-16,Social,Mobile,534,495,1031,0.308,126.9,3
2024-09-16,Social,Tablet,69,59,142,0.504,149.4,0
2024-09-16,Direct,Desktop,231,179,662,0.665,185.7,1
2024-09-16,Direct,Mobile,311,244,696,0.368,234.5,4
2024-09-16,Direct,Tablet,62,58,229,0.591,58.6,1
2024-09-16,Email,Desktop,94,71,234,0.582,208.1,1
2024-09-16,Email,Mobile,138,115,501,0.514,92.0,3
2024-09-16,Email,Tablet,17,13,39,0.666,64.3,0
2024-09-16,Referral,Desktop,97,74,343,0.591,107.8,1
2024-09-16,Referral,Mobile,104,87,347,0.415,184.6,1
2024-09-16,Referral,Tablet,19,16,49,0.625,172.6,0
2024-09-17,Organic Search,Desktop,639,523,1981,0.62,167.1,8
2024-09-17,Organic Search,Mobile,1042,971,3910,0.347,50.8,5
2024-09-17,Organic Search,Tablet,164,153,678,0.693,162.3,2
2024-09-17,Paid Search,Desktop,309,237,847,0.515,73.2,2
2024-09-17,Paid Search,Mobile,469,387,1746,0.446,75.0,12
2024-09-17,Paid Search,Tablet,62,48,135,0.478,140.5,0
2024-09-17,Social,Desktop,481,412,1523,0.6,107.1,9
2024-09-17,Social,Mobile,463,368,1044,0.518,222.1,10
2024-09-17,Social,Tablet,76,68,293,0.474,88.9,0
2024-09-17,Direct,Desktop,251,233,538,0.546,228.0,3
2024-09-17,Direct,Mobile,360,289,1039,0.408,47.6,8
2024-09-17,Direct,Tablet,49,40,204,0.469,121.0,1
2024-09-17,Email,Desktop,102,78,323,0.363,117.3,2
2024-09-17,Email,Mobile,121,107,353,0.481,176.9,1
2024-09-17,Email,Tablet,23,19,54,0.684,51.7,0
2024-09-17,Referral,Desktop,91,75,313,0.656,185.6,2
2024-09-17,Referral,Mobile,102,83,239,0.581,126.8,2
2024-09-17,Referral,Tablet,14,11,39,0.682,178.4,0
2024-09-18,Organic Search,Desktop,723,561,3204,0.333,90.0,3
2024-09-18,Organic Search,Mobile,935,747,1802,0.654,167.5,26
2024-09-18,Organic Search,Tablet,150,130,312,0.528,100.6,2
2024-09-18,Paid Search,Desktop,295,236,889,0.675,198.1,7
2024-09-18,Paid Search,Mobile,456,410,1612,0.394,198.0,10
2024-09-18,Paid Search,Tablet,68,60,301,0.544,231.3,0
2024-09-18,Social,Desktop,351,291,693,0.561,120.9,6
2024-09-18,Social,Mobile,466,355,1668,0.445,231.3,12
2024-09-18,Social,Tablet,84,65,277,0.566,182.1,1
2024-09-18,Direct,Desktop,238,197,640,0.648,112.5,2
2024-09-18,Direct,Mobile,370,314,820,0.373,186.8,6
2024-09-18,Direct,Tablet,53,49,116,0.388,53.1,0
2024-09-18,Email,Desktop,122,106,307,0.672,198.1,1
2024-09-18,Email,Mobile,128,111,282,0.418,183.4,0
2024-09-18,Email,Tablet,23,20,50,0.33,118.6,0
2024-09-18,Referral,Desktop,80,72,167,0.698,201.0,1
2024-09-18,Referral,Mobile,100,94,326,0.476,182.1,0
2024-09-18,Referral,Tablet,14,11,39,0.59,172.0,0
2024-09-19,Organic Search,Desktop,721,607,1324,0.583,77.5,18
2024-09-19,Organic Search,Mobile,1084,940,4824,0.318,191.5,26
2024-09-19,Organic Search,Tablet,141,109,426,0.422,219.0,3
2024-09-19,Paid Search,Desktop,348,268,1023,0.502,193.7,3
2024-09-19,Paid Search,Mobile,359,331,1296,0.471,79.3,7
2024-09-19,Paid Search,Tablet,55,42,185,0.492,197.7,1
2024-09-19,Social,Desktop,348,315,905,0.374,122.9,8
2024-09-19,Social,Mobile,468,378,1102,0.617,172.4,14
2024-09-19,Social,Tablet,83,70,366,0.485,206.2,1
2024-09-19,Direct,Desktop,300,278,846,0.58,106.8,7
2024-09-19,Direct,Mobile,374,312,1048,0.67,225.8,3
2024-09-19,Direct,Tablet,48,43,212,0.551,162.4,0
2024-09-19,Email,Desktop,136,120,251,0.456,173.5,2
2024-09-19,Email,Mobile,130,104,447,0.612,204.1,3
2024-09-19,Email,Tablet,17,14,64,0.404,121.2,0
2024-09-19,Referral,Desktop,82,70,347,0.42,66.2,1
2024-09-19,Referral,Mobile,99,89,436,0.646,221.0,2
2024-09-19,Referral,Tablet,15,14,60,0.587,50.1,0
2024-09-20,Organic Search,Desktop,658,538,2577,0.44,189.9,16
2024-09-20,Organic Search,Mobile,1024,965,2326,0.508,238.5,19
2024-09-20,Organic Search,Tablet,173,142,732,0.405,229.6,3
2024-09-20,Paid Search,Desktop,335,303,754,0.378,130.5,4
2024-09-20,Paid Search,Mobile,360,310,936,0.457,85.6,9
2024-09-20,Paid Search,Tablet,49,43,131,0.653,227.8,1
2024-09-20,Social,Desktop,310,259,683,0.344,131.2,8
2024-09-20,Social,Mobile,475,405,940,0.345,157.4,4
2024-09-20,Social,Tablet,73,62,321,0.591,122.1,0
2024-09-20,Direct,Desktop,249,188,618,0.491,156.3,1
2024-09-20,Direct,Mobile,332,281,1000,0.652,227.3,3
2024-09-20,Direct,Tablet,53,49,216,0.64,110.0,0
2024-09-20,Email,Desktop,107,95,428,0.428,136.1,0
2024-09-20,Email,Mobile,156,146,550,0.515,113.9,4
2024-09-20,Email,Tablet,19,14,85,0.651,94.2,0
2024-09-20,Referral,Desktop,79,63,192,0.518,191.2,1
2024-09-20,Referral,Mobile,93,70,306,0.602,184.2,1
2024-09-20,Referral,Tablet,17,15,67,0.566,202.3,0
2024-09-21,Organic Search,Desktop,702,578,2865,0.683,64.9,12
2024-09-21,Organic Search,Mobile,994,750,4106,0.521,235.1,10
2024-09-21,Organic Search,Tablet,118,90,505,0.443,102.7,1
2024-09-21,Paid Search,Desktop,384,292,1566,0.541,216.1,10
2024-09-21,Paid Search,Mobile,409,347,1027,0.348,121.9,10
2024-09-21,Paid Search,Tablet,67,51,244,0.627,102.5,1
2024-09-21,Social,Desktop,415,343,1172,0.357,100.9,8
2024-09-21,Social,Mobile,634,586,1483,0.363,161.4,13
2024-09-21,Social,Tablet,83,74,280,0.513,105.8,0
2024-09-21,Direct,Desktop,239,184,825,0.45,84.5,6
2024-09-21,Direct,Mobile,444,395,1250,0.404,117.5,7
2024-09-21,Direct,Tablet,62,49,184,0.496,228.6,0
2024-09-21,Email,Desktop,130,104,529,0.539,193.0,3
2024-09-21,Email,Mobile,168,155,611,0.491,117.0,1
2024-09-21,Email,Tablet,23,20,82,0.364,237.2,0
2024-09-21,Referral,Desktop,94,81,399,0.307,130.2,2
2024-09-21,Referral,Mobile,110,93,464,0.516,166.0,0
2024-09-21,Referral,Tablet,18,14,64,0.331,180.1,0
2024-09-22,Organic Search,Desktop,522,468,1568,0.415,148.4,10
2024-09-22,Organic Search,Mobile,1125,911,4663,0.364,63.0,10
2024-09-22,Organic Search,Tablet,182,155,337,0.587,70.7,3
2024-09-22,Paid Search,Desktop,394,321,1069,0.32,161.2,7
2024-09-22,Paid Search,Mobile,475,440,1816,0.318,161.3,3
2024-09-22,Paid Search,Tablet,69,61,268,0.663,154.9,1
2024-09-22,Social,Desktop,373,345,1351,0.323,98.9,4
2024-09-22,Social,Mobile,458,387,1055,0.63,109.7,8
2024-09-22,Social,Tablet,101,80,365,0.675,227.4,1
2024-09-22,Direct,Desktop,332,275,970,0.344,210.2,6
2024-09-22,Direct,Mobile,351,302,716,0.417,86.4,2
2024-09-22,Direct,Tablet,58,44,196,0.37,143.9,0
2024-09-22,Email,Desktop,113,89,280,0.586,156.0,2
2024-09-22,Email,Mobile,156,135,614,0.427,47.0,3
2024-09-22,Email,Tablet,28,25,105,0.629,231.7,0
2024-09-22,Referral,Desktop,85,79,327,0.676,142.6,2
2024-09-22,Referral,Mobile,119,105,405,0.638,216.0,2
2024-09-22,Referral,Tablet,19,15,84,0.558,215.9,0
2024-09-23,Organic Search,Desktop,760,691,1394,0.335,98.5,9
2024-09-23,Organic Search,Mobile,1241,1174,3627,0.579,179.0,34
2024-09-23,Organic Search,Tablet,129,98,293,0.652,167.1,1
2024-09-23,Paid Search,Desktop,318,293,679,0.467,204.3,2
2024-09-23,Paid Search,Mobile,392,305,1054,0.327,112.2,2
2024-09-23,Paid Search,Tablet,60,55,195,0.615,90.3,0
2024-09-23,Social,Desktop,337,296,983,0.577,228.0,4
2024-09-23,Social,Mobile,629,561,2498,0.358,216.4,12
2024-09-23,Social,Tablet,81,72,218,0.584,188.3,1
2024-09-23,Direct,Desktop,259,240,640,0.584,90.1,5
2024-09-23,Direct,Mobile,384,357,1220,0.63,163.7,6
2024-09-23,Direct,Tablet,53,40,223,0.67,55.7,0
2024-09-23,Email,Desktop,102,94,254,0.448,205.9,1
2024-09-23,Email,Mobile,128,108,413,0.661,205.6,2
2024-09-23,Email,Tablet,23,17,57,0.393,166.1,0
2024-09-23,Referral,Desktop,89,80,280,0.692,223.1,0
2024-09-23,Referral,Mobile,118,111,465,0.581,89.4,2
2024-09-23,Referral,Tablet,16,15,61,0.46,213.4,0
2024-09-24,Organic Search,Desktop,780,589,1926,0.656,136.9,20
2024-09-24,Organic Search,Mobile,1148,1025,3640,0.577,105.5,19
2024-09-24,Organic Search,Tablet,173,152,722,0.514,209.0,3
2024-09-24,Paid Search,Desktop,299,273,553,0.552,131.0,6
2024-09-24,Paid Search,Mobile,438,411,805,0.327,235.0,4
2024-09-24,Paid Search,Tablet,50,39,213,0.305,48.2,0
2024-09-24,Social,Desktop,447,335,1010,0.631,236.3,3
2024-09-24,Social,Mobile,482,369,2149,0.445,204.1,5
2024-09-24,Social,Tablet,70,57,198,0.626,130.2,0
2024-09-24,Direct,Desktop,246,194,1049,0.523,86.0,7
2024-09-24,Direct,Mobile,370,338,1197,0.41,100.7,4
2024-09-24,Direct,Tablet,51,44,178,0.546,142.5,0
2024-09-24,Email,Desktop,112,91,469,0.375,206.1,3
2024-09-24,Email,Mobile,146,133,540,0.474,54.9,2
2024-09-24,Email,Tablet,22,18,58,0.3,197.8,0
2024-09-24,Referral,Desktop,84,78,302,0.359,73.1,2
2024-09-24,Referral,Mobile,125,96,343,0.628,184.3,1
2024-09-24,Referral,Tablet,18,16,37,0.622,186.4,0
2024-09-25,Organic Search,Desktop,946,769,1804,0.329,112.9,16
2024-09-25,Organic Search,Mobile,1093,989,4392,0.333,82.2,25
2024-09-25,Organic Search,Tablet,154,117,564,0.454,143.7,3
2024-09-25,Paid Search,Desktop,299,245,1032,0.495,173.6,3
2024-09-25,Paid Search,Mobile,406,362,1574,0.6,175.6,4
2024-09-25,Paid Search,Tablet,47,36,190,0.433,139.8,1
2024-09-25,Social,Desktop,407,366,1829,0.336,115.1,7
2024-09-25,Social,Mobile,398,368,1524,0.572,101.0,8
2024-09-25,Social,Tablet,74,64,270,0.604,80.3,0
2024-09-25,Direct,Desktop,231,202,472,0.379,163.0,2
2024-09-25,Direct,Mobile,385,358,1510,0.319,112.7,6
2024-09-25,Direct,Tablet,51,41,97,0.512,119.7,0
2024-09-25,Email,Desktop,103,95,381,0.631,70.3,2
2024-09-25,Email,Mobile,102,79,254,0.443,122.7,2
2024-09-25,Email,Tablet,16,12,29,0.478,116.4,0
2024-09-25,Referral,Desktop,72,63,287,0.636,164.5,1
2024-09-25,Referral,Mobile,127,112,324,0.646,172.5,3
2024-09-25,Referral,Tablet,19,15,46,0.621,180.4,0
2024-09-26,Organic Search,Desktop,745,644,1377,0.631,230.3,10
2024-09-26,Organic Search,Mobile,874,763,3198,0.483,236.7,17
2024-09-26,Organic Search,Tablet,154,124,377,0.539,147.1,2
2024-09-26,Paid Search,Desktop,233,214,735,0.516,172.2,5
2024-09-26,Paid Search,Mobile,292,248,1274,0.46,74.8,3
2024-09-26,Paid Search,Tablet,47,39,137,0.663,183.8,1
2024-09-26,Social,Desktop,412,337,1059,0.304,140.0,6
2024-09-26,Social,Mobile,573,484,2050,0.385,128.5,6
2024-09-26,Social,Tablet,87,71,370,0.667,112.8,1
2024-09-26,Direct,Desktop,252,236,687,0.445,165.7,2
2024-09-26,Direct,Mobile,273,244,996,0.365,236.5,6
2024-09-26,Direct,Tablet,54,42,206,0.376,197.7,0
2024-09-26,Email,Desktop,87,68,314,0.344,77.5,0
2024-09-26,Email,Mobile,114,94,494,0.489,206.0,1
2024-09-26,Email,Tablet,22,18,41,0.329,156.9,0
2024-09-26,Referral,Desktop,79,65,188,0.536,93.3,1
2024-09-26,Referral,Mobile,89,77,233,0.669,58.3,1
2024-09-26,Referral,Tablet,15,13,28,0.375,201.3,0
2024-09-27,Organic Search,Desktop,789,652,1611,0.357,206.7,12
2024-09-27,Organic Search,Mobile,971,776,2043,0.516,134.2,22
2024-09-27,Organic Search,Tablet,141,112,373,0.561,126.6,3
2024-09-27,Paid Search,Desktop,255,231,1082,0.502,160.0,7
2024-09-27,Paid Search,Mobile,423,323,1451,0.397,50.0,10
2024-09-27,Paid Search,Tablet,63,57,175,0.481,137.3,1
2024-09-27,Social,Desktop,347,317,1417,0.438,166.9,8
2024-09-27,Social,Mobile,452,402,1002,0.568,201.4,8
2024-09-27,Social,Tablet,64,53,189,0.495,162.3,0
2024-09-27,Direct,Desktop,239,190,832,0.665,165.4,2
2024-09-27,Direct,Mobile,280,228,1040,0.55,111.7,2
2024-09-27,Direct,Tablet,57,50,171,0.697,179.7,0
2024-09-27,Email,Desktop,99,89,422,0.388,67.8,1
2024-09-27,Email,Mobile,105,98,461,0.606,114.6,2
2024-09-27,Email,Tablet,24,22,100,0.694,160.5,0
2024-09-27,Referral,Desktop,71,57,159,0.477,101.3,1
2024-09-27,Referral,Mobile,112,86,418,0.313,159.5,2
2024-09-27,Referral,Tablet,19,14,69,0.309,76.3,0
2024-09-28,Organic Search,Desktop,785,590,2511,0.67,75.4,5
2024-09-28,Organic Search,Mobile,1019,765,4212,0.337,95.5,28
2024-09-28,Organic Search,Tablet,110,88,252,0.466,48.0,2
2024-09-28,Paid Search,Desktop,325,271,773,0.586,134.3,7
2024-09-28,Paid Search,Mobile,397,365,1027,0.449,126.2,5
2024-09-28,Paid Search,Tablet,54,43,236,0.392,58.5,1
2024-09-28,Social,Desktop,347,273,1398,0.644,169.8,3
2024-09-28,Social,Mobile,501,453,1711,0.438,126.2,12
2024-09-28,Social,Tablet,86,72,277,0.42,101.0,0
2024-09-28,Direct,Desktop,337,259,852,0.523,204.7,2
2024-09-28,Direct,Mobile,386,296,951,0.375,192.6,5
2024-09-28,Direct,Tablet,54,41,200,0.511,190.5,1
2024-09-28,Email,Desktop,106,81,196,0.319,138.4,2
2024-09-28,Email,Mobile,111,101,469,0.698,111.7,1
2024-09-28,Email,Tablet,19,16,49,0.565,170.4,0
2024-09-28,Referral,Desktop,81,66,324,0.376,178.5,2
2024-09-28,Referral,Mobile,120,91,284,0.469,99.6,1
2024-09-28,Referral,Tablet,18,16,63,0.322,62.1,0
2024-09-29,Organic Search,Desktop,925,737,3236,0.345,169.5,21
2024-09-29,Organic Search,Mobile,1175,897,2572,0.338,129.2,10
2024-09-29,Organic Search,Tablet,196,167,359,0.631,78.5,3
2024-09-29,Paid Search,Desktop,366,330,799,0.549,226.9,4
2024-09-29,Paid Search,Mobile,455,352,1486,0.431,200.2,12
2024-09-29,Paid Search,Tablet,73,68,189,0.498,203.6,0
2024-09-29,Social,Desktop,400,351,1545,0.678,84.9,8
2024-09-29,Social,Mobile,417,333,1196,0.356,61.9,12
2024-09-29,Social,Tablet,92,69,342,0.576,75.8,1
2024-09-29,Direct,Desktop,274,215,687,0.385,71.1,3
2024-09-29,Direct,Mobile,342,274,1015,0.424,121.7,6
2024-09-29,Direct,Tablet,50,40,178,0.382,95.7,0
2024-09-29,Email,Desktop,94,77,269,0.41,152.5,1
2024-09-29,Email,Mobile,166,128,664,0.309,85.2,2
2024-09-29,Email,Tablet,21,19,81,0.423,121.6,0
2024-09-29,Referral,Desktop,91,80,222,0.524,121.6,2
2024-09-29,Referral,Mobile,114,106,300,0.66,84.7,1
2024-09-29,Referral,Tablet,18,16,78,0.359,222.3,0
2024-09-30,Organic Search,Desktop,1005,918,2878,0.514,224.1,16
2024-09-30,Organic Search,Mobile,1011,762,4295,0.552,110.5,10
2024-09-30,Organic Search,Tablet,168,144,667,0.614,75.6,1
2024-09-30,Paid Search,Desktop,259,239,574,0.348,201.4,5
2024-09-30,Paid Search,Mobile,388,329,763,0.521,77.3,6
2024-09-30,Paid Search,Tablet,50,42,191,0.513,47.5,1
2024-09-30,Social,Desktop,363,284,1244,0.425,72.0,7
2024-09-30,Social,Mobile,472,422,1077,0.378,160.3,6
2024-09-30,Social,Tablet,66,60,139,0.69,222.7,1
2024-09-30,Direct,Desktop,304,240,1275,0.318,151.5,1
2024-09-30,Direct,Mobile,256,197,873,0.498,188.2,2
2024-09-30,Direct,Tablet,54,42,195,0.351,80.5,0
2024-09-30,Email,Desktop,118,91,387,0.537,203.0,2
2024-09-30,Email,Mobile,150,117,665,0.58,63.4,3
2024-09-30,Email,Tablet,20,15,61,0.636,145.8,0
2024-09-30,Referral,Desktop,77,58,175,0.635,188.8,1
2024-09-30,Referral,Mobile,110,88,302,0.664,215.2,1
2024-09-30,Referral,Tablet,19,17,64,0.645,160.3,0
2024-10-01,Organic Search,Desktop,743,679,2056,0.556,140.1,20
2024-10-01,Organic Search,Mobile,938,788,3448,0.694,180.4,11
2024-10-01,Organic Search,Tablet,151,123,279,0.632,200.8,4
2024-10-01,Paid Search,Desktop,273,231,786,0.391,163.0,5
2024-10-01,Paid Search,Mobile,357,305,1143,0.558,176.5,6
2024-10-01,Paid Search,Tablet,75,61,199,0.422,83.8,0
2024-10-01,Social,Desktop,417,356,829,0.633,74.3,6
2024-10-01,Social,Mobile,482,441,1145,0.323,232.5,7
2024-10-01,Social,Tablet,95,72,254,0.588,234.3,2
2024-10-01,Direct,Desktop,248,229,546,0.344,122.4,4
2024-10-01,Direct,Mobile,301,273,800,0.698,100.9,6
2024-10-01,Direct,Tablet,51,44,213,0.655,161.2,0
2024-10-01,Email,Desktop,88,80,288,0.654,60.9,2
2024-10-01,Email,Mobile,190,178,745,0.594,199.7,4
2024-10-01,Email,Tablet,21,18,62,0.533,214.6,0
2024-10-01,Referral,Desktop,90,75,310,0.447,109.4,1
2024-10-01,Referral,Mobile,117,110,267,0.326,233.1,1
2024-10-01,Referral,Tablet,20,16,42,0.379,185.0,0
2024-10-02,Organic Search,Desktop,815,765,1809,0.633,157.7,18
2024-10-02,Organic Search,Mobile,1118,955,4249,0.542,119.2,29
2024-10-02,Organic Search,Tablet,145,134,354,0.545,79.6,3
2024-10-02,Paid Search,Desktop,270,228,534,0.658,185.8,4
2024-10-02,Paid Search,Mobile,406,334,1245,0.463,70.1,2
2024-10-02,Paid Search,Tablet,64,55,226,0.655,206.3,1
2024-10-02,Social,Desktop,371,351,1420,0.447,156.7,3
2024-10-02,Social,Mobile,561,528,2468,0.35,139.9,5
2024-10-02,Social,Tablet,87,66,171,0.599,90.9,1
2024-10-02,Direct,Desktop,277,212,1139,0.407,98.2,8
2024-10-02,Direct,Mobile,351,294,1459,0.301,133.2,2
2024-10-02,Direct,Tablet,48,38,127,0.351,222.8,1
2024-10-02,Email,Desktop,108,95,391,0.537,57.2,1
2024-10-02,Email,Mobile,161,127,546,0.388,223.5,1
2024-10-02,Email,Tablet,26,22,53,0.555,104.3,0
2024-10-02,Referral,Desktop,94,79,327,0.647,119.8,1
2024-10-02,Referral,Mobile,148,134,296,0.454,83.0,1
2024-10-02,Referral,Tablet,16,13,28,0.624,91.7,0
2024-10-03,Organic Search,Desktop,753,599,1548,0.512,203.0,7
2024-10-03,Organic Search,Mobile,1103,1043,3551,0.421,214.9,25
2024-10-03,Organic Search,Tablet,193,182,439,0.336,181.1,1
2024-10-03,Paid Search,Desktop,299,276,1304,0.592,130.2,8
2024-10-03,Paid Search,Mobile,421,394,1160,0.637,147.9,5
2024-10-03,Paid Search,Tablet,62,55,131,0.576,126.4,1
2024-10-03,Social,Desktop,396,313,1581,0.446,77.4,8
2024-10-03,Social,Mobile,461,368,1060,0.635,157.8,6
2024-10-03,Social,Tablet,83,70,160,0.459,198.2,2
2024-10-03,Direct,Desktop,255,225,786,0.352,122.6,4
2024-10-03,Direct,Mobile,279,211,1066,0.349,217.4,8
2024-10-03,Direct,Tablet,56,50,169,0.655,223.4,1
2024-10-03,Email,Desktop,110,99,290,0.698,184.9,3
2024-10-03,Email,Mobile,143,113,490,0.326,68.5,2
2024-10-03,Email,Tablet,23,17,55,0.379,150.2,0
2024-10-03,Referral,Desktop,81,60,278,0.378,155.0,0
2024-10-03,Referral,Mobile,138,117,416,0.489,167.5,3
2024-10-03,Referral,Tablet,16,13,50,0.373,175.2,0
2024-10-04,Organic Search,Desktop,842,733,2601,0.381,142.1,6
2024-10-04,Organic Search,Mobile,989,928,4372,0.309,114.4,18
2024-10-04,Organic Search,Tablet,151,128,662,0.63,227.9,4
2024-10-04,Paid Search,Desktop,291,222,711,0.396,67.4,7
2024-10-04,Paid Search,Mobile,434,342,1514,0.458,106.4,3
2024-10-04,Paid Search,Tablet,64,48,230,0.555,124.3,0
2024-10-04,Social,Desktop,439,356,1609,0.343,222.6,7
2024-10-04,Social,Mobile,531,399,1144,0.373,105.8,9
2024-10-04,Social,Tablet,89,71,376,0.43,93.9,1
2024-10-04,Direct,Desktop,275,210,593,0.664,50.2,4
2024-10-04,Direct,Mobile,466,377,1914,0.477,194.1,3
2024-10-04,Direct,Tablet,50,43,133,0.655,158.3,0
2024-10-04,Email,Desktop,102,94,435,0.31,143.0,1
2024-10-04,Email,Mobile,212,176,461,0.43,86.1,5
2024-10-04,Email,Tablet,20,15,60,0.606,159.9,0
2024-10-04,Referral,Desktop,69,57,184,0.64,60.9,1
2024-10-04,Referral,Mobile,115,103,394,0.557,174.3,0
2024-10-04,Referral,Tablet,17,15,41,0.504,144.1,0
2024-10-05,Organic Search,Desktop,850,804,3092,0.534,150.1,15
2024-10-05,Organic Search,Mobile,1143,874,3361,0.355,94.1,10
2024-10-05,Organic Search,Tablet,168,144,652,0.578,77.8,2
2024-10-05,Paid Search,Desktop,374,330,1046,0.323,120.3,5
2024-10-05,Paid Search,Mobile,412,381,1405,0.449,208.3,9
2024-10-05,Paid Search,Tablet,61,56,159,0.366,57.1,0
2024-10-05,Social,Desktop,444,369,993,0.409,87.5,7
2024-10-05,Social,Mobile,623,521,1346,0.691,132.6,3
2024-10-05,Social,Tablet,99,81,259,0.321,46.2,2
2024-10-05,Direct,Desktop,281,252,571,0.408,66.2,2
2024-10-05,Direct,Mobile,392,369,1242,0.459,115.6,11
2024-10-05,Direct,Tablet,60,52,185,0.414,226.9,1
2024-10-05,Email,Desktop,106,99,396,0.368,63.0,1
2024-10-05,Email,Mobile,199,180,838,0.402,153.3,5
2024-10-05,Email,Tablet,22,18,49,0.583,128.4,0
2024-10-05,Referral,Desktop,97,85,257,0.599,105.8,1
2024-10-05,Referral,Mobile,143,126,526,0.536,210.8,1
2024-10-05,Referral,Tablet,18,15,51,0.512,108.0,0
2024-10-06,Organic Search,Desktop,970,887,3617,0.54,112.4,11
2024-10-06,Organic Search,Mobile,1348,1067,5467,0.606,73.7,13
2024-10-06,Organic Search,Tablet,187,173,399,0.432,56.1,4
2024-10-06,Paid Search,Desktop,295,222,1051,0.678,156.0,1
2024-10-06,Paid Search,Mobile,474,417,1428,0.655,206.8,10
2024-10-06,Paid Search,Tablet,73,67,302,0.537,187.3,1
2024-10-06,Social,Desktop,452,421,1695,0.477,186.3,6
2024-10-06,Social,Mobile,589,496,1993,0.623,173.5,5
2024-10-06,Social,Tablet,85,74,175,0.499,86.4,1
2024-10-06,Direct,Desktop,349,267,935,0.542,103.7,2
2024-10-06,Direct,Mobile,408,316,1470,0.661,181.1,11
2024-10-06,Direct,Tablet,53,49,100,0.391,212.4,1
2024-10-06,Email,Desktop,148,125,566,0.52,116.0,2
2024-10-06,Email,Mobile,155,128,332,0.653,218.2,3
2024-10-06,Email,Tablet,22,20,48,0.633,95.8,0
2024-10-06,Referral,Desktop,107,86,233,0.639,65.2,2
2024-10-06,Referral,Mobile,127,102,458,0.543,131.1,1
2024-10-06,Referral,Tablet,20,16,52,0.301,136.4,0
2024-10-07,Organic Search,Desktop,785,713,3135,0.639,209.7,22
2024-10-07,Organic Search,Mobile,898,746,3950,0.444,62.5,14
2024-10-07,Organic Search,Tablet,123,111,496,0.473,226.1,2
2024-10-07,Paid Search,Desktop,296,279,1266,0.337,86.2,7
2024-10-07,Paid Search,Mobile,370,300,705,0.585,70.9,4
2024-10-07,Paid Search,Tablet,66,60,220,0.533,224.5,0
2024-10-07,Social,Desktop,347,289,773,0.656,170.2,9
2024-10-07,Social,Mobile,473,388,1317,0.414,50.8,8
2024-10-07,Social,Tablet,101,78,300,0.618,124.8,2
2024-10-07,Direct,Desktop,289,226,1195,0.376,147.3,8
2024-10-07,Direct,Mobile,307,235,1131,0.338,49.7,8
2024-10-07,Direct,Tablet,49,40,129,0.506,80.1,0
2024-10-07,Email,Desktop,105,95,390,0.432,54.0,2
2024-10-07,Email,Mobile,132,124,246,0.317,174.9,1
2024-10-07,Email,Tablet,27,20,90,0.341,218.4,0
2024-10-07,Referral,Desktop,83,74,238,0.665,127.7,1
2024-10-07,Referral,Mobile,94,72,179,0.617,88.5,1
2024-10-07,Referral,Tablet,15,12,52,0.551,85.9,0
2024-10-08,Organic Search,Desktop,755,654,2040,0.53,149.3,14
2024-10-08,Organic Search,Mobile,1220,1133,3796,0.349,117.2,20
2024-10-08,Organic Search,Tablet,177,158,572,0.383,55.8,1
2024-10-08,Paid Search,Desktop,269,221,949,0.418,167.1,3
2024-10-08,Paid Search,Mobile,373,334,1182,0.64,217.1,5
2024-10-08,Paid Search,Tablet,63,54,159,0.343,55.1,0
2024-10-08,Social,Desktop,407,365,1638,0.452,224.7,9
2024-10-08,Social,Mobile,675,633,1320,0.638,205.3,5
2024-10-08,Social,Tablet,81,66,254,0.599,45.3,1
2024-10-08,Direct,Desktop,265,198,1014,0.357,49.2,4
2024-10-08,Direct,Mobile,263,247,969,0.371,92.9,6
2024-10-08,Direct,Tablet,44,34,175,0.493,174.7,0
2024-10-08,Email,Desktop,80,69,355,0.384,208.8,1
2024-10-08,Email,Mobile,115,103,330,0.66,69.0,2
2024-10-08,Email,Tablet,19,17,45,0.321,100.2,0
2024-10-08,Referral,Desktop,81,62,258,0.66,153.4,1
2024-10-08,Referral,Mobile,125,108,288,0.603,170.4,2
2024-10-08,Referral,Tablet,18,15,45,0.619,135.2,0
2024-10-09,Organic Search,Desktop,658,582,2433,0.549,60.7,6
2024-10-09,Organic Search,Mobile,973,749,3876,0.503,100.5,7
2024-10-09,Organic Search,Tablet,133,120,520,0.516,216.7,2
2024-10-09,Paid Search,Desktop,295,224,679,0.552,47.8,2
2024-10-09,Paid Search,Mobile,463,398,1118,0.43,155.4,12
2024-10-09,Paid Search,Tablet,67,56,293,0.679,60.2,1
2024-10-09,Social,Desktop,364,277,1356,0.514,89.0,6
2024-10-09,Social,Mobile,564,531,1565,0.396,204.3,5
2024-10-09,Social,Tablet,85,77,197,0.636,234.4,2
2024-10-09,Direct,Desktop,262,219,1069,0.631,91.0,1
2024-10-09,Direct,Mobile,380,359,875,0.552,220.2,1
2024-10-09,Direct,Tablet,61,51,224,0.452,105.8,1
2024-10-09,Email,Desktop,134,125,272,0.698,221.0,1
2024-10-09,Email,Mobile,106,81,337,0.613,62.7,1
2024-10-09,Email,Tablet,21,19,85,0.32,64.7,0
2024-10-09,Referral,Desktop,79,63,241,0.529,144.7,2
2024-10-09,Referral,Mobile,123,101,467,0.641,52.6,1
2024-10-09,Referral,Tablet,19,14,69,0.449,132.6,0
2024-10-10,Organic Search,Desktop,811,690,2411,0.44,70.1,23
2024-10-10,Organic Search,Mobile,924,694,3882,0.555,143.7,18
2024-10-10,Organic Search,Tablet,132,101,552,0.543,167.5,3
2024-10-10,Paid Search,Desktop,239,181,837,0.52,95.1,4
2024-10-10,Paid Search,Mobile,392,336,1008,0.361,197.8,11
2024-10-10,Paid Search,Tablet,51,46,170,0.372,97.1,0
2024-10-10,Social,Desktop,392,324,1356,0.624,174.7,8
2024-10-10,Social,Mobile,433,367,876,0.32,120.6,4
2024-10-10,Social,Tablet,80,67,147,0.611,151.5,1
2024-10-10,Direct,Desktop,244,186,886,0.303,140.3,4
2024-10-10,Direct,Mobile,344,319,1207,0.639,181.7,8
2024-10-10,Direct,Tablet,47,41,145,0.566,103.3,0
2024-10-10,Email,Desktop,101,78,275,0.385,176.4,0
2024-10-10,Email,Mobile,150,114,541,0.672,101.4,4
2024-10-10,Email,Tablet,23,21,90,0.329,84.3,0
2024-10-10,Referral,Desktop,100,85,429,0.345,119.2,0
2024-10-10,Referral,Mobile,111,90,347,0.41,74.5,1
2024-10-10,Referral,Tablet,15,12,62,0.357,144.4,0
2024-10-11,Organic Search,Desktop,710,664,2340,0.484,215.7,4
2024-10-11,Organic Search,Mobile,985,867,3163,0.406,204.9,20
2024-10-11,Organic Search,Tablet,136,128,249,0.45,170.8,1
2024-10-11,Paid Search,Desktop,369,340,1307,0.698,197.5,5
2024-10-11,Paid Search,Mobile,256,235,719,0.462,225.7,1
2024-10-11,Paid Search,Tablet,66,57,270,0.341,202.7,1
2024-10-11,Social,Desktop,419,330,1680,0.483,185.4,9
2024-10-11,Social,Mobile,424,348,1507,0.604,148.8,11
2024-10-11,Social,Tablet,81,65,315,0.683,127.2,1
2024-10-11,Direct,Desktop,310,287,1334,0.49,220.3,3
2024-10-11,Direct,Mobile,379,308,1437,0.373,174.0,7
2024-10-11,Direct,Tablet,46,38,120,0.649,177.3,0
2024-10-11,Email,Desktop,112,98,393,0.332,164.2,2
2024-10-11,Email,Mobile,114,101,328,0.501,218.2,1
2024-10-11,Email,Tablet,17,13,45,0.586,238.2,0
2024-10-11,Referral,Desktop,97,89,241,0.401,120.9,2
2024-10-11,Referral,Mobile,109,84,440,0.341,205.6,1
2024-10-11,Referral,Tablet,14,12,31,0.455,186.8,0
2024-10-12,Organic Search,Desktop,730,558,2700,0.403,110.3,7
2024-10-12,Organic Search,Mobile,1005,825,3430,0.346,209.5,6
2024-10-12,Organic Search,Tablet,154,127,626,0.574,147.4,1
2024-10-12,Paid Search,Desktop,353,299,974,0.578,150.2,5
2024-10-12,Paid Search,Mobile,363,289,1370,0.681,73.0,3
2024-10-12,Paid Search,Tablet,68,52,258,0.397,61.1,1
2024-10-12,Social,Desktop,467,369,1120,0.394,66.7,5
2024-10-12,Social,Mobile,468,420,1399,0.32,100.1,7
2024-10-12,Social,Tablet,88,69,177,0.402,159.4,0
2024-10-12,Direct,Desktop,331,279,599,0.385,94.5,7
2024-10-12,Direct,Mobile,282,247,765,0.601,74.8,4
2024-10-12,Direct,Tablet,72,67,143,0.602,213.4,0
2024-10-12,Email,Desktop,141,114,479,0.605,190.2,2
2024-10-12,Email,Mobile,135,103,438,0.668,160.9,0
2024-10-12,Email,Tablet,26,21,62,0.412,89.8,0
2024-10-12,Referral,Desktop,71,61,226,0.407,107.0,1
2024-10-12,Referral,Mobile,130,122,443,0.623,238.2,2
2024-10-12,Referral,Tablet,18,16,46,0.423,47.0,0
2024-10-13,Organic Search,Desktop,972,738,1814,0.623,200.0,25
2024-10-13,Organic Search,Mobile,1254,1080,3154,0.582,107.0,13
2024-10-13,Organic Search,Tablet,176,139,529,0.486,74.2,1
2024-10-13,Paid Search,Desktop,319,302,646,0.462,232.4,8
2024-10-13,Paid Search,Mobile,413,366,1751,0.343,178.8,3
2024-10-13,Paid Search,Tablet,76,57,305,0.54,92.2,0
2024-10-13,Social,Desktop,419,376,1047,0.507,163.6,4
2024-10-13,Social,Mobile,576,469,2467,0.308,192.0,10
2024-10-13,Social,Tablet,84,63,168,0.405,117.8,2
2024-10-13,Direct,Desktop,349,310,1195,0.344,105.0,6
2024-10-13,Direct,Mobile,388,308,1000,0.485,65.1,11
2024-10-13,Direct,Tablet,65,60,259,0.444,158.7,0
2024-10-13,Email,Desktop,89,73,334,0.626,67.9,0
2024-10-13,Email,Mobile,162,147,616,0.352,158.4,2
2024-10-13,Email,Tablet,25,20,55,0.323,194.2,0
2024-10-13,Referral,Desktop,94,77,351,0.41,81.7,0
2024-10-13,Referral,Mobile,110,101,206,0.43,51.7,0
2024-10-13,Referral,Tablet,16,12,47,0.676,135.3,0
2024-10-14,Organic Search,Desktop,727,548,1597,0.509,164.2,21
2024-10-14,Organic Search,Mobile,942,858,2273,0.379,57.9,26
2024-10-14,Organic Search,Tablet,157,124,474,0.649,87.6,1
2024-10-14,Paid Search,Desktop,388,326,1361,0.378,86.3,8
2024-10-14,Paid Search,Mobile,513,428,1650,0.375,145.2,14
2024-10-14,Paid Search,Tablet,64,59,157,0.625,122.4,0
2024-10-14,Social,Desktop,349,266,1146,0.408,175.8,6
2024-10-14,Social,Mobile,652,605,2859,0.485,63.5,16
2024-10-14,Social,Tablet,72,62,180,0.496,117.4,2
2024-10-14,Direct,Desktop,260,238,1054,0.697,184.6,2
2024-10-14,Direct,Mobile,307,283,765,0.469,56.8,4
2024-10-14,Direct,Tablet,55,48,189,0.666,134.1,1
2024-10-14,Email,Desktop,115,107,257,0.651,58.0,1
2024-10-14,Email,Mobile,178,138,648,0.374,111.3,3
2024-10-14,Email,Tablet,18,16,32,0.408,192.7,0
2024-10-14,Referral,Desktop,82,74,207,0.509,237.2,0
2024-10-14,Referral,Mobile,107,85,200,0.346,228.1,0
2024-10-14,Referral,Tablet,20,18,72,0.448,101.8,0
2024-10-15,Organic Search,Desktop,785,616,3127,0.347,88.3,18
2024-10-15,Organic Search,Mobile,798,737,2308,0.612,66.2,19
2024-10-15,Organic Search,Tablet,182,165,649,0.595,81.3,3
2024-10-15,Paid Search,Desktop,378,341,980,0.319,114.7,2
2024-10-15,Paid Search,Mobile,464,398,2079,0.348,89.3,3
2024-10-15,Paid Search,Tablet,68,59,231,0.343,198.6,0
2024-10-15,Social,Desktop,372,337,1151,0.379,144.5,8
2024-10-15,Social,Mobile,554,474,1593,0.383,163.5,15
2024-10-15,Social,Tablet,82,72,185,0.5,47.9,2
2024-10-15,Direct,Desktop,242,211,784,0.554,142.9,5
2024-10-15,Direct,Mobile,381,323,1625,0.403,227.4,2
2024-10-15,Direct,Tablet,45,39,121,0.542,121.2,1
2024-10-15,Email,Desktop,136,120,504,0.333,108.8,0
2024-10-15,Email,Mobile,126,97,394,0.406,79.5,1
2024-10-15,Email,Tablet,21,16,50,0.604,111.2,0
2024-10-15,Referral,Desktop,97,73,262,0.325,81.2,1
2024-10-15,Referral,Mobile,125,103,445,0.664,65.0,3
2024-10-15,Referral,Tablet,22,16,82,0.393,89.0,0
2024-10-16,Organic Search,Desktop,887,777,2216,0.346,74.2,6
2024-10-16,Organic Search,Mobile,1037,883,3236,0.513,98.9,19
2024-10-16,Organic Search,Tablet,149,134,368,0.422,216.1,0
2024-10-16,Paid Search,Desktop,291,241,547,0.478,166.9,5
2024-10-16,Paid Search,Mobile,362,285,958,0.566,134.4,7
2024-10-16,Paid Search,Tablet,47,40,202,0.592,127.2,0
2024-10-16,Social,Desktop,392,342,1223,0.62,148.9,2
2024-10-16,Social,Mobile,543,417,1538,0.357,198.5,14
2024-10-16,Social,Tablet,96,76,294,0.406,111.5,0
2024-10-16,Direct,Desktop,250,208,547,0.616,234.9,6
2024-10-16,Direct,Mobile,308,266,840,0.469,132.8,3
2024-10-16,Direct,Tablet,56,51,189,0.52,176.4,1
2024-10-16,Email,Desktop,88,67,274,0.689,136.5,2
2024-10-16,Email,Mobile,146,116,337,0.529,128.7,2
2024-10-16,Email,Tablet,19,15,53,0.543,68.9,0
2024-10-16,Referral,Desktop,107,96,230,0.303,63.0,3
2024-10-16,Referral,Mobile,124,106,230,0.697,215.8,0
2024-10-16,Referral,Tablet,14,11,34,0.529,154.8,0
2024-10-17,Organic Search,Desktop,904,702,3912,0.672,59.9,17
2024-10-17,Organic Search,Mobile,1048,932,2879,0.424,160.3,6
2024-10-17,Organic Search,Tablet,145,137,483,0.346,222.7,2
2024-10-17,Paid Search,Desktop,351,276,1035,0.392,101.9,7
2024-10-17,Paid Search,Mobile,335,308,876,0.414,203.9,5
2024-10-17,Paid Search,Tablet,61,57,226,0.419,84.2,1
2024-10-17,Social,Desktop,413,340,956,0.543,45.8,11
2024-10-17,Social,Mobile,523,445,2070,0.534,198.2,15
2024-10-17,Social,Tablet,75,68,140,0.312,156.6,1
2024-10-17,Direct,Desktop,292,252,613,0.596,167.7,5
2024-10-17,Direct,Mobile,413,361,1454,0.529,97.6,10
2024-10-17,Direct,Tablet,44,41,176,0.563,192.6,0
2024-10-17,Email,Desktop,129,103,402,0.318,78.9,0
2024-10-17,Email,Mobile,124,96,339,0.338,109.8,1
2024-10-17,Email,Tablet,26,19,108,0.606,163.4,0
2024-10-17,Referral,Desktop,93,70,315,0.645,169.8,2
2024-10-17,Referral,Mobile,98,92,299,0.587,75.9,2
2024-10-17,Referral,Tablet,16,13,35,0.39,172.5,0
2024-10-18,Organic Search,Desktop,830,774,1920,0.611,99.6,23
2024-10-18,Organic Search,Mobile,558,471,2408,0.644,208.5,4
2024-10-18,Organic Search,Tablet,126,111,465,0.649,82.2,2
2024-10-18,Paid Search,Desktop,299,261,1204,0.589,224.6,7
2024-10-18,Paid Search,Mobile,461,391,1213,0.61,194.4,7
2024-10-18,Paid Search,Tablet,43,34,175,0.481,70.9,0
2024-10-18,Social,Desktop,321,262,594,0.643,101.1,7
2024-10-18,Social,Mobile,548,488,2180,0.36,141.8,8
2024-10-18,Social,Tablet,95,79,237,0.641,104.4,2
2024-10-18,Direct,Desktop,265,222,1008,0.597,126.5,2
2024-10-18,Direct,Mobile,326,254,942,0.408,134.1,5
2024-10-18,Direct,Tablet,63,49,263,0.305,162.0,1
2024-10-18,Email,Desktop,108,100,471,0.635,99.1,2
2024-10-18,Email,Mobile,146,110,530,0.302,227.9,3
2024-10-18,Email,Tablet,22,17,41,0.375,225.1,0
2024-10-18,Referral,Desktop,93,84,389,0.631,67.8,0
2024-10-18,Referral,Mobile,115,93,256,0.698,90.6,3
2024-10-18,Referral,Tablet,22,20,82,0.452,150.9,0
2024-10-19,Organic Search,Desktop,811,714,3496,0.312,132.3,9
2024-10-19,Organic Search,Mobile,1242,1075,4385,0.452,66.5,13
2024-10-19,Organic Search,Tablet,167,155,490,0.629,64.0,2
2024-10-19,Paid Search,Desktop,401,358,1113,0.585,119.2,7
2024-10-19,Paid Search,Mobile,460,382,1432,0.678,165.6,9
2024-10-19,Paid Search,Tablet,61,52,146,0.576,109.2,1
2024-10-19,Social,Desktop,460,359,1646,0.516,132.9,9
2024-10-19,Social,Mobile,655,549,2759,0.521,216.6,17
2024-10-19,Social,Tablet,95,77,269,0.305,217.1,0
2024-10-19,Direct,Desktop,233,177,424,0.409,238.4,1
2024-10-19,Direct,Mobile,315,264,798,0.421,53.8,4
2024-10-19,Direct,Tablet,50,37,172,0.397,235.0,0
2024-10-19,Email,Desktop,118,89,245,0.387,146.9,1
2024-10-19,Email,Mobile,137,104,512,0.546,71.5,1
2024-10-19,Email,Tablet,23,17,59,0.543,66.7,0
2024-10-19,Referral,Desktop,109,92,461,0.498,46.3,2
2024-10-19,Referral,Mobile,133,118,419,0.612,205.1,2
2024-10-19,Referral,Tablet,19,17,80,0.322,145.5,0
2024-10-20,Organic Search,Desktop,748,631,2485,0.587,99.4,16
2024-10-20,Organic Search,Mobile,1225,973,5511,0.486,70.1,21
2024-10-20,Organic Search,Tablet,182,164,764,0.377,170.3,1
2024-10-20,Paid Search,Desktop,288,236,560,0.332,148.6,5
2024-10-20,Paid Search,Mobile,325,308,1138,0.343,103.9,3
2024-10-20,Paid Search,Tablet,59,52,147,0.464,180.2,1
2024-10-20,Social,Desktop,485,380,1153,0.688,157.7,6
2024-10-20,Social,Mobile,437,412,1518,0.33,113.8,11
2024-10-20,Social,Tablet,81,63,188,0.596,227.3,2
2024-10-20,Direct,Desktop,253,208,504,0.482,99.1,6
2024-10-20,Direct,Mobile,401,366,919,0.453,70.3,10
2024-10-20,Direct,Tablet,56,49,136,0.514,76.2,0
2024-10-20,Email,Desktop,119,91,514,0.352,200.9,1
2024-10-20,Email,Mobile,179,164,770,0.372,166.3,1
2024-10-20,Email,Tablet,22,18,63,0.68,169.4,0
2024-10-20,Referral,Desktop,94,84,202,0.34,102.4,1
2024-10-20,Referral,Mobile,112,90,274,0.434,171.8,3
2024-10-20,Referral,Tablet,19,14,66,0.515,91.2,0
2024-10-21,Organic Search,Desktop,762,644,1561,0.465,69.7,6
2024-10-21,Organic Search,Mobile,786,656,3239,0.48,151.3,16
2024-10-21,Organic Search,Tablet,140,128,502,0.356,205.1,2
2024-10-21,Paid Search,Desktop,280,229,956,0.447,162.7,1
2024-10-21,Paid Search,Mobile,378,336,1321,0.54,201.5,8
2024-10-21,Paid Search,Tablet,64,60,265,0.642,50.5,1
2024-10-21,Social,Desktop,438,387,1315,0.389,134.7,9
2024-10-21,Social,Mobile,571,460,1910,0.64,194.6,7
2024-10-21,Social,Tablet,92,75,339,0.451,106.1,2
2024-10-21,Direct,Desktop,275,225,902,0.476,186.4,3
2024-10-21,Direct,Mobile,280,249,952,0.695,237.2,2
2024-10-21,Direct,Tablet,60,49,202,0.394,175.7,0
2024-10-21,Email,Desktop,128,109,389,0.402,164.6,2
2024-10-21,Email,Mobile,144,110,308,0.626,170.5,3
2024-10-21,Email,Tablet,19,17,85,0.512,225.7,0
2024-10-21,Referral,Desktop,102,84,407,0.307,118.1,1
2024-10-21,Referral,Mobile,91,73,396,0.452,144.0,1
2024-10-21,Referral,Tablet,22,18,78,0.331,151.3,0
2024-10-22,Organic Search,Desktop,624,569,2360,0.377,218.7,12
2024-10-22,Organic Search,Mobile,862,742,3319,0.6,91.9,7
2024-10-22,Organic Search,Tablet,160,129,372,0.443,57.0,1
2024-10-22,Paid Search,Desktop,311,286,1202,0.513,189.1,8
2024-10-22,Paid Search,Mobile,385,323,1463,0.308,135.0,6
2024-10-22,Paid Search,Tablet,77,62,183,0.567,197.3,1
2024-10-22,Social,Desktop,283,263,516,0.572,82.9,2
2024-10-22,Social,Mobile,446,353,1918,0.695,156.6,9
2024-10-22,Social,Tablet,76,66,213,0.499,216.1,1
2024-10-22,Direct,Desktop,242,197,870,0.567,74.5,6
2024-10-22,Direct,Mobile,371,300,1549,0.401,205.6,9
2024-10-22,Direct,Tablet,60,48,186,0.361,174.2,1
2024-10-22,Email,Desktop,71,60,136,0.592,143.5,1
2024-10-22,Email,Mobile,144,116,501,0.359,96.7,3
2024-10-22,Email,Tablet,21,17,41,0.361,191.4,0
2024-10-22,Referral,Desktop,97,91,427,0.498,118.1,2
2024-10-22,Referral,Mobile,127,102,485,0.676,140.4,2
2024-10-22,Referral,Tablet,19,14,53,0.556,88.7,0
2024-10-23,Organic Search,Desktop,917,794,1676,0.441,194.4,22
2024-10-23,Organic Search,Mobile,1104,878,4951,0.487,192.1,24
2024-10-23,Organic Search,Tablet,203,177,420,0.65,227.6,5
2024-10-23,Paid Search,Desktop,273,223,557,0.598,203.4,3
2024-10-23,Paid Search,Mobile,403,316,1052,0.552,235.2,9
2024-10-23,Paid Search,Tablet,75,60,179,0.632,158.0,2
2024-10-23,Social,Desktop,506,478,1130,0.482,201.8,4
2024-10-23,Social,Mobile,558,437,1881,0.647,146.2,10
2024-10-23,Social,Tablet,90,79,163,0.626,210.3,2
2024-10-23,Direct,Desktop,180,160,346,0.572,83.0,2
2024-10-23,Direct,Mobile,401,328,1801,0.699,104.1,7
2024-10-23,Direct,Tablet,47,41,162,0.59,154.3,0
2024-10-23,Email,Desktop,112,102,384,0.415,49.5,2
2024-10-23,Email,Mobile,102,95,245,0.658,47.6,3
2024-10-23,Email,Tablet,22,17,45,0.471,102.0,0
2024-10-23,Referral,Desktop,77,63,236,0.561,50.5,2
2024-10-23,Referral,Mobile,125,100,325,0.424,66.3,3
2024-10-23,Referral,Tablet,19,15,60,0.555,98.4,0
2024-10-24,Organic Search,Desktop,692,561,1921,0.477,205.0,12
2024-10-24,Organic Search,Mobile,1148,951,2114,0.684,193.1,34
2024-10-24,Organic Search,Tablet,164,125,667,0.615,192.4,2
2024-10-24,Paid Search,Desktop,322,264,800,0.305,77.1,6
2024-10-24,Paid Search,Mobile,445,354,860,0.609,167.7,4
2024-10-24,Paid Search,Tablet,59,47,136,0.325,219.2,1
2024-10-24,Social,Desktop,394,357,1199,0.378,112.5,5
2024-10-24,Social,Mobile,532,475,1799,0.529,107.7,11
2024-10-24,Social,Tablet,89,67,241,0.472,193.2,1
2024-10-24,Direct,Desktop,236,193,482,0.38,158.5,2
2024-10-24,Direct,Mobile,339,300,754,0.581,146.5,6
2024-10-24,Direct,Tablet,63,56,133,0.345,66.2,0
2024-10-24,Email,Desktop,107,100,320,0.549,239.4,1
2024-10-24,Email,Mobile,180,161,391,0.349,56.7,1
2024-10-24,Email,Tablet,21,16,91,0.642,227.5,0
2024-10-24,Referral,Desktop,85,65,193,0.593,45.2,1
2024-10-24,Referral,Mobile,124,117,282,0.587,155.3,1
2024-10-24,Referral,Tablet,20,15,55,0.495,182.0,0
2024-10-25,Organic Search,Desktop,782,611,1698,0.371,173.7,18
2024-10-25,Organic Search,Mobile,905,679,3082,0.539,118.9,22
2024-10-25,Organic Search,Tablet,157,123,428,0.438,171.2,2
2024-10-25,Paid Search,Desktop,325,275,1445,0.64,95.3,8
2024-10-25,Paid Search,Mobile,443,387,1073,0.547,150.3,8
2024-10-25,Paid Search,Tablet,56,48,215,0.441,177.8,0
2024-10-25,Social,Desktop,407,358,1784,0.399,174.2,7
2024-10-25,Social,Mobile,439,347,1825,0.356,118.8,8
2024-10-25,Social,Tablet,81,76,291,0.554,153.9,1
2024-10-25,Direct,Desktop,356,326,1234,0.438,237.4,8
2024-10-25,Direct,Mobile,384,360,846,0.573,178.5,10
2024-10-25,Direct,Tablet,43,39,131,0.658,233.7,0
2024-10-25,Email,Desktop,115,105,497,0.59,74.8,0
2024-10-25,Email,Mobile,133,121,553,0.434,91.1,2
2024-10-25,Email,Tablet,20,16,69,0.595,52.4,0
2024-10-25,Referral,Desktop,94,85,240,0.463,168.1,1
2024-10-25,Referral,Mobile,126,97,468,0.56,188.8,3
2024-10-25,Referral,Tablet,18,16,74,0.402,165.7,0
2024-10-26,Organic Search,Desktop,856,785,2684,0.632,81.8,8
2024-10-26,Organic Search,Mobile,1186,981,4200,0.671,65.0,21
2024-10-26,Organic Search,Tablet,204,188,798,0.638,86.0,4
2024-10-26,Paid Search,Desktop,359,291,1430,0.65,208.2,6
2024-10-26,Paid Search,Mobile,354,332,1507,0.654,223.6,8
2024-10-26,Paid Search,Tablet,68,58,289,0.689,218.1,1
2024-10-26,Social,Desktop,358,334,1037,0.514,222.9,8
2024-10-26,Social,Mobile,581,517,1229,0.563,56.5,8
2024-10-26,Social,Tablet,90,71,230,0.427,189.1,1
2024-10-26,Direct,Desktop,278,237,614,0.554,224.7,1
2024-10-26,Direct,Mobile,372,310,693,0.471,149.4,7
2024-10-26,Direct,Tablet,55,50,237,0.321,61.1,0
2024-10-26,Email,Desktop,112,102,252,0.402,195.2,2
2024-10-26,Email,Mobile,140,123,355,0.636,231.3,3
2024-10-26,Email,Tablet,25,19,59,0.313,231.7,0
2024-10-26,Referral,Desktop,96,74,258,0.398,68.7,2
2024-10-26,Referral,Mobile,109,89,397,0.406,174.2,2
2024-10-26,Referral,Tablet,23,19,81,0.31,61.5,0
2024-10-27,Organic Search,Desktop,958,791,1819,0.478,131.3,8
2024-10-27,Organic Search,Mobile,1038,882,4008,0.555,76.3,9
2024-10-27,Organic Search,Tablet,223,196,477,0.417,48.4,1
2024-10-27,Paid Search,Desktop,385,308,1229,0.346,203.1,2
2024-10-27,Paid Search,Mobile,425,373,845,0.488,129.2,4
2024-10-27,Paid Search,Tablet,58,50,124,0.408,142.9,1
2024-10-27,Social,Desktop,458,375,1204,0.306,223.8,8
2024-10-27,Social,Mobile,602,566,2652,0.667,75.5,14
2024-10-27,Social,Tablet,94,87,388,0.599,47.8,2
2024-10-27,Direct,Desktop,332,253,662,0.308,176.9,4
2024-10-27,Direct,Mobile,407,328,1590,0.569,50.8,10
2024-10-27,Direct,Tablet,69,54,134,0.671,111.4,1
2024-10-27,Email,Desktop,120,103,297,0.448,45.3,2
2024-10-27,Email,Mobile,133,123,258,0.597,106.9,3
2024-10-27,Email,Tablet,20,18,64,0.314,172.6,0
2024-10-27,Referral,Desktop,96,90,271,0.321,200.5,2
2024-10-27,Referral,Mobile,138,126,605,0.667,184.5,3
2024-10-27,Referral,Tablet,18,16,76,0.462,133.8,0
2024-10-28,Organic Search,Desktop,744,560,2015,0.528,181.3,10
2024-10-28,Organic Search,Mobile,822,672,1778,0.321,82.1,19
2024-10-28,Organic Search,Tablet,117,94,342,0.402,65.6,2
2024-10-28,Paid Search,Desktop,336,256,1311,0.478,172.7,6
2024-10-28,Paid Search,Mobile,356,303,641,0.676,150.4,10
2024-10-28,Paid Search,Tablet,45,35,177,0.446,48.6,0
2024-10-28,Social,Desktop,453,345,1021,0.5,220.2,6
2024-10-28,Social,Mobile,511,396,2195,0.457,235.8,4
2024-10-28,Social,Tablet,79,67,306,0.561,192.2,1
2024-10-28,Direct,Desktop,290,226,1129,0.417,125.2,8
2024-10-28,Direct,Mobile,318,290,669,0.335,177.3,3
2024-10-28,Direct,Tablet,53,46,227,0.358,118.8,0
2024-10-28,Email,Desktop,100,92,406,0.651,157.9,0
2024-10-28,Email,Mobile,140,127,335,0.656,135.6,3
2024-10-28,Email,Tablet,20,18,43,0.547,86.3,0
2024-10-28,Referral,Desktop,79,62,321,0.474,80.4,0
2024-10-28,Referral,Mobile,141,133,263,0.411,138.7,2
2024-10-28,Referral,Tablet,15,13,55,0.496,50.6,0
2024-10-29,Organic Search,Desktop,724,547,2006,0.426,199.6,5
2024-10-29,Organic Search,Mobile,1045,963,2166,0.309,193.7,17
2024-10-29,Organic Search,Tablet,151,142,576,0.343,106.4,4
2024-10-29,Paid Search,Desktop,283,261,615,0.679,118.9,6
2024-10-29,Paid Search,Mobile,359,281,1379,0.45,192.4,8
2024-10-29,Paid Search,Tablet,58,54,253,0.612,236.0,1
2024-10-29,Social,Desktop,277,259,599,0.687,187.6,4
2024-10-29,Social,Mobile,582,480,1170,0.647,85.6,12
2024-10-29,Social,Tablet,77,58,187,0.644,74.4,1
2024-10-29,Direct,Desktop,278,218,1091,0.405,182.2,2
2024-10-29,Direct,Mobile,288,270,1129,0.353,63.8,4
2024-10-29,Direct,Tablet,58,48,166,0.525,69.0,0
2024-10-29,Email,Desktop,139,123,581,0.474,53.8,4
2024-10-29,Email,Mobile,116,106,514,0.611,127.0,1
2024-10-29,Email,Tablet,22,17,85,0.653,178.9,0
2024-10-29,Referral,Desktop,84,70,172,0.336,156.4,1
2024-10-29,Referral,Mobile,126,113,382,0.639,188.2,1
2024-10-29,Referral,Tablet,14,12,53,0.649,99.8,0
2024-10-30,Organic Search,Desktop,590,485,2523,0.415,148.9,16
2024-10-30,Organic Search,Mobile,1197,1122,3044,0.681,145.1,10
2024-10-30,Organic Search,Tablet,169,131,732,0.555,96.8,4
2024-10-30,Paid Search,Desktop,258,243,657,0.415,128.1,6
2024-10-30,Paid Search,Mobile,400,349,754,0.446,131.0,3
2024-10-30,Paid Search,Tablet,68,55,281,0.541,226.4,1
2024-10-30,Social,Desktop,509,449,1119,0.677,141.8,15
2024-10-30,Social,Mobile,599,477,2115,0.359,96.5,6
2024-10-30,Social,Tablet,102,76,410,0.362,91.4,1
2024-10-30,Direct,Desktop,224,191,697,0.342,221.2,5
2024-10-30,Direct,Mobile,237,198,873,0.334,142.5,6
2024-10-30,Direct,Tablet,49,44,168,0.677,172.1,0
2024-10-30,Email,Desktop,122,95,476,0.394,218.6,2
2024-10-30,Email,Mobile,162,149,463,0.572,148.3,3
2024-10-30,Email,Tablet,21,18,85,0.498,50.5,0
2024-10-30,Referral,Desktop,83,74,331,0.572,193.3,0
2024-10-30,Referral,Mobile,125,114,342,0.336,102.6,0
2024-10-30,Referral,Tablet,16,12,52,0.676,171.5,0
2024-10-31,Organic Search,Desktop,778,735,1590,0.531,120.7,21
2024-10-31,Organic Search,Mobile,1122,987,3083,0.673,236.0,21
2024-10-31,Organic Search,Tablet,143,129,638,0.535,178.6,1
2024-10-31,Paid Search,Desktop,305,252,1371,0.522,54.9,2
2024-10-31,Paid Search,Mobile,410,379,1544,0.445,83.0,7
2024-10-31,Paid Search,Tablet,83,63,307,0.336,75.5,2
2024-10-31,Social,Desktop,408,359,1689,0.507,159.2,9
2024-10-31,Social,Mobile,457,386,1212,0.56,90.7,12
2024-10-31,Social,Tablet,90,71,282,0.443,188.6,1
2024-10-31,Direct,Desktop,274,214,930,0.443,124.7,2
2024-10-31,Direct,Mobile,409,344,933,0.602,47.0,7
2024-10-31,Direct,Tablet,47,35,86,0.354,121.2,1
2024-10-31,Email,Desktop,125,99,326,0.455,92.3,0
2024-10-31,Email,Mobile,122,114,349,0.318,158.5,3
2024-10-31,Email,Tablet,22,18,64,0.45,226.5,0
2024-10-31,Referral,Desktop,95,88,198,0.461,47.1,2
2024-10-31,Referral,Mobile,108,99,393,0.468,232.1,1
2024-10-31,Referral,Tablet,14,10,49,0.662,185.6,0
2024-11-01,Organic Search,Desktop,935,714,3579,0.475,162.1,21
2024-11-01,Organic Search,Mobile,1289,1021,5604,0.497,207.4,12
2024-11-01,Organic Search,Tablet,168,130,556,0.552,144.4,3
2024-11-01,Paid Search,Desktop,341,280,951,0.368,75.9,6
2024-11-01,Paid Search,Mobile,431,408,1607,0.487,166.2,9
2024-11-01,Paid Search,Tablet,78,64,217,0.497,202.1,1
2024-11-01,Social,Desktop,524,446,1643,0.559,48.1,7
2024-11-01,Social,Mobile,671,524,2004,0.527,212.5,7
2024-11-01,Social,Tablet,89,83,272,0.692,101.6,1
2024-11-01,Direct,Desktop,300,240,773,0.559,153.3,7
2024-11-01,Direct,Mobile,443,392,930,0.414,227.6,7
2024-11-01,Direct,Tablet,70,54,268,0.38,169.0,1
2024-11-01,Email,Desktop,144,128,379,0.606,91.2,2
2024-11-01,Email,Mobile,198,151,646,0.599,116.4,2
2024-11-01,Email,Tablet,28,24,106,0.6,159.7,0
2024-11-01,Referral,Desktop,119,91,526,0.353,112.4,1
2024-11-01,Referral,Mobile,151,116,524,0.384,50.0,2
2024-11-01,Referral,Tablet,22,18,44,0.673,69.8,0
2024-11-02,Organic Search,Desktop,950,883,2964,0.491,233.1,27
2024-11-02,Organic Search,Mobile,1187,1001,4956,0.34,181.6,23
2024-11-02,Organic Search,Tablet,238,198,549,0.337,89.8,2
2024-11-02,Paid Search,Desktop,433,344,1350,0.362,113.0,9
2024-11-02,Paid Search,Mobile,558,523,2210,0.419,218.6,5
2024-11-02,Paid Search,Tablet,81,67,160,0.535,119.2,2
2024-11-02,Social,Desktop,413,327,1060,0.35,194.1,5
2024-11-02,Social,Mobile,767,611,2914,0.529,170.3,8
2024-11-02,Social,Tablet,94,75,299,0.554,126.8,2
2024-11-02,Direct,Desktop,362,324,1518,0.44,155.1,2
2024-11-02,Direct,Mobile,414,376,1538,0.699,70.1,10
2024-11-02,Direct,Tablet,67,56,204,0.606,138.1,1
2024-11-02,Email,Desktop,143,115,440,0.445,190.2,3
2024-11-02,Email,Mobile,204,156,630,0.315,136.5,5
2024-11-02,Email,Tablet,28,23,62,0.366,74.8,0
2024-11-02,Referral,Desktop,126,99,245,0.666,119.7,0
2024-11-02,Referral,Mobile,151,118,632,0.577,173.6,1
2024-11-02,Referral,Tablet,24,20,97,0.313,127.9,0
2024-11-03,Organic Search,Desktop,950,814,1913,0.325,107.0,26
2024-11-03,Organic Search,Mobile,1494,1394,6075,0.544,187.6,13
2024-11-03,Organic Search,Tablet,204,160,701,0.331,68.1,6
2024-11-03,Paid Search,Desktop,431,353,1107,0.317,224.6,3
2024-11-03,Paid Search,Mobile,330,306,927,0.531,172.7,8
2024-11-03,Paid Search,Tablet,70,61,285,0.457,215.1,0
2024-11-03,Social,Desktop,634,583,1793,0.629,110.8,3
2024-11-03,Social,Mobile,717,577,2676,0.545,67.0,9
2024-11-03,Social,Tablet,98,76,385,0.572,149.7,1
2024-11-03,Direct,Desktop,345,282,707,0.65,116.3,6
2024-11-03,Direct,Mobile,392,313,1279,0.691,235.1,3
2024-11-03,Direct,Tablet,81,65,360,0.569,189.0,2
2024-11-03,Email,Desktop,164,130,386,0.51,213.5,2
2024-11-03,Email,Mobile,155,137,691,0.649,126.7,0
2024-11-03,Email,Tablet,27,25,62,0.469,146.7,0
2024-11-03,Referral,Desktop,131,119,475,0.536,213.8,3
2024-11-03,Referral,Mobile,144,134,607,0.488,46.6,4
2024-11-03,Referral,Tablet,23,17,54,0.601,46.5,0
2024-11-04,Organic Search,Desktop,1038,855,2752,0.32,51.1,30
2024-11-04,Organic Search,Mobile,1255,1184,4354,0.435,183.5,14
2024-11-04,Organic Search,Tablet,183,139,591,0.5,125.3,1
2024-11-04,Paid Search,Desktop,406,324,1381,0.509,93.3,10
2024-11-04,Paid Search,Mobile,469,356,1297,0.375,187.2,2
2024-11-04,Paid Search,Tablet,89,71,329,0.356,112.0,0
2024-11-04,Social,Desktop,402,381,1758,0.544,216.6,10
2024-11-04,Social,Mobile,735,628,3031,0.334,159.8,8
2024-11-04,Social,Tablet,78,59,256,0.409,151.2,1
2024-11-04,Direct,Desktop,332,276,870,0.656,99.7,5
2024-11-04,Direct,Mobile,419,371,1301,0.641,234.1,4
2024-11-04,Direct,Tablet,56,42,137,0.575,89.7,1
2024-11-04,Email,Desktop,135,112,515,0.607,134.1,1
2024-11-04,Email,Mobile,144,121,376,0.343,166.0,2
2024-11-04,Email,Tablet,25,20,48,0.391,238.1,0
2024-11-04,Referral,Desktop,119,96,364,0.558,58.0,1
2024-11-04,Referral,Mobile,160,148,549,0.574,223.7,1
2024-11-04,Referral,Tablet,18,16,77,0.366,120.3,0
2024-11-05,Organic Search,Desktop,926,786,2917,0.552,143.2,19
2024-11-05,Organic Search,Mobile,1272,1046,3392,0.321,141.1,27
2024-11-05,Organic Search,Tablet,175,150,718,0.607,90.8,1
2024-11-05,Paid Search,Desktop,314,257,898,0.658,99.6,8
2024-11-05,Paid Search,Mobile,525,406,2327,0.364,84.4,5
2024-11-05,Paid Search,Tablet,63,54,228,0.506,173.9,0
2024-11-05,Social,Desktop,491,419,1193,0.679,183.3,3
2024-11-05,Social,Mobile,759,614,2529,0.331,63.8,15
2024-11-05,Social,Tablet,99,77,401,0.665,76.9,1
2024-11-05,Direct,Desktop,297,278,838,0.365,119.6,8
2024-11-05,Direct,Mobile,424,335,1347,0.44,108.3,6
2024-11-05,Direct,Tablet,51,42,94,0.697,222.6,0
2024-11-05,Email,Desktop,114,105,499,0.418,107.2,2
2024-11-05,Email,Mobile,161,147,557,0.67,131.4,3
2024-11-05,Email,Tablet,27,24,107,0.398,128.0,0
2024-11-05,Referral,Desktop,114,105,346,0.563,158.9,3
2024-11-05,Referral,Mobile,134,108,371,0.506,95.7,0
2024-11-05,Referral,Tablet,24,21,64,0.512,157.5,0
2024-11-06,Organic Search,Desktop,991,913,2647,0.505,226.0,14
2024-11-06,Organic Search,Mobile,1230,1113,3913,0.5,90.2,31
2024-11-06,Organic Search,Tablet,218,168,881,0.383,133.1,3
2024-11-06,Paid Search,Desktop,435,405,1841,0.635,110.2,5
2024-11-06,Paid Search,Mobile,444,349,908,0.649,61.7,11
2024-11-06,Paid Search,Tablet,79,68,314,0.525,178.9,1
2024-11-06,Social,Desktop,501,404,1024,0.505,104.8,14
2024-11-06,Social,Mobile,473,373,1779,0.565,56.0,5
2024-11-06,Social,Tablet,93,79,245,0.349,163.6,0
2024-11-06,Direct,Desktop,322,303,1234,0.492,160.5,5
2024-11-06,Direct,Mobile,376,350,793,0.314,106.8,2
2024-11-06,Direct,Tablet,61,48,122,0.556,151.9,0
2024-11-06,Email,Desktop,131,122,259,0.684,77.1,1
2024-11-06,Email,Mobile,179,168,630,0.626,54.8,3
2024-11-06,Email,Tablet,27,24,88,0.66,164.9,0
2024-11-06,Referral,Desktop,104,88,336,0.565,134.2,2
2024-11-06,Referral,Mobile,116,101,426,0.472,133.6,2
2024-11-06,Referral,Tablet,20,16,54,0.434,211.0,0
2024-11-07,Organic Search,Desktop,1001,881,2630,0.569,92.7,22
2024-11-07,Organic Search,Mobile,1171,979,3478,0.447,126.5,22
2024-11-07,Organic Search,Tablet,194,161,801,0.336,141.1,3
2024-11-07,Paid Search,Desktop,339,289,1043,0.441,52.9,7
2024-11-07,Paid Search,Mobile,615,514,1348,0.389,185.2,10
2024-11-07,Paid Search,Tablet,74,61,214,0.656,101.4,1
2024-11-07,Social,Desktop,526,400,951,0.609,134.4,9
2024-11-07,Social,Mobile,644,601,1450,0.449,182.8,3
2024-11-07,Social,Tablet,98,74,260,0.324,91.2,1
2024-11-07,Direct,Desktop,310,242,1177,0.652,118.1,8
2024-11-07,Direct,Mobile,398,340,1535,0.327,47.7,11
2024-11-07,Direct,Tablet,66,60,133,0.657,105.4,1
2024-11-07,Email,Desktop,121,92,254,0.516,157.8,1
2024-11-07,Email,Mobile,160,121,549,0.309,73.1,1
2024-11-07,Email,Tablet,28,21,55,0.388,235.6,0
2024-11-07,Referral,Desktop,118,101,501,0.593,221.5,2
2024-11-07,Referral,Mobile,130,101,289,0.571,170.8,2
2024-11-07,Referral,Tablet,16,14,34,0.548,175.4,0
2024-11-08,Organic Search,Desktop,1064,999,2667,0.385,142.3,17
2024-11-08,Organic Search,Mobile,1130,931,2845,0.623,74.2,12
2024-11-08,Organic Search,Tablet,228,173,685,0.641,194.4,2
2024-11-08,Paid Search,Desktop,335,308,753,0.635,94.3,9
2024-11-08,Paid Search,Mobile,490,397,1075,0.488,199.0,14
2024-11-08,Paid Search,Tablet,75,58,324,0.458,136.0,2
2024-11-08,Social,Desktop,484,374,1919,0.568,132.8,2
2024-11-08,Social,Mobile,528,413,1168,0.481,181.4,9
2024-11-08,Social,Tablet,102,81,378,0.59,158.6,2
2024-11-08,Direct,Desktop,271,224,806,0.316,87.1,1
2024-11-08,Direct,Mobile,511,442,1722,0.619,166.5,7
2024-11-08,Direct,Tablet,79,66,155,0.358,96.1,1
2024-11-08,Email,Desktop,128,109,558,0.546,147.8,3
2024-11-08,Email,Mobile,171,147,573,0.396,56.5,3
2024-11-08,Email,Tablet,29,22,109,0.501,172.4,0
2024-11-08,Referral,Desktop,105,90,434,0.385,214.6,0
2024-11-08,Referral,Mobile,113,93,358,0.475,108.3,2
2024-11-08,Referral,Tablet,24,19,87,0.519,166.6,0
2024-11-09,Organic Search,Desktop,903,830,3933,0.319,230.7,21
2024-11-09,Organic Search,Mobile,1449,1120,4781,0.441,126.2,8
2024-11-09,Organic Search,Tablet,209,187,848,0.67,62.1,2
2024-11-09,Paid Search,Desktop,397,357,1383,0.66,210.2,7
2024-11-09,Paid Search,Mobile,677,519,1806,0.546,65.0,7
2024-11-09,Paid Search,Tablet,75,62,146,0.402,113.6,0
2024-11-09,Social,Desktop,468,351,972,0.551,218.3,7
2024-11-09,Social,Mobile,575,471,1122,0.479,93.0,17
2024-11-09,Social,Tablet,101,78,316,0.565,68.8,2
2024-11-09,Direct,Desktop,325,305,1272,0.538,214.3,9
2024-11-09,Direct,Mobile,450,345,1521,0.364,155.1,11
2024-11-09,Direct,Tablet,70,62,185,0.533,87.5,0
2024-11-09,Email,Desktop,146,131,490,0.64,82.7,4
2024-11-09,Email,Mobile,203,172,488,0.544,165.3,4
2024-11-09,Email,Tablet,31,24,88,0.648,144.7,0
2024-11-09,Referral,Desktop,119,92,385,0.696,148.9,2
2024-11-09,Referral,Mobile,149,123,650,0.31,119.3,2
2024-11-09,Referral,Tablet,20,16,74,0.529,76.7,0
2024-11-10,Organic Search,Desktop,1062,921,2641,0.416,112.5,21
2024-11-10,Organic Search,Mobile,1417,1269,4411,0.611,190.5,33
2024-11-10,Organic Search,Tablet,195,147,782,0.537,207.9,3
2024-11-10,Paid Search,Desktop,409,384,1479,0.644,120.7,5
2024-11-10,Paid Search,Mobile,559,514,1202,0.66,102.0,6
2024-11-10,Paid Search,Tablet,74,66,269,0.321,147.0,0
2024-11-10,Social,Desktop,527,403,2076,0.504,86.5,12
2024-11-10,Social,Mobile,756,586,2131,0.599,235.4,9
2024-11-10,Social,Tablet,96,79,186,0.674,147.8,1
2024-11-10,Direct,Desktop,340,289,767,0.401,202.4,5
2024-11-10,Direct,Mobile,376,294,1003,0.641,235.4,9
2024-11-10,Direct,Tablet,82,75,256,0.458,121.5,1
2024-11-10,Email,Desktop,158,123,467,0.319,175.5,2
2024-11-10,Email,Mobile,183,166,487,0.398,219.2,3
2024-11-10,Email,Tablet,27,24,113,0.365,235.1,0
2024-11-10,Referral,Desktop,116,90,339,0.416,128.6,0
2024-11-10,Referral,Mobile,136,109,476,0.447,229.2,1
2024-11-10,Referral,Tablet,21,18,70,0.51,172.4,0
2024-11-11,Organic Search,Desktop,732,680,3010,0.463,235.5,10
2024-11-11,Organic Search,Mobile,1067,836,4328,0.427,221.7,27
2024-11-11,Organic Search,Tablet,183,154,519,0.48,81.4,5
2024-11-11,Paid Search,Desktop,338,283,924,0.341,190.7,3
2024-11-11,Paid Search,Mobile,481,377,1738,0.685,221.3,8
2024-11-11,Paid Search,Tablet,62,58,220,0.586,178.3,1
2024-11-11,Social,Desktop,498,401,898,0.569,212.4,9
2024-11-11,Social,Mobile,540,431,1748,0.694,218.9,15
2024-11-11,Social,Tablet,87,81,257,0.344,133.2,2
2024-11-11,Direct,Desktop,267,223,592,0.304,75.7,3
2024-11-11,Direct,Mobile,377,356,1029,0.413,92.5,4
2024-11-11,Direct,Tablet,57,44,227,0.474,64.5,0
2024-11-11,Email,Desktop,140,121,345,0.551,230.2,0
2024-11-11,Email,Mobile,163,149,615,0.699,198.5,2
2024-11-11,Email,Tablet,27,21,58,0.534,150.2,0
2024-11-11,Referral,Desktop,99,93,180,0.351,113.1,1
2024-11-11,Referral,Mobile,103,95,291,0.459,213.3,2
2024-11-11,Referral,Tablet,25,21,51,0.466,156.0,0
2024-11-12,Organic Search,Desktop,919,824,2547,0.556,171.1,16
2024-11-12,Organic Search,Mobile,1024,846,4132,0.587,177.2,10
2024-11-12,Organic Search,Tablet,226,187,421,0.363,115.5,6
2024-11-12,Paid Search,Desktop,381,313,698,0.627,190.3,6
2024-11-12,Paid Search,Mobile,416,358,751,0.512,209.8,9
2024-11-12,Paid Search,Tablet,82,73,248,0.538,101.8,1
2024-11-12,Social,Desktop,500,437,900,0.411,91.1,11
2024-11-12,Social,Mobile,599,521,1541,0.596,158.4,11
2024-11-12,Social,Tablet,95,79,275,0.457,65.5,2
2024-11-12,Direct,Desktop,375,348,1672,0.532,192.3,2
2024-11-12,Direct,Mobile,361,303,1371,0.697,162.7,2
2024-11-12,Direct,Tablet,58,47,105,0.373,229.7,1
2024-11-12,Email,Desktop,115,106,375,0.694,52.0,2
2024-11-12,Email,Mobile,136,127,460,0.366,219.9,1
2024-11-12,Email,Tablet,26,24,111,0.545,165.8,0
2024-11-12,Referral,Desktop,103,81,312,0.335,205.8,2
2024-11-12,Referral,Mobile,118,89,380,0.414,180.6,1
2024-11-12,Referral,Tablet,21,18,53,0.671,239.1,0
2024-11-13,Organic Search,Desktop,1095,910,4671,0.531,144.2,26
2024-11-13,Organic Search,Mobile,1362,1181,4787,0.414,159.1,30
2024-11-13,Organic Search,Tablet,224,178,681,0.644,81.2,1
2024-11-13,Paid Search,Desktop,359,282,1240,0.642,189.5,8
2024-11-13,Paid Search,Mobile,448,358,1240,0.649,190.7,12
2024-11-13,Paid Search,Tablet,81,60,253,0.514,60.9,1
2024-11-13,Social,Desktop,364,291,727,0.694,86.6,8
2024-11-13,Social,Mobile,658,494,2788,0.314,215.2,6
2024-11-13,Social,Tablet,111,95,263,0.562,59.0,2
2024-11-13,Direct,Desktop,282,264,830,0.396,190.9,6
2024-11-13,Direct,Mobile,428,405,1320,0.363,210.7,7
2024-11-13,Direct,Tablet,50,46,196,0.652,160.3,0
2024-11-13,Email,Desktop,147,119,603,0.658,172.6,3
2024-11-13,Email,Mobile,178,153,749,0.501,166.9,3
2024-11-13,Email,Tablet,29,25,97,0.502,65.2,0
2024-11-13,Referral,Desktop,106,95,203,0.471,76.6,1
2024-11-13,Referral,Mobile,144,125,301,0.323,146.3,3
2024-11-13,Referral,Tablet,21,19,38,0.6,71.1,0
2024-11-14,Organic Search,Desktop,1046,816,2139,0.49,53.3,19
2024-11-14,Organic Search,Mobile,943,791,3706,0.653,162.9,16
2024-11-14,Organic Search,Tablet,206,193,518,0.323,108.2,5
2024-11-14,Paid Search,Desktop,274,253,1208,0.366,191.1,6
2024-11-14,Paid Search,Mobile,457,387,1491,0.574,133.0,6
2024-11-14,Paid Search,Tablet,59,44,125,0.531,53.0,0
2024-11-14,Social,Desktop,471,415,1719,0.446,181.8,11
2024-11-14,Social,Mobile,658,586,1970,0.477,179.7,4
2024-11-14,Social,Tablet,105,93,269,0.669,129.5,0
2024-11-14,Direct,Desktop,295,223,923,0.498,98.0,5
2024-11-14,Direct,Mobile,388,341,866,0.376,113.0,7
2024-11-14,Direct,Tablet,72,59,153,0.664,121.5,2
2024-11-14,Email,Desktop,128,98,457,0.342,126.9,2
2024-11-14,Email,Mobile,141,128,328,0.501,64.5,2
2024-11-14,Email,Tablet,27,23,114,0.316,67.1,0
2024-11-14,Referral,Desktop,116,100,236,0.623,53.7,1
2024-11-14,Referral,Mobile,131,102,316,0.698,49.5,2
2024-11-14,Referral,Tablet,23,20,99,0.443,107.9,0
2024-11-15,Organic Search,Desktop,1066,850,4518,0.579,147.3,22
2024-11-15,Organic Search,Mobile,1416,1227,4772,0.462,45.0,25
2024-11-15,Organic Search,Tablet,163,138,656,0.549,62.4,4
2024-11-15,Paid Search,Desktop,381,300,1673,0.666,227.4,4
2024-11-15,Paid Search,Mobile,503,475,2043,0.638,151.4,11
2024-11-15,Paid Search,Tablet,67,56,300,0.398,192.4,1
2024-11-15,Social,Desktop,479,406,981,0.633,224.7,3
2024-11-15,Social,Mobile,727,557,2534,0.503,227.4,6
2024-11-15,Social,Tablet,87,75,263,0.346,57.7,1
2024-11-15,Direct,Desktop,335,270,1325,0.588,141.4,3
2024-11-15,Direct,Mobile,400,322,1384,0.523,58.1,8
2024-11-15,Direct,Tablet,68,57,194,0.509,120.9,1
2024-11-15,Email,Desktop,125,104,431,0.635,172.2,2
2024-11-15,Email,Mobile,177,138,324,0.677,91.1,2
2024-11-15,Email,Tablet,27,23,103,0.666,128.5,0
2024-11-15,Referral,Desktop,111,93,434,0.405,222.6,1
2024-11-15,Referral,Mobile,149,126,558,0.44,108.7,0
2024-11-15,Referral,Tablet,21,16,89,0.664,89.8,0
2024-11-16,Organic Search,Desktop,1070,934,3016,0.36,101.8,8
2024-11-16,Organic Search,Mobile,1442,1206,5060,0.48,188.6,24
2024-11-16,Organic Search,Tablet,220,175,647,0.32,196.8,4
2024-11-16,Paid Search,Desktop,398,325,1202,0.363,59.5,3
2024-11-16,Paid Search,Mobile,534,491,1642,0.693,102.9,3
2024-11-16,Paid Search,Tablet,96,73,348,0.608,217.1,0
2024-11-16,Social,Desktop,581,443,1469,0.508,196.5,5
2024-11-16,Social,Mobile,499,380,1599,0.562,142.3,8
2024-11-16,Social,Tablet,108,90,236,0.514,238.1,1
2024-11-16,Direct,Desktop,305,257,1248,0.542,156.1,5
2024-11-16,Direct,Mobile,420,393,778,0.587,203.4,11
2024-11-16,Direct,Tablet,68,54,230,0.628,74.2,1
2024-11-16,Email,Desktop,144,109,446,0.306,69.3,3
2024-11-16,Email,Mobile,240,203,1049,0.663,201.2,5
2024-11-16,Email,Tablet,27,24,57,0.473,45.1,0
2024-11-16,Referral,Desktop,121,104,492,0.563,154.5,1
2024-11-16,Referral,Mobile,135,122,342,0.5,201.9,1
2024-11-16,Referral,Tablet,22,20,86,0.601,205.7,0
2024-11-17,Organic Search,Desktop,1082,877,2817,0.53,171.5,17
2024-11-17,Organic Search,Mobile,1439,1278,6009,0.663,167.4,11
2024-11-17,Organic Search,Tablet,196,167,443,0.647,50.2,5
2024-11-17,Paid Search,Desktop,405,336,747,0.384,152.7,7
2024-11-17,Paid Search,Mobile,533,429,1868,0.632,104.1,14
2024-11-17,Paid Search,Tablet,94,70,253,0.66,134.2,1
2024-11-17,Social,Desktop,497,427,1049,0.692,117.4,8
2024-11-17,Social,Mobile,710,649,2536,0.615,177.4,13
2024-11-17,Social,Tablet,122,113,274,0.414,189.8,3
2024-11-17,Direct,Desktop,305,259,661,0.481,139.9,8
2024-11-17,Direct,Mobile,545,465,1213,0.642,157.7,14
2024-11-17,Direct,Tablet,69,59,133,0.566,224.9,1
2024-11-17,Email,Desktop,147,121,445,0.468,166.1,3
2024-11-17,Email,Mobile,210,166,421,0.627,162.7,5
2024-11-17,Email,Tablet,33,28,143,0.634,228.8,0
2024-11-17,Referral,Desktop,109,84,454,0.537,213.4,1
2024-11-17,Referral,Mobile,167,154,335,0.385,236.4,4
2024-11-17,Referral,Tablet,21,16,77,0.553,203.7,0
2024-11-18,Organic Search,Desktop,961,834,1906,0.591,226.6,5
2024-11-18,Organic Search,Mobile,1056,952,2877,0.534,158.6,20
2024-11-18,Organic Search,Tablet,190,163,784,0.631,47.0,0
2024-11-18,Paid Search,Desktop,400,373,1702,0.669,195.1,10
2024-11-18,Paid Search,Mobile,466,432,1029,0.562,223.0,11
2024-11-18,Paid Search,Tablet,68,52,139,0.597,205.3,1
2024-11-18,Social,Desktop,470,366,1891,0.677,203.9,13
2024-11-18,Social,Mobile,714,630,1638,0.595,172.9,18
2024-11-18,Social,Tablet,81,65,174,0.621,68.5,0
2024-11-18,Direct,Desktop,341,310,774,0.65,223.2,9
2024-11-18,Direct,Mobile,384,290,715,0.33,237.5,2
2024-11-18,Direct,Tablet,50,38,215,0.621,49.6,0
2024-11-18,Email,Desktop,109,88,461,0.369,221.0,3
2024-11-18,Email,Mobile,149,116,290,0.303,152.2,2
2024-11-18,Email,Tablet,23,18,93,0.697,176.1,0
2024-11-18,Referral,Desktop,96,91,199,0.57,195.1,1
2024-11-18,Referral,Mobile,115,93,260,0.405,114.1,2
2024-11-18,Referral,Tablet,20,17,88,0.402,107.3,0
2024-11-19,Organic Search,Desktop,821,710,2822,0.619,231.8,19
2024-11-19,Organic Search,Mobile,1438,1311,2896,0.492,201.2,31
2024-11-19,Organic Search,Tablet,185,148,551,0.453,120.3,2
2024-11-19,Paid Search,Desktop,437,387,1894,0.336,171.0,3
2024-11-19,Paid Search,Mobile,386,313,776,0.596,136.9,11
2024-11-19,Paid Search,Tablet,78,67,162,0.304,235.1,0
2024-11-19,Social,Desktop,484,377,1068,0.323,226.7,7
2024-11-19,Social,Mobile,618,514,2072,0.614,48.3,14
2024-11-19,Social,Tablet,86,69,210,0.392,132.1,0
2024-11-19,Direct,Desktop,398,309,1011,0.447,176.5,3
2024-11-19,Direct,Mobile,388,329,1459,0.35,106.5,9
2024-11-19,Direct,Tablet,54,45,101,0.646,105.9,0
2024-11-19,Email,Desktop,96,80,195,0.513,218.1,2
2024-11-19,Email,Mobile,165,149,645,0.428,73.6,2
2024-11-19,Email,Tablet,25,19,70,0.655,69.6,0
2024-11-19,Referral,Desktop,117,102,353,0.638,230.5,2
2024-11-19,Referral,Mobile,165,124,354,0.363,217.3,1
2024-11-19,Referral,Tablet,17,13,68,0.319,211.5,0
2024-11-20,Organic Search,Desktop,716,613,3024,0.328,105.3,6
2024-11-20,Organic Search,Mobile,1323,996,3933,0.411,87.0,15
2024-11-20,Organic Search,Tablet,194,160,821,0.442,83.6,1
2024-11-20,Paid Search,Desktop,379,322,1159,0.423,233.9,6
2024-11-20,Paid Search,Mobile,403,335,821,0.549,85.6,6
2024-11-20,Paid Search,Tablet,71,64,318,0.471,97.9,0
2024-11-20,Social,Desktop,380,290,880,0.64,224.2,4
2024-11-20,Social,Mobile,713,544,1530,0.317,162.4,6
2024-11-20,Social,Tablet,81,67,218,0.667,201.1,1
2024-11-20,Direct,Desktop,395,300,1665,0.565,169.0,7
2024-11-20,Direct,Mobile,375,313,1126,0.684,82.4,8
2024-11-20,Direct,Tablet,80,67,347,0.555,238.7,2
2024-11-20,Email,Desktop,138,121,342,0.383,198.4,2
2024-11-20,Email,Mobile,181,145,581,0.361,148.1,3
2024-11-20,Email,Tablet,27,25,68,0.607,151.6,0
2024-11-20,Referral,Desktop,106,98,269,0.533,237.7,1
2024-11-20,Referral,Mobile,127,112,541,0.553,189.9,3
2024-11-20,Referral,Tablet,19,16,47,0.384,145.7,0
2024-11-21,Organic Search,Desktop,799,711,2651,0.618,224.1,17
2024-11-21,Organic Search,Mobile,1052,967,3868,0.588,218.1,16
2024-11-21,Organic Search,Tablet,192,166,605,0.486,222.1,4
2024-11-21,Paid Search,Desktop,314,270,688,0.392,112.1,1
2024-11-21,Paid Search,Mobile,454,343,1358,0.419,106.4,12
2024-11-21,Paid Search,Tablet,76,60,260,0.337,213.7,1
2024-11-21,Social,Desktop,489,371,986,0.582,103.8,2
2024-11-21,Social,Mobile,553,456,1295,0.347,231.2,13
2024-11-21,Social,Tablet,106,93,348,0.469,216.1,1
2024-11-21,Direct,Desktop,288,241,779,0.334,50.9,5
2024-11-21,Direct,Mobile,398,306,1482,0.373,69.9,5
2024-11-21,Direct,Tablet,69,55,279,0.423,120.7,1
2024-11-21,Email,Desktop,109,102,270,0.602,95.9,1
2024-11-21,Email,Mobile,182,143,582,0.506,192.2,4
2024-11-21,Email,Tablet,24,20,92,0.537,192.9,0
2024-11-21,Referral,Desktop,107,89,322,0.509,161.6,2
2024-11-21,Referral,Mobile,163,129,410,0.505,201.4,3
2024-11-21,Referral,Tablet,19,14,35,0.497,192.0,0
2024-11-22,Organic Search,Desktop,889,800,3553,0.309,110.8,20
2024-11-22,Organic Search,Mobile,1162,1087,3259,0.585,214.1,28
2024-11-22,Organic Search,Tablet,169,134,418,0.663,181.5,3
2024-11-22,Paid Search,Desktop,346,275,1461,0.564,46.5,10
2024-11-22,Paid Search,Mobile,463,416,1524,0.463,199.8,3
2024-11-22,Paid Search,Tablet,56,50,118,0.579,137.5,0
2024-11-22,Social,Desktop,485,379,1206,0.46,110.4,9
2024-11-22,Social,Mobile,503,463,1744,0.387,79.9,3
2024-11-22,Social,Tablet,104,96,463,0.334,213.4,1
2024-11-22,Direct,Desktop,310,292,1075,0.528,174.1,5
2024-11-22,Direct,Mobile,383,335,1548,0.415,222.2,8
2024-11-22,Direct,Tablet,67,58,287,0.458,185.8,1
2024-11-22,Email,Desktop,125,117,466,0.372,72.5,1
2024-11-22,Email,Mobile,229,207,602,0.634,81.6,5
2024-11-22,Email,Tablet,24,21,99,0.396,76.6,0
2024-11-22,Referral,Desktop,116,91,226,0.511,125.4,1
2024-11-22,Referral,Mobile,134,106,541,0.466,87.9,3
2024-11-22,Referral,Tablet,18,14,55,0.559,159.3,0
2024-11-23,Organic Search,Desktop,1039,884,3533,0.501,218.9,10
2024-11-23,Organic Search,Mobile,1208,1022,2822,0.378,79.6,28
2024-11-23,Organic Search,Tablet,179,139,563,0.468,52.0,1
2024-11-23,Paid Search,Desktop,325,291,1351,0.483,184.8,4
2024-11-23,Paid Search,Mobile,435,364,1665,0.502,139.5,8
2024-11-23,Paid Search,Tablet,72,55,168,0.357,220.9,1
2024-11-23,Social,Desktop,464,430,1405,0.554,170.2,8
2024-11-23,Social,Mobile,675,558,1977,0.525,104.5,7
2024-11-23,Social,Tablet,117,88,313,0.615,184.3,1
2024-11-23,Direct,Desktop,333,287,920,0.544,79.1,3
2024-11-23,Direct,Mobile,366,332,1276,0.589,61.5,3
2024-11-23,Direct,Tablet,70,52,259,0.313,128.7,0
2024-11-23,Email,Desktop,147,120,615,0.487,75.9,2
2024-11-23,Email,Mobile,190,167,615,0.638,203.4,2
2024-11-23,Email,Tablet,29,26,54,0.391,75.1,0
2024-11-23,Referral,Desktop,112,99,457,0.657,208.8,2
2024-11-23,Referral,Mobile,154,127,364,0.457,166.4,4
2024-11-23,Referral,Tablet,22,17,89,0.626,219.1,0
2024-11-24,Organic Search,Desktop,878,796,2535,0.544,223.1,18
2024-11-24,Organic Search,Mobile,1049,956,4167,0.349,236.7,17
2024-11-24,Organic Search,Tablet,234,198,441,0.683,177.2,2
2024-11-24,Paid Search,Desktop,407,351,814,0.376,86.5,10
2024-11-24,Paid Search,Mobile,499,451,940,0.585,46.7,4
2024-11-24,Paid Search,Tablet,73,59,293,0.533,192.7,0
2024-11-24,Social,Desktop,455,401,1871,0.567,73.3,7
2024-11-24,Social,Mobile,750,627,2137,0.615,137.4,21
2024-11-24,Social,Tablet,96,82,334,0.678,178.1,2
2024-11-24,Direct,Desktop,324,278,618,0.564,91.9,6
2024-11-24,Direct,Mobile,501,393,980,0.306,135.3,2
2024-11-24,Direct,Tablet,76,69,204,0.446,91.1,1
2024-11-24,Email,Desktop,162,145,304,0.41,185.2,3
2024-11-24,Email,Mobile,166,156,708,0.521,116.8,0
2024-11-24,Email,Tablet,28,22,113,0.423,174.3,0
2024-11-24,Referral,Desktop,113,95,265,0.578,49.6,1
2024-11-24,Referral,Mobile,136,127,320,0.475,113.5,3
2024-11-24,Referral,Tablet,26,24,78,0.569,71.8,0
2024-11-25,Organic Search,Desktop,1260,1164,4773,0.523,105.3,7
2024-11-25,Organic Search,Mobile,1306,1075,5419,0.623,232.9,8
2024-11-25,Organic Search,Tablet,203,191,574,0.689,146.4,4
2024-11-25,Paid Search,Desktop,307,241,1109,0.436,67.4,6
2024-11-25,Paid Search,Mobile,520,402,953,0.463,140.2,4
2024-11-25,Paid Search,Tablet,77,61,324,0.652,102.4,1
2024-11-25,Social,Desktop,407,380,954,0.616,197.9,9
2024-11-25,Social,Mobile,552,497,1910,0.328,239.9,10
2024-11-25,Social,Tablet,81,72,243,0.552,78.3,0
2024-11-25,Direct,Desktop,381,303,749,0.509,184.9,8
2024-11-25,Direct,Mobile,425,402,1529,0.559,143.0,11
2024-11-25,Direct,Tablet,69,53,260,0.414,81.9,1
2024-11-25,Email,Desktop,134,103,265,0.477,225.3,2
2024-11-25,Email,Mobile,169,135,684,0.578,138.1,3
2024-11-25,Email,Tablet,19,16,49,0.349,160.9,0
2024-11-25,Referral,Desktop,90,77,217,0.508,168.9,1
2024-11-25,Referral,Mobile,144,134,582,0.553,117.0,1
2024-11-25,Referral,Tablet,21,19,92,0.504,48.3,0
2024-11-26,Organic Search,Desktop,865,699,2912,0.511,105.2,22
2024-11-26,Organic Search,Mobile,1416,1201,6215,0.518,215.9,27
2024-11-26,Organic Search,Tablet,181,152,456,0.668,231.9,1
2024-11-26,Paid Search,Desktop,367,283,1040,0.502,131.0,7
2024-11-26,Paid Search,Mobile,627,470,1167,0.549,186.4,12
2024-11-26,Paid Search,Tablet,66,59,235,0.326,226.4,1
2024-11-26,Social,Desktop,421,358,1766,0.426,60.3,6
2024-11-26,Social,Mobile,582,527,1837,0.469,62.6,5
2024-11-26,Social,Tablet,104,92,385,0.526,83.2,2
2024-11-26,Direct,Desktop,332,274,1180,0.331,140.0,8
2024-11-26,Direct,Mobile,371,319,1076,0.375,154.3,10
2024-11-26,Direct,Tablet,65,52,284,0.495,207.0,1
2024-11-26,Email,Desktop,139,118,559,0.408,88.5,3
2024-11-26,Email,Mobile,201,179,813,0.311,109.4,2
2024-11-26,Email,Tablet,25,22,48,0.623,172.7,0
2024-11-26,Referral,Desktop,78,73,160,0.676,235.0,2
2024-11-26,Referral,Mobile,149,131,553,0.544,187.4,3
2024-11-26,Referral,Tablet,19,16,70,0.578,74.2,0
2024-11-27,Organic Search,Desktop,1020,893,3504,0.541,51.6,8
2024-11-27,Organic Search,Mobile,1196,1059,2709,0.423,218.1,29
2024-11-27,Organic Search,Tablet,194,183,539,0.333,80.2,2
2024-11-27,Paid Search,Desktop,353,319,716,0.694,67.3,4
2024-11-27,Paid Search,Mobile,480,361,1213,0.673,197.3,9
2024-11-27,Paid Search,Tablet,76,68,337,0.473,143.2,1
2024-11-27,Social,Desktop,514,413,1943,0.407,79.8,11
2024-11-27,Social,Mobile,720,670,2238,0.497,97.9,8
2024-11-27,Social,Tablet,101,81,357,0.55,144.9,1
2024-11-27,Direct,Desktop,252,194,1051,0.488,231.6,4
2024-11-27,Direct,Mobile,445,389,1022,0.589,173.6,5
2024-11-27,Direct,Tablet,69,55,169,0.528,153.1,0
2024-11-27,Email,Desktop,153,137,622,0.383,95.2,3
2024-11-27,Email,Mobile,200,152,890,0.419,197.6,2
2024-11-27,Email,Tablet,27,23,55,0.555,161.1,0
2024-11-27,Referral,Desktop,116,109,455,0.663,59.1,3
2024-11-27,Referral,Mobile,141,106,342,0.564,80.4,1
2024-11-27,Referral,Tablet,17,14,45,0.534,114.5,0
2024-11-28,Organic Search,Desktop,885,780,2796,0.473,83.8,16
2024-11-28,Organic Search,Mobile,1199,1113,4441,0.675,171.9,19
2024-11-28,Organic Search,Tablet,164,123,678,0.537,72.4,3
2024-11-28,Paid Search,Desktop,357,304,849,0.628,187.3,5
2024-11-28,Paid Search,Mobile,469,369,1190,0.395,191.4,5
2024-11-28,Paid Search,Tablet,73,62,162,0.672,165.0,2
2024-11-28,Social,Desktop,422,397,1500,0.405,145.3,8
2024-11-28,Social,Mobile,613,467,1695,0.421,55.5,3
2024-11-28,Social,Tablet,84,64,227,0.492,60.8,2
2024-11-28,Direct,Desktop,348,325,853,0.506,163.6,8
2024-11-28,Direct,Mobile,446,379,1967,0.61,129.1,8
2024-11-28,Direct,Tablet,64,53,265,0.363,53.3,1
2024-11-28,Email,Desktop,140,129,368,0.442,230.2,0
2024-11-28,Email,Mobile,139,125,536,0.406,104.6,1
2024-11-28,Email,Tablet,24,20,46,0.511,73.2,0
2024-11-28,Referral,Desktop,105,93,358,0.301,49.5,1
2024-11-28,Referral,Mobile,131,103,581,0.352,97.6,2
2024-11-28,Referral,Tablet,17,13,49,0.524,132.2,0
2024-11-29,Organic Search,Desktop,947,778,3136,0.486,91.5,17
2024-11-29,Organic Search,Mobile,1331,1069,4033,0.526,176.2,8
2024-11-29,Organic Search,Tablet,196,181,660,0.608,127.4,2
2024-11-29,Paid Search,Desktop,292,264,879,0.633,133.0,6
2024-11-29,Paid Search,Mobile,458,355,2006,0.375,73.7,9
2024-11-29,Paid Search,Tablet,74,64,207,0.412,60.2,1
2024-11-29,Social,Desktop,401,314,1387,0.569,87.5,2
2024-11-29,Social,Mobile,674,562,2392,0.659,233.0,14
2024-11-29,Social,Tablet,80,60,245,0.528,130.7,0
2024-11-29,Direct,Desktop,360,333,1583,0.364,200.2,8
2024-11-29,Direct,Mobile,395,326,1681,0.615,76.2,3
2024-11-29,Direct,Tablet,65,51,274,0.52,82.8,1
2024-11-29,Email,Desktop,133,117,597,0.625,53.5,3
2024-11-29,Email,Mobile,169,136,347,0.571,85.2,2
2024-11-29,Email,Tablet,24,20,69,0.31,155.2,0
2024-11-29,Referral,Desktop,99,89,379,0.692,236.0,0
2024-11-29,Referral,Mobile,131,107,473,0.663,167.3,0
2024-11-29,Referral,Tablet,18,14,38,0.683,191.7,0
2024-11-30,Organic Search,Desktop,1089,819,2845,0.383,159.0,18
2024-11-30,Organic Search,Mobile,1320,1215,2709,0.51,122.1,7
2024-11-30,Organic Search,Tablet,193,181,776,0.569,150.7,3
2024-11-30,Paid Search,Desktop,396,307,1397,0.688,173.2,2
2024-11-30,Paid Search,Mobile,541,485,1360,0.528,121.7,12
2024-11-30,Paid Search,Tablet,90,82,360,0.531,97.9,1
2024-11-30,Social,Desktop,510,465,1623,0.467,52.1,8
2024-11-30,Social,Mobile,614,488,1383,0.542,67.4,15
2024-11-30,Social,Tablet,96,80,313,0.579,64.4,1
2024-11-30,Direct,Desktop,323,286,1192,0.601,145.4,9
2024-11-30,Direct,Mobile,530,471,1062,0.661,86.2,9
2024-11-30,Direct,Tablet,66,61,237,0.476,170.9,1
2024-11-30,Email,Desktop,140,110,608,0.326,125.2,4
2024-11-30,Email,Mobile,195,149,645,0.626,187.4,5
2024-11-30,Email,Tablet,28,21,108,0.435,115.6,0
2024-11-30,Referral,Desktop,105,87,363,0.636,107.8,2
2024-11-30,Referral,Mobile,132,107,557,0.42,214.7,0
2024-11-30,Referral,Tablet,20,16,74,0.689,79.8,0
2024-12-01,Organic Search,Desktop,1188,1055,3972,0.585,167.4,30
2024-12-01,Organic Search,Mobile,1438,1169,2930,0.653,65.2,24
2024-12-01,Organic Search,Tablet,237,204,1058,0.517,48.3,1
2024-12-01,Paid Search,Desktop,370,333,1220,0.57,238.9,3
2024-12-01,Paid Search,Mobile,637,538,1840,0.385,154.7,6
2024-12-01,Paid Search,Tablet,91,83,350,0.53,183.5,1
2024-12-01,Social,Desktop,625,564,2502,0.503,145.1,18
2024-12-01,Social,Mobile,715,667,2767,0.32,126.8,10
2024-12-01,Social,Tablet,120,111,368,0.574,117.2,3
2024-12-01,Direct,Desktop,361,332,797,0.455,84.7,2
2024-12-01,Direct,Mobile,509,395,1561,0.315,50.5,3
2024-12-01,Direct,Tablet,77,68,337,0.345,142.7,1
2024-12-01,Email,Desktop,156,141,353,0.648,204.5,2
2024-12-01,Email,Mobile,243,227,838,0.332,184.8,3
2024-12-01,Email,Tablet,34,30,62,0.568,70.0,0
2024-12-01,Referral,Desktop,127,95,428,0.384,191.8,1
2024-12-01,Referral,Mobile,180,169,589,0.517,66.2,4
2024-12-01,Referral,Tablet,22,17,85,0.33,175.3,0
2024-12-02,Organic Search,Desktop,1106,916,4671,0.321,188.4,31
2024-12-02,Organic Search,Mobile,1457,1314,3318,0.305,87.9,30
2024-12-02,Organic Search,Tablet,217,193,413,0.337,80.6,4
2024-12-02,Paid Search,Desktop,443,335,813,0.416,115.8,3
2024-12-02,Paid Search,Mobile,646,526,2817,0.554,172.8,3
2024-12-02,Paid Search,Tablet,79,64,286,0.315,77.5,1
2024-12-02,Social,Desktop,589,542,1753,0.546,107.4,8
2024-12-02,Social,Mobile,643,581,1901,0.584,84.0,12
2024-12-02,Social,Tablet,105,86,471,0.353,181.1,3
2024-12-02,Direct,Desktop,373,319,1588,0.351,190.8,5
2024-12-02,Direct,Mobile,542,487,1093,0.331,143.8,6
2024-12-02,Direct,Tablet,74,66,300,0.353,65.9,2
2024-12-02,Email,Desktop,138,121,276,0.324,164.1,2
2024-12-02,Email,Mobile,189,163,812,0.446,162.1,2
2024-12-02,Email,Tablet,31,28,66,0.473,176.7,0
2024-12-02,Referral,Desktop,105,83,191,0.416,80.1,0
2024-12-02,Referral,Mobile,149,123,477,0.417,152.6,2
2024-12-02,Referral,Tablet,19,14,36,0.64,233.6,0
2024-12-03,Organic Search,Desktop,1140,944,4615,0.521,155.8,25
2024-12-03,Organic Search,Mobile,1376,1164,4395,0.423,76.3,32
2024-12-03,Organic Search,Tablet,215,176,527,0.646,189.4,5
2024-12-03,Paid Search,Desktop,376,333,985,0.453,83.8,5
2024-12-03,Paid Search,Mobile,478,410,1307,0.368,60.0,4
2024-12-03,Paid Search,Tablet,75,69,171,0.512,232.3,1
2024-12-03,Social,Desktop,584,529,1608,0.585,169.5,16
2024-12-03,Social,Mobile,607,468,1506,0.534,193.9,14
2024-12-03,Social,Tablet,104,80,411,0.433,183.8,2
2024-12-03,Direct,Desktop,367,312,1375,0.36,208.4,7
2024-12-03,Direct,Mobile,398,331,1337,0.383,99.3,11
2024-12-03,Direct,Tablet,80,72,179,0.411,78.7,0
2024-12-03,Email,Desktop,154,133,399,0.44,190.0,4
2024-12-03,Email,Mobile,176,162,637,0.31,235.4,1
2024-12-03,Email,Tablet,36,27,117,0.544,104.4,0
2024-12-03,Referral,Desktop,124,107,470,0.601,219.9,0
2024-12-03,Referral,Mobile,148,139,330,0.445,68.9,3
2024-12-03,Referral,Tablet,20,16,62,0.532,135.2,0
2024-12-04,Organic Search,Desktop,1040,782,3067,0.579,207.0,24
2024-12-04,Organic Search,Mobile,1455,1212,4590,0.317,189.9,24
2024-12-04,Organic Search,Tablet,260,228,928,0.679,65.6,2
2024-12-04,Paid Search,Desktop,385,362,996,0.463,188.7,3
2024-12-04,Paid Search,Mobile,492,466,1321,0.322,170.0,14
2024-12-04,Paid Search,Tablet,88,77,176,0.537,184.7,1
2024-12-04,Social,Desktop,591,491,1581,0.453,147.8,7
2024-12-04,Social,Mobile,722,574,1561,0.544,230.1,19
2024-12-04,Social,Tablet,101,77,192,0.345,222.1,2
2024-12-04,Direct,Desktop,395,314,712,0.53,103.8,6
2024-12-04,Direct,Mobile,444,339,1304,0.656,237.5,6
2024-12-04,Direct,Tablet,76,70,270,0.462,162.4,1
2024-12-04,Email,Desktop,148,123,301,0.321,73.4,1
2024-12-04,Email,Mobile,197,169,618,0.311,139.2,3
2024-12-04,Email,Tablet,29,24,67,0.611,88.8,0
2024-12-04,Referral,Desktop,142,130,484,0.311,77.3,3
2024-12-04,Referral,Mobile,143,109,425,0.467,83.5,3
2024-12-04,Referral,Tablet,24,22,88,0.413,144.9,0
2024-12-05,Organic Search,Desktop,1119,1062,4205,0.512,174.0,22
2024-12-05,Organic Search,Mobile,1365,1071,3309,0.495,210.6,31
2024-12-05,Organic Search,Tablet,195,157,813,0.615,189.0,4
2024-12-05,Paid Search,Desktop,479,361,1932,0.526,73.5,13
2024-12-05,Paid Search,Mobile,599,501,2665,0.668,160.8,7
2024-12-05,Paid Search,Tablet,87,67,253,0.508,238.1,2
2024-12-05,Social,Desktop,635,480,2679,0.31,86.2,16
2024-12-05,Social,Mobile,741,600,1481,0.386,210.5,12
2024-12-05,Social,Tablet,103,78,382,0.543,155.9,0
2024-12-05,Direct,Desktop,435,336,1331,0.504,169.4,2
2024-12-05,Direct,Mobile,508,386,1270,0.451,220.7,8
2024-12-05,Direct,Tablet,74,61,307,0.511,137.3,1
2024-12-05,Email,Desktop,149,125,390,0.638,48.8,0
2024-12-05,Email,Mobile,188,170,581,0.353,80.9,3
2024-12-05,Email,Tablet,27,21,49,0.443,235.6,0
2024-12-05,Referral,Desktop,97,80,269,0.67,95.5,2
2024-12-05,Referral,Mobile,169,148,304,0.357,110.9,3
2024-12-05,Referral,Tablet,23,17,65,0.51,118.6,0
2024-12-06,Organic Search,Desktop,1052,957,4087,0.541,230.1,15
2024-12-06,Organic Search,Mobile,1472,1337,5261,0.545,150.3,20
2024-12-06,Organic Search,Tablet,215,187,816,0.604,121.3,5
2024-12-06,Paid Search,Desktop,381,343,694,0.615,102.9,8
2024-12-06,Paid Search,Mobile,562,437,1023,0.568,110.7,2
2024-12-06,Paid Search,Tablet,78,64,205,0.326,226.5,0
2024-12-06,Social,Desktop,492,420,1345,0.456,203.6,8
2024-12-06,Social,Mobile,755,611,1602,0.697,188.3,21
2024-12-06,Social,Tablet,99,77,422,0.432,99.3,0
2024-12-06,Direct,Desktop,379,328,1606,0.35,152.4,4
2024-12-06,Direct,Mobile,468,400,1092,0.594,60.8,9
2024-12-06,Direct,Tablet,68,59,126,0.417,197.9,0
2024-12-06,Email,Desktop,140,113,357,0.411,77.0,3
2024-12-06,Email,Mobile,189,159,434,0.478,145.2,3
2024-12-06,Email,Tablet,33,30,90,0.543,239.7,0
2024-12-06,Referral,Desktop,107,98,263,0.662,142.4,2
2024-12-06,Referral,Mobile,129,104,325,0.323,235.2,1
2024-12-06,Referral,Tablet,25,20,103,0.477,205.5,0
2024-12-07,Organic Search,Desktop,1156,1033,4392,0.494,104.8,27
2024-12-07,Organic Search,Mobile,1645,1283,5296,0.566,227.6,9
2024-12-07,Organic Search,Tablet,222,176,747,0.455,64.4,1
2024-12-07,Paid Search,Desktop,377,331,1068,0.523,62.7,3
2024-12-07,Paid Search,Mobile,602,467,1693,0.522,208.1,16
2024-12-07,Paid Search,Tablet,85,67,195,0.629,148.7,2
2024-12-07,Social,Desktop,661,568,1697,0.323,167.5,15
2024-12-07,Social,Mobile,791,720,2555,0.322,163.6,10
2024-12-07,Social,Tablet,106,83,418,0.545,69.6,0
2024-12-07,Direct,Desktop,391,318,803,0.501,153.2,5
2024-12-07,Direct,Mobile,472,373,1936,0.365,197.9,5
2024-12-07,Direct,Tablet,86,73,340,0.513,172.2,2
2024-12-07,Email,Desktop,162,145,606,0.688,69.0,4
2024-12-07,Email,Mobile,230,173,654,0.672,190.8,1
2024-12-07,Email,Tablet,34,26,103,0.682,230.4,0
2024-12-07,Referral,Desktop,134,110,479,0.33,155.3,2
2024-12-07,Referral,Mobile,158,149,316,0.66,85.2,0
2024-12-07,Referral,Tablet,27,25,110,0.355,150.5,0
2024-12-08,Organic Search,Desktop,1085,833,3999,0.417,99.1,8
2024-12-08,Organic Search,Mobile,1681,1495,5819,0.661,142.3,13
2024-12-08,Organic Search,Tablet,227,198,511,0.559,173.8,5
2024-12-08,Paid Search,Desktop,474,387,2045,0.412,177.5,11
2024-12-08,Paid Search,Mobile,616,463,2458,0.563,82.2,4
2024-12-08,Paid Search,Tablet,98,92,193,0.628,187.4,2
2024-12-08,Social,Desktop,656,560,1336,0.498,212.9,9
2024-12-08,Social,Mobile,804,710,2749,0.687,237.7,17
2024-12-08,Social,Tablet,110,99,473,0.549,55.2,2
2024-12-08,Direct,Desktop,348,269,1178,0.516,112.6,6
2024-12-08,Direct,Mobile,469,378,1130,0.361,193.8,13
2024-12-08,Direct,Tablet,75,59,314,0.392,134.5,1
2024-12-08,Email,Desktop,146,124,334,0.642,172.8,3
2024-12-08,Email,Mobile,221,207,953,0.529,148.9,5
2024-12-08,Email,Tablet,31,23,80,0.503,201.4,0
2024-12-08,Referral,Desktop,143,127,291,0.499,132.3,3
2024-12-08,Referral,Mobile,184,139,628,0.397,215.5,2
2024-12-08,Referral,Tablet,24,20,56,0.381,76.7,0
2024-12-09,Organic Search,Desktop,1136,1069,2053,0.404,194.9,18
2024-12-09,Organic Search,Mobile,1513,1392,6611,0.436,153.3,29
2024-12-09,Organic Search,Tablet,219,183,422,0.639,152.0,4
2024-12-09,Paid Search,Desktop,404,376,1403,0.326,58.4,3
2024-12-09,Paid Search,Mobile,616,570,1419,0.513,163.2,3
2024-12-09,Paid Search,Tablet,74,65,316,0.425,49.5,2
2024-12-09,Social,Desktop,434,335,1351,0.679,238.1,4
2024-12-09,Social,Mobile,668,540,2163,0.562,237.4,16
2024-12-09,Social,Tablet,114,95,484,0.598,126.7,2
2024-12-09,Direct,Desktop,346,312,1273,0.425,118.5,4
2024-12-09,Direct,Mobile,499,470,1906,0.569,201.1,9
2024-12-09,Direct,Tablet,59,45,153,0.474,73.8,0
2024-12-09,Email,Desktop,131,109,561,0.523,153.0,2
2024-12-09,Email,Mobile,223,192,542,0.42,90.6,4
2024-12-09,Email,Tablet,27,24,78,0.515,217.4,0
2024-12-09,Referral,Desktop,127,112,495,0.307,102.6,1
2024-12-09,Referral,Mobile,149,127,609,0.539,123.7,3
2024-12-09,Referral,Tablet,23,18,60,0.405,180.8,0
2024-12-10,Organic Search,Desktop,962,728,3412,0.654,157.5,23
2024-12-10,Organic Search,Mobile,1451,1304,5841,0.618,114.6,41
2024-12-10,Organic Search,Tablet,202,164,471,0.435,145.0,3
2024-12-10,Paid Search,Desktop,418,348,1382,0.382,208.6,11
2024-12-10,Paid Search,Mobile,587,452,1667,0.507,124.7,15
2024-12-10,Paid Search,Tablet,84,72,319,0.413,211.5,2
2024-12-10,Social,Desktop,536,484,1677,0.573,94.4,8
2024-12-10,Social,Mobile,714,589,2510,0.579,203.2,6
2024-12-10,Social,Tablet,90,82,376,0.445,119.7,2
2024-12-10,Direct,Desktop,355,293,1283,0.492,115.1,5
2024-12-10,Direct,Mobile,432,330,1627,0.633,167.2,2
2024-12-10,Direct,Tablet,70,55,246,0.542,203.6,1
2024-12-10,Email,Desktop,159,124,516,0.585,104.1,3
2024-12-10,Email,Mobile,167,157,642,0.547,192.5,2
2024-12-10,Email,Tablet,32,26,93,0.319,234.0,0
2024-12-10,Referral,Desktop,106,83,379,0.397,178.4,1
2024-12-10,Referral,Mobile,107,86,246,0.362,185.2,2
2024-12-10,Referral,Tablet,23,18,59,0.377,168.1,0
2024-12-11,Organic Search,Desktop,1090,960,4513,0.682,171.3,10
2024-12-11,Organic Search,Mobile,1232,1094,3096,0.658,208.6,8
2024-12-11,Organic Search,Tablet,212,176,651,0.6,139.8,1
2024-12-11,Paid Search,Desktop,426,364,1727,0.324,72.5,10
2024-12-11,Paid Search,Mobile,397,370,1531,0.311,194.8,7
2024-12-11,Paid Search,Tablet,91,81,206,0.452,161.1,1
2024-12-11,Social,Desktop,527,480,1303,0.302,124.0,11
2024-12-11,Social,Mobile,717,651,2851,0.333,106.9,4
2024-12-11,Social,Tablet,104,89,291,0.474,213.1,2
2024-12-11,Direct,Desktop,356,310,721,0.376,162.6,7
2024-12-11,Direct,Mobile,460,413,1542,0.376,208.6,12
2024-12-11,Direct,Tablet,68,62,213,0.314,191.7,0
2024-12-11,Email,Desktop,140,122,307,0.547,51.1,3
2024-12-11,Email,Mobile,188,142,755,0.624,134.6,3
2024-12-11,Email,Tablet,26,21,73,0.487,166.9,0
2024-12-11,Referral,Desktop,125,102,511,0.448,119.3,2
2024-12-11,Referral,Mobile,168,129,405,0.473,215.3,4
2024-12-11,Referral,Tablet,20,16,49,0.379,81.1,0
2024-12-12,Organic Search,Desktop,1087,851,2663,0.616,90.9,8
2024-12-12,Organic Search,Mobile,1335,1036,3629,0.503,77.5,39
2024-12-12,Organic Search,Tablet,171,147,400,0.31,128.8,4
2024-12-12,Paid Search,Desktop,427,324,1211,0.597,69.3,5
2024-12-12,Paid Search,Mobile,470,379,1465,0.651,103.3,11
2024-12-12,Paid Search,Tablet,79,59,334,0.332,183.3,1
2024-12-12,Social,Desktop,530,429,1757,0.615,74.6,13
2024-12-12,Social,Mobile,660,593,2137,0.442,51.8,5
2024-12-12,Social,Tablet,99,88,290,0.518,98.1,1
2024-12-12,Direct,Desktop,313,252,1294,0.54,56.2,8
2024-12-12,Direct,Mobile,504,399,1206,0.381,233.9,9
2024-12-12,Direct,Tablet,72,54,135,0.434,209.2,0
2024-12-12,Email,Desktop,168,151,593,0.358,234.3,1
2024-12-12,Email,Mobile,196,179,672,0.672,102.9,2
2024-12-12,Email,Tablet,38,31,163,0.569,186.0,0
2024-12-12,Referral,Desktop,105,96,189,0.611,78.8,1
2024-12-12,Referral,Mobile,149,137,388,0.615,94.8,1
2024-12-12,Referral,Tablet,19,17,72,0.605,126.4,0
2024-12-13,Organic Search,Desktop,984,928,3701,0.506,110.9,25
2024-12-13,Organic Search,Mobile,1201,1075,3013,0.462,224.3,15
2024-12-13,Organic Search,Tablet,241,222,696,0.366,119.8,6
2024-12-13,Paid Search,Desktop,372,345,1578,0.571,111.1,4
2024-12-13,Paid Search,Mobile,503,402,1675,0.645,98.8,12
2024-12-13,Paid Search,Tablet,82,63,305,0.311,230.0,1
2024-12-13,Social,Desktop,427,389,1275,0.432,199.7,6
2024-12-13,Social,Mobile,683,564,2303,0.605,231.1,11
2024-12-13,Social,Tablet,114,100,271,0.653,225.9,3
2024-12-13,Direct,Desktop,399,372,1047,0.375,225.7,11
2024-12-13,Direct,Mobile,462,376,1023,0.472,188.0,3
2024-12-13,Direct,Tablet,74,66,230,0.308,193.2,0
2024-12-13,Email,Desktop,144,113,470,0.668,217.8,3
2024-12-13,Email,Mobile,154,119,499,0.346,101.7,2
2024-12-13,Email,Tablet,27,21,59,0.565,115.1,0
2024-12-13,Referral,Desktop,123,116,311,0.31,145.6,2
2024-12-13,Referral,Mobile,149,112,616,0.323,123.3,1
2024-12-13,Referral,Tablet,22,17,51,0.651,175.6,0
2024-12-14,Organic Search,Desktop,1117,988,4872,0.313,202.5,12
2024-12-14,Organic Search,Mobile,1593,1250,4053,0.403,179.4,10
2024-12-14,Organic Search,Tablet,250,193,501,0.576,100.4,3
2024-12-14,Paid Search,Desktop,421,329,1358,0.584,164.1,2
2024-12-14,Paid Search,Mobile,565,468,1429,0.668,106.0,7
2024-12-14,Paid Search,Tablet,92,75,193,0.648,64.4,2
2024-12-14,Social,Desktop,670,606,2603,0.587,123.7,16
2024-12-14,Social,Mobile,744,706,1898,0.547,140.2,12
2024-12-14,Social,Tablet,139,106,551,0.322,219.6,3
2024-12-14,Direct,Desktop,393,306,1339,0.472,201.0,5
2024-12-14,Direct,Mobile,497,383,917,0.338,65.8,7
2024-12-14,Direct,Tablet,77,66,300,0.577,129.6,1
2024-12-14,Email,Desktop,156,131,501,0.6,211.5,2
2024-12-14,Email,Mobile,216,201,832,0.303,223.9,1
2024-12-14,Email,Tablet,32,24,105,0.504,64.9,0
2024-12-14,Referral,Desktop,109,102,475,0.453,52.1,2
2024-12-14,Referral,Mobile,150,120,642,0.445,114.9,1
2024-12-14,Referral,Tablet,26,24,49,0.605,118.0,0
2024-12-15,Organic Search,Desktop,1216,1139,4875,0.526,116.4,28
2024-12-15,Organic Search,Mobile,1582,1248,4638,0.521,56.5,29
2024-12-15,Organic Search,Tablet,242,207,678,0.484,196.8,3
2024-12-15,Paid Search,Desktop,364,324,1499,0.683,120.7,10
2024-12-15,Paid Search,Mobile,675,577,2445,0.463,190.4,7
2024-12-15,Paid Search,Tablet,89,82,237,0.435,218.0,0
2024-12-15,Social,Desktop,588,533,2250,0.635,236.4,5
2024-12-15,Social,Mobile,799,722,2870,0.394,219.0,11
2024-12-15,Social,Tablet,111,100,270,0.666,157.4,1
2024-12-15,Direct,Desktop,385,349,819,0.519,158.0,7
2024-12-15,Direct,Mobile,510,446,2243,0.472,177.4,13
2024-12-15,Direct,Tablet,78,58,249,0.593,205.8,1
2024-12-15,Email,Desktop,132,111,333,0.48,135.6,2
2024-12-15,Email,Mobile,211,186,833,0.554,61.7,4
2024-12-15,Email,Tablet,33,31,77,0.533,45.1,0
2024-12-15,Referral,Desktop,126,110,302,0.465,78.0,1
2024-12-15,Referral,Mobile,164,138,398,0.324,49.4,4
2024-12-15,Referral,Tablet,23,21,76,0.591,160.7,0
2024-12-16,Organic Search,Desktop,1117,1051,2383,0.456,142.5,18
2024-12-16,Organic Search,Mobile,1236,1166,2241,0.597,115.8,6
2024-12-16,Organic Search,Tablet,218,193,917,0.307,216.7,6
2024-12-16,Paid Search,Desktop,406,355,1261,0.536,146.7,4
2024-12-16,Paid Search,Mobile,536,504,2385,0.652,214.3,14
2024-12-16,Paid Search,Tablet,95,79,302,0.476,75.3,1
2024-12-16,Social,Desktop,594,455,1459,0.503,234.3,8
2024-12-16,Social,Mobile,791,670,2760,0.645,89.6,10
2024-12-16,Social,Tablet,102,93,319,0.331,159.1,1
2024-12-16,Direct,Desktop,386,346,932,0.533,84.3,7
2024-12-16,Direct,Mobile,534,485,1370,0.467,184.4,13
2024-12-16,Direct,Tablet,69,55,163,0.416,161.0,0
2024-12-16,Email,Desktop,169,147,462,0.568,53.9,4
2024-12-16,Email,Mobile,230,204,920,0.533,195.2,1
2024-12-16,Email,Tablet,32,24,143,0.422,56.6,0
2024-12-16,Referral,Desktop,112,84,449,0.655,70.8,1
2024-12-16,Referral,Mobile,157,118,598,0.671,74.5,3
2024-12-16,Referral,Tablet,26,23,62,0.689,85.4,0
2024-12-17,Organic Search,Desktop,1127,938,4377,0.495,91.9,13
2024-12-17,Organic Search,Mobile,1240,1124,3443,0.537,216.7,33
2024-12-17,Organic Search,Tablet,214,173,755,0.497,110.3,1
2024-12-17,Paid Search,Desktop,366,339,1436,0.411,52.1,9
2024-12-17,Paid Search,Mobile,553,428,1865,0.348,221.0,8
2024-12-17,Paid Search,Tablet,72,56,303,0.326,112.9,1
2024-12-17,Social,Desktop,413,315,1799,0.453,227.8,9
2024-12-17,Social,Mobile,634,535,1396,0.508,165.6,9
2024-12-17,Social,Tablet,129,98,507,0.454,211.2,1
2024-12-17,Direct,Desktop,348,322,692,0.698,96.2,1
2024-12-17,Direct,Mobile,404,347,1457,0.383,102.4,2
2024-12-17,Direct,Tablet,62,48,255,0.605,192.9,0
2024-12-17,Email,Desktop,130,114,324,0.382,108.1,2
2024-12-17,Email,Mobile,179,168,403,0.623,65.8,3
2024-12-17,Email,Tablet,30,24,124,0.36,133.3,0
2024-12-17,Referral,Desktop,118,101,375,0.656,166.0,2
2024-12-17,Referral,Mobile,148,116,492,0.571,192.3,2
2024-12-17,Referral,Tablet,26,20,96,0.608,118.0,0
2024-12-18,Organic Search,Desktop,922,712,2112,0.541,63.1,12
2024-12-18,Organic Search,Mobile,1316,997,3463,0.409,101.7,11
2024-12-18,Organic Search,Tablet,242,209,487,0.652,113.6,1
2024-12-18,Paid Search,Desktop,367,344,752,0.691,205.2,9
2024-12-18,Paid Search,Mobile,473,448,1913,0.604,153.6,7
2024-12-18,Paid Search,Tablet,73,57,146,0.628,212.0,1
2024-12-18,Social,Desktop,610,506,1102,0.36,118.9,3
2024-12-18,Social,Mobile,705,659,1280,0.433,81.9,13
2024-12-18,Social,Tablet,108,93,382,0.408,113.5,2
2024-12-18,Direct,Desktop,259,237,862,0.301,172.5,7
2024-12-18,Direct,Mobile,461,348,1030,0.363,186.3,8
2024-12-18,Direct,Tablet,70,61,139,0.653,162.2,1
2024-12-18,Email,Desktop,146,117,432,0.584,64.0,1
2024-12-18,Email,Mobile,170,151,624,0.329,170.2,0
2024-12-18,Email,Tablet,30,26,94,0.404,217.8,0
2024-12-18,Referral,Desktop,116,101,409,0.656,69.7,2
2024-12-18,Referral,Mobile,162,133,545,0.33,118.2,1
2024-12-18,Referral,Tablet,23,17,84,0.688,181.8,0
2024-12-19,Organic Search,Desktop,1078,829,2112,0.492,185.9,14
2024-12-19,Organic Search,Mobile,1531,1176,5948,0.648,136.6,10
2024-12-19,Organic Search,Tablet,178,162,328,0.657,235.8,4
2024-12-19,Paid Search,Desktop,356,281,1430,0.533,108.5,2
2024-12-19,Paid Search,Mobile,458,380,1608,0.433,224.5,13
2024-12-19,Paid Search,Tablet,85,68,264,0.573,147.8,0
2024-12-19,Social,Desktop,524,465,1837,0.561,219.8,5
2024-12-19,Social,Mobile,806,655,2281,0.41,62.1,23
2024-12-19,Social,Tablet,111,95,387,0.673,47.9,2
2024-12-19,Direct,Desktop,341,311,925,0.588,218.3,4
2024-12-19,Direct,Mobile,354,312,1373,0.401,54.6,4
2024-12-19,Direct,Tablet,68,58,206,0.413,120.8,0
2024-12-19,Email,Desktop,156,133,680,0.499,76.8,4
2024-12-19,Email,Mobile,187,151,655,0.481,76.7,3
2024-12-19,Email,Tablet,24,20,82,0.43,129.3,0
2024-12-19,Referral,Desktop,112,104,411,0.599,209.4,1
2024-12-19,Referral,Mobile,148,119,433,0.369,118.7,4
2024-12-19,Referral,Tablet,24,18,78,0.378,113.8,0
2024-12-20,Organic Search,Desktop,1149,1007,3547,0.345,108.4,12
2024-12-20,Organic Search,Mobile,1498,1304,4825,0.609,179.7,38
2024-12-20,Organic Search,Tablet,191,160,634,0.318,123.6,3
2024-12-20,Paid Search,Desktop,406,384,1604,0.396,136.8,7
2024-12-20,Paid Search,Mobile,579,468,2573,0.394,239.4,7
2024-12-20,Paid Search,Tablet,78,72,187,0.555,65.1,1
2024-12-20,Social,Desktop,530,469,2139,0.649,53.2,14
2024-12-20,Social,Mobile,657,552,1243,0.491,194.0,8
2024-12-20,Social,Tablet,98,79,227,0.575,131.0,1
2024-12-20,Direct,Desktop,401,317,1151,0.68,224.0,3
2024-12-20,Direct,Mobile,478,451,1858,0.332,98.5,14
2024-12-20,Direct,Tablet,74,69,171,0.674,179.5,0
2024-12-20,Email,Desktop,157,127,390,0.598,114.1,1
2024-12-20,Email,Mobile,172,157,737,0.641,126.3,5
2024-12-20,Email,Tablet,31,28,60,0.331,230.5,0
2024-12-20,Referral,Desktop,141,119,348,0.346,122.3,1
2024-12-20,Referral,Mobile,136,113,605,0.41,226.9,3
2024-12-20,Referral,Tablet,22,18,94,0.474,204.5,0
2024-12-21,Organic Search,Desktop,1363,1028,3387,0.561,201.6,23
2024-12-21,Organic Search,Mobile,1437,1249,5087,0.549,201.7,36
2024-12-21,Organic Search,Tablet,214,193,545,0.385,93.8,5
2024-12-21,Paid Search,Desktop,496,394,1016,0.461,169.8,13
2024-12-21,Paid Search,Mobile,657,535,2464,0.304,52.8,6
2024-12-21,Paid Search,Tablet,89,66,218,0.35,75.4,1
2024-12-21,Social,Desktop,590,446,2420,0.682,111.4,9
2024-12-21,Social,Mobile,794,753,1582,0.46,76.5,22
2024-12-21,Social,Tablet,139,119,274,0.615,52.0,1
2024-12-21,Direct,Desktop,417,341,1295,0.509,226.4,6
2024-12-21,Direct,Mobile,487,446,1257,0.682,221.7,10
2024-12-21,Direct,Tablet,80,63,259,0.574,65.2,0
2024-12-21,Email,Desktop,142,134,365,0.505,88.4,2
2024-12-21,Email,Mobile,215,185,789,0.58,161.8,1
2024-12-21,Email,Tablet,30,26,72,0.308,105.7,0
2024-12-21,Referral,Desktop,130,116,423,0.577,183.4,1
2024-12-21,Referral,Mobile,159,130,544,0.622,164.8,2
2024-12-21,Referral,Tablet,24,19,53,0.528,217.0,0
2024-12-22,Organic Search,Desktop,1249,1108,5268,0.312,210.7,36
2024-12-22,Organic Search,Mobile,1450,1289,3455,0.352,147.3,21
2024-12-22,Organic Search,Tablet,199,173,411,0.473,48.4,4
2024-12-22,Paid Search,Desktop,423,332,1730,0.504,144.8,11
2024-12-22,Paid Search,Mobile,604,556,2056,0.52,210.7,11
2024-12-22,Paid Search,Tablet,76,71,238,0.616,158.3,0
2024-12-22,Social,Desktop,560,484,1975,0.516,139.3,4
2024-12-22,Social,Mobile,698,648,2241,0.52,90.9,11
2024-12-22,Social,Tablet,135,121,404,0.55,79.3,2
2024-12-22,Direct,Desktop,403,309,970,0.663,131.9,6
2024-12-22,Direct,Mobile,560,483,1796,0.623,126.2,7
2024-12-22,Direct,Tablet,64,57,242,0.587,159.1,0
2024-12-22,Email,Desktop,170,151,478,0.62,87.2,1
2024-12-22,Email,Mobile,233,207,939,0.451,84.9,6
2024-12-22,Email,Tablet,31,24,94,0.457,225.0,0
2024-12-22,Referral,Desktop,125,110,413,0.323,62.6,0
2024-12-22,Referral,Mobile,173,142,412,0.338,232.4,2
2024-12-22,Referral,Tablet,24,22,89,0.567,155.3,0
2024-12-23,Organic Search,Desktop,1202,1140,4262,0.694,116.8,15
2024-12-23,Organic Search,Mobile,1348,1103,4988,0.464,149.5,27
2024-12-23,Organic Search,Tablet,198,163,363,0.409,96.5,1
2024-12-23,Paid Search,Desktop,428,369,1822,0.472,214.5,2
2024-12-23,Paid Search,Mobile,620,539,1686,0.66,182.2,3
2024-12-23,Paid Search,Tablet,79,68,160,0.324,57.5,0
2024-12-23,Social,Desktop,460,414,1034,0.458,89.0,11
2024-12-23,Social,Mobile,618,479,1533,0.642,92.3,5
2024-12-23,Social,Tablet,118,111,309,0.487,138.5,1
2024-12-23,Direct,Desktop,355,279,781,0.42,95.6,7
2024-12-23,Direct,Mobile,413,392,1820,0.679,146.3,2
2024-12-23,Direct,Tablet,65,55,276,0.604,101.7,0
2024-12-23,Email,Desktop,127,100,250,0.616,133.5,2
2024-12-23,Email,Mobile,218,194,456,0.388,203.5,5
2024-12-23,Email,Tablet,27,21,116,0.496,204.9,0
2024-12-23,Referral,Desktop,123,103,339,0.441,228.7,3
2024-12-23,Referral,Mobile,189,148,769,0.531,63.9,3
2024-12-23,Referral,Tablet,22,19,74,0.54,203.0,0
2024-12-24,Organic Search,Desktop,953,758,3677,0.667,52.3,27
2024-12-24,Organic Search,Mobile,1325,1187,5189,0.335,173.6,24
2024-12-24,Organic Search,Tablet,214,174,948,0.59,45.7,2
2024-12-24,Paid Search,Desktop,418,345,1576,0.616,56.0,4
2024-12-24,Paid Search,Mobile,578,548,1464,0.466,165.2,3
2024-12-24,Paid Search,Tablet,90,78,353,0.317,224.6,0
2024-12-24,Social,Desktop,548,415,2461,0.536,74.0,13
2024-12-24,Social,Mobile,804,658,2013,0.6,108.2,20
2024-12-24,Social,Tablet,85,68,230,0.548,93.7,1
2024-12-24,Direct,Desktop,357,304,1004,0.352,151.4,8
2024-12-24,Direct,Mobile,459,387,1010,0.557,89.2,4
2024-12-24,Direct,Tablet,74,65,144,0.469,213.0,1
2024-12-24,Email,Desktop,156,130,578,0.443,49.8,1
2024-12-24,Email,Mobile,210,192,421,0.337,140.1,1
2024-12-24,Email,Tablet,28,26,64,0.349,68.0,0
2024-12-24,Referral,Desktop,120,97,337,0.362,231.9,0
2024-12-24,Referral,Mobile,127,106,410,0.367,105.4,3
2024-12-24,Referral,Tablet,25,20,107,0.558,184.0,0
2024-12-25,Organic Search,Desktop,833,735,3127,0.474,193.7,17
2024-12-25,Organic Search,Mobile,1244,1107,3176,0.69,222.1,30
2024-12-25,Organic Search,Tablet,223,168,497,0.602,120.5,4
2024-12-25,Paid Search,Desktop,482,407,1078,0.551,75.5,8
2024-12-25,Paid Search,Mobile,515,394,1920,0.387,72.0,11
2024-12-25,Paid Search,Tablet,75,61,194,0.582,77.0,0
2024-12-25,Social,Desktop,502,463,2069,0.567,76.4,3
2024-12-25,Social,Mobile,740,596,2278,0.348,106.0,15
2024-12-25,Social,Tablet,107,95,312,0.398,121.7,1
2024-12-25,Direct,Desktop,385,330,1191,0.571,118.9,3
2024-12-25,Direct,Mobile,461,423,1867,0.625,99.3,6
2024-12-25,Direct,Tablet,86,69,204,0.51,133.4,1
2024-12-25,Email,Desktop,144,133,432,0.395,64.8,3
2024-12-25,Email,Mobile,156,123,447,0.644,186.7,2
2024-12-25,Email,Tablet,24,18,84,0.625,115.7,0
2024-12-25,Referral,Desktop,127,105,437,0.452,179.5,2
2024-12-25,Referral,Mobile,148,140,617,0.319,218.1,3
2024-12-25,Referral,Tablet,22,19,73,0.671,54.0,0
2024-12-26,Organic Search,Desktop,1080,876,4282,0.401,169.9,22
2024-12-26,Organic Search,Mobile,1329,1075,3697,0.463,236.1,31
2024-12-26,Organic Search,Tablet,218,196,964,0.35,167.6,5
2024-12-26,Paid Search,Desktop,461,414,1819,0.533,120.9,3
2024-12-26,Paid Search,Mobile,538,496,1721,0.699,84.9,13
2024-12-26,Paid Search,Tablet,82,69,238,0.324,160.0,1
2024-12-26,Social,Desktop,487,436,1232,0.6,95.4,10
2024-12-26,Social,Mobile,760,668,3132,0.694,227.3,4
2024-12-26,Social,Tablet,110,99,266,0.402,76.3,1
2024-12-26,Direct,Desktop,347,302,1446,0.415,204.4,4
2024-12-26,Direct,Mobile,406,330,968,0.536,199.1,7
2024-12-26,Direct,Tablet,70,60,264,0.682,107.8,1
2024-12-26,Email,Desktop,138,112,527,0.661,213.4,3
2024-12-26,Email,Mobile,171,160,481,0.471,208.2,2
2024-12-26,Email,Tablet,29,27,118,0.492,167.5,0
2024-12-26,Referral,Desktop,114,107,336,0.594,61.6,0
2024-12-26,Referral,Mobile,145,130,542,0.515,236.7,2
2024-12-26,Referral,Tablet,23,19,88,0.557,176.6,0
2024-12-27,Organic Search,Desktop,1047,972,3243,0.301,238.2,6
2024-12-27,Organic Search,Mobile,1149,900,2842,0.604,126.8,21
2024-12-27,Organic Search,Tablet,216,183,674,0.442,204.0,4
2024-12-27,Paid Search,Desktop,482,453,987,0.589,217.6,11
2024-12-27,Paid Search,Mobile,501,443,1049,0.388,210.2,3
2024-12-27,Paid Search,Tablet,74,59,170,0.413,122.7,0
2024-12-27,Social,Desktop,547,469,1200,0.424,180.8,10
2024-12-27,Social,Mobile,737,574,1869,0.692,232.4,13
2024-12-27,Social,Tablet,124,112,470,0.486,104.3,2
2024-12-27,Direct,Desktop,380,312,1602,0.368,67.5,9
2024-12-27,Direct,Mobile,486,448,1332,0.462,92.3,10
2024-12-27,Direct,Tablet,64,51,229,0.506,197.8,0
2024-12-27,Email,Desktop,134,125,384,0.645,91.3,2
2024-12-27,Email,Mobile,178,153,574,0.448,167.8,1
2024-12-27,Email,Tablet,24,20,106,0.385,202.8,0
2024-12-27,Referral,Desktop,98,87,377,0.507,236.9,2
2024-12-27,Referral,Mobile,155,121,297,0.369,51.6,3
2024-12-27,Referral,Tablet,24,18,67,0.499,228.5,0
2024-12-28,Organic Search,Desktop,1212,1139,3930,0.452,146.5,23
2024-12-28,Organic Search,Mobile,1673,1452,5973,0.525,145.5,47
2024-12-28,Organic Search,Tablet,196,162,601,0.598,229.4,5
2024-12-28,Paid Search,Desktop,498,415,1789,0.305,51.1,12
2024-12-28,Paid Search,Mobile,592,472,1067,0.634,234.2,15
2024-12-28,Paid Search,Tablet,84,74,287,0.668,49.5,2
2024-12-28,Social,Desktop,593,522,1280,0.414,142.0,13
2024-12-28,Social,Mobile,774,646,2279,0.404,183.1,8
2024-12-28,Social,Tablet,119,107,446,0.342,200.6,2
2024-12-28,Direct,Desktop,402,312,1396,0.478,160.8,7
2024-12-28,Direct,Mobile,472,433,934,0.435,123.9,7
2024-12-28,Direct,Tablet,88,82,374,0.687,175.4,1
2024-12-28,Email,Desktop,161,125,326,0.358,47.9,3
2024-12-28,Email,Mobile,198,175,691,0.413,193.0,5
2024-12-28,Email,Tablet,34,29,125,0.577,46.6,0
2024-12-28,Referral,Desktop,134,105,492,0.369,62.0,1
2024-12-28,Referral,Mobile,184,158,755,0.32,84.3,3
2024-12-28,Referral,Tablet,28,26,112,0.621,196.9,0
2024-12-29,Organic Search,Desktop,1188,1060,5338,0.339,56.7,32
2024-12-29,Organic Search,Mobile,1470,1195,5443,0.551,163.9,10
2024-12-29,Organic Search,Tablet,235,183,552,0.341,234.4,6
2024-12-29,Paid Search,Desktop,438,370,868,0.466,145.2,9
2024-12-29,Paid Search,Mobile,558,527,1094,0.538,230.9,6
2024-12-29,Paid Search,Tablet,82,72,155,0.566,165.6,2
2024-12-29,Social,Desktop,589,497,2062,0.508,204.1,4
2024-12-29,Social,Mobile,758,690,1856,0.562,132.4,17
2024-12-29,Social,Tablet,100,86,384,0.657,93.4,2
2024-12-29,Direct,Desktop,424,347,804,0.552,56.4,6
2024-12-29,Direct,Mobile,476,375,1963,0.342,98.7,8
2024-12-29,Direct,Tablet,68,57,269,0.374,51.9,1
2024-12-29,Email,Desktop,178,167,353,0.464,206.4,3
2024-12-29,Email,Mobile,186,161,810,0.501,139.3,2
2024-12-29,Email,Tablet,32,26,105,0.457,142.0,0
2024-12-29,Referral,Desktop,123,97,537,0.545,197.5,2
2024-12-29,Referral,Mobile,177,157,525,0.631,119.5,1
2024-12-29,Referral,Tablet,27,22,118,0.419,127.1,0
2024-12-30,Organic Search,Desktop,1002,817,4464,0.684,52.0,9
2024-12-30,Organic Search,Mobile,1591,1384,3808,0.668,184.5,10
2024-12-30,Organic Search,Tablet,204,154,800,0.51,45.2,5
2024-12-30,Paid Search,Desktop,475,379,1951,0.69,54.5,12
2024-12-30,Paid Search,Mobile,457,389,1141,0.636,224.1,13
2024-12-30,Paid Search,Tablet,68,58,272,0.463,201.7,0
2024-12-30,Social,Desktop,585,484,1848,0.597,135.8,15
2024-12-30,Social,Mobile,775,686,2193,0.669,154.6,19
2024-12-30,Social,Tablet,131,111,300,0.672,197.7,1
2024-12-30,Direct,Desktop,378,332,1066,0.352,188.3,3
2024-12-30,Direct,Mobile,511,477,2066,0.441,214.1,8
2024-12-30,Direct,Tablet,73,65,213,0.644,118.5,0
2024-12-30,Email,Desktop,156,138,443,0.447,100.5,2
2024-12-30,Email,Mobile,207,162,460,0.662,196.6,2
2024-12-30,Email,Tablet,26,23,111,0.678,95.9,0
2024-12-30,Referral,Desktop,96,77,238,0.552,48.3,2
2024-12-30,Referral,Mobile,147,136,578,0.517,160.3,1
2024-12-30,Referral,Tablet,23,19,92,0.444,50.0,0
2024-12-31,Organic Search,Desktop,1143,1054,4171,0.405,179.9,8
2024-12-31,Organic Search,Mobile,1611,1478,3241,0.33,159.8,14
2024-12-31,Organic Search,Tablet,161,147,703,0.323,45.1,3
2024-12-31,Paid Search,Desktop,386,345,812,0.42,187.5,6
2024-12-31,Paid Search,Mobile,583,517,1324,0.592,60.1,4
2024-12-31,Paid Search,Tablet,80,64,343,0.66,104.8,1
2024-12-31,Social,Desktop,609,554,2523,0.417,172.0,9
2024-12-31,Social,Mobile,698,587,1629,0.53,55.6,7
2024-12-31,Social,Tablet,113,91,379,0.617,85.2,2
2024-12-31,Direct,Desktop,393,372,933,0.522,72.0,10
2024-12-31,Direct,Mobile,423,340,1234,0.671,59.5,5
2024-12-31,Direct,Tablet,89,71,341,0.305,218.5,0
2024-12-31,Email,Desktop,117,92,274,0.426,177.9,2
2024-12-31,Email,Mobile,223,198,613,0.512,61.3,1
2024-12-31,Email,Tablet,24,22,102,0.628,110.9,0
2024-12-31,Referral,Desktop,123,104,244,0.313,197.9,3
2024-12-31,Referral,Mobile,142,116,257,0.688,157.1,4
2024-12-31,Referral,Tablet,22,16,91,0.596,151.3,0
2025-01-01,Organic Search,Desktop,918,775,3675,0.407,61.6,10
2025-01-01,Organic Search,Mobile,854,752,3685,0.582,113.5,12
2025-01-01,Organic Search,Tablet,133,112,331,0.437,115.7,0
2025-01-01,Paid Search,Desktop,310,281,606,0.642,216.0,8
2025-01-01,Paid Search,Mobile,313,254,928,0.575,126.9,8
2025-01-01,Paid Search,Tablet,42,34,187,0.643,197.0,1
2025-01-01,Social,Desktop,376,335,989,0.396,72.8,8
2025-01-01,Social,Mobile,478,413,1536,0.371,107.2,8
2025-01-01,Social,Tablet,80,60,357,0.587,185.0,1
2025-01-01,Direct,Desktop,222,177,872,0.449,198.5,3
2025-01-01,Direct,Mobile,302,227,1228,0.396,164.7,7
2025-01-01,Direct,Tablet,46,34,147,0.643,212.1,0
2025-01-01,Email,Desktop,109,102,334,0.434,56.3,2
2025-01-01,Email,Mobile,143,119,543,0.602,113.6,2
2025-01-01,Email,Tablet,21,16,44,0.603,227.2,0
2025-01-01,Referral,Desktop,69,57,124,0.318,88.9,1
2025-01-01,Referral,Mobile,115,100,374,0.472,151.4,0
2025-01-01,Referral,Tablet,10,9,30,0.651,108.1,0
2025-01-02,Organic Search,Desktop,848,800,1961,0.672,116.8,9
2025-01-02,Organic Search,Mobile,727,658,3065,0.438,122.7,5
2025-01-02,Organic Search,Tablet,145,128,415,0.656,177.9,3
2025-01-02,Paid Search,Desktop,323,245,769,0.468,222.5,6
2025-01-02,Paid Search,Mobile,419,337,778,0.32,101.8,5
2025-01-02,Paid Search,Tablet,59,47,119,0.675,84.3,1
2025-01-02,Social,Desktop,375,331,698,0.309,145.9,4
2025-01-02,Social,Mobile,538,419,1862,0.423,164.3,14
2025-01-02,Social,Tablet,62,51,141,0.325,70.8,0
2025-01-02,Direct,Desktop,191,162,818,0.408,148.4,3
2025-01-02,Direct,Mobile,345,287,1171,0.482,192.1,3
2025-01-02,Direct,Tablet,65,58,159,0.625,180.8,1
2025-01-02,Email,Desktop,116,98,427,0.39,155.6,2
2025-01-02,Email,Mobile,143,131,560,0.546,75.8,0
2025-01-02,Email,Tablet,15,11,32,0.384,234.6,0
2025-01-02,Referral,Desktop,77,72,215,0.684,188.8,1
2025-01-02,Referral,Mobile,139,128,371,0.48,47.7,4
2025-01-02,Referral,Tablet,15,13,55,0.565,68.8,0
2025-01-03,Organic Search,Desktop,793,727,1470,0.614,54.6,13
2025-01-03,Organic Search,Mobile,847,776,3143,0.693,62.9,14
2025-01-03,Organic Search,Tablet,140,108,313,0.398,152.8,3
2025-01-03,Paid Search,Desktop,305,265,834,0.624,238.2,2
2025-01-03,Paid Search,Mobile,383,363,692,0.353,203.6,7
2025-01-03,Paid Search,Tablet,57,47,230,0.541,72.8,1
2025-01-03,Social,Desktop,363,290,751,0.502,55.1,3
2025-01-03,Social,Mobile,649,491,2441,0.445,156.7,7
2025-01-03,Social,Tablet,76,63,228,0.67,57.4,1
2025-01-03,Direct,Desktop,302,285,640,0.675,203.6,8
2025-01-03,Direct,Mobile,373,317,1378,0.637,50.5,5
2025-01-03,Direct,Tablet,46,34,149,0.584,233.8,1
2025-01-03,Email,Desktop,108,102,259,0.651,71.8,2
2025-01-03,Email,Mobile,111,101,302,0.445,193.5,2
2025-01-03,Email,Tablet,16,13,49,0.515,49.7,0
2025-01-03,Referral,Desktop,103,88,344,0.554,162.8,2
2025-01-03,Referral,Mobile,80,68,234,0.38,86.4,0
2025-01-03,Referral,Tablet,17,14,33,0.374,158.0,0
2025-01-04,Organic Search,Desktop,710,669,1336,0.663,151.0,11
2025-01-04,Organic Search,Mobile,1083,876,3902,0.487,124.8,19
2025-01-04,Organic Search,Tablet,151,120,511,0.31,229.8,2
2025-01-04,Paid Search,Desktop,302,259,901,0.426,141.6,8
2025-01-04,Paid Search,Mobile,403,340,1805,0.657,146.1,5
2025-01-04,Paid Search,Tablet,72,65,141,0.378,55.1,1
2025-01-04,Social,Desktop,316,271,1073,0.469,80.8,5
2025-01-04,Social,Mobile,549,452,2251,0.67,214.0,6
2025-01-04,Social,Tablet,69,65,309,0.364,71.9,1
2025-01-04,Direct,Desktop,352,266,1174,0.57,214.4,4
2025-01-04,Direct,Mobile,354,283,1530,0.621,181.2,5
2025-01-04,Direct,Tablet,45,36,144,0.408,70.0,0
2025-01-04,Email,Desktop,86,64,199,0.492,233.8,1
2025-01-04,Email,Mobile,135,127,338,0.564,90.3,3
2025-01-04,Email,Tablet,24,18,72,0.683,219.9,0
2025-01-04,Referral,Desktop,65,55,127,0.302,158.3,1
2025-01-04,Referral,Mobile,124,104,503,0.429,135.5,0
2025-01-04,Referral,Tablet,16,14,54,0.591,46.8,0
2025-01-05,Organic Search,Desktop,560,440,2499,0.656,116.5,12
2025-01-05,Organic Search,Mobile,1024,810,2488,0.403,230.1,30
2025-01-05,Organic Search,Tablet,148,126,527,0.413,93.0,1
2025-01-05,Paid Search,Desktop,351,319,1259,0.594,162.4,6
2025-01-05,Paid Search,Mobile,416,342,1112,0.656,47.2,2
2025-01-05,Paid Search,Tablet,72,55,228,0.566,50.2,1
2025-01-05,Social,Desktop,389,357,988,0.37,205.7,6
2025-01-05,Social,Mobile,450,347,1119,0.457,188.8,6
2025-01-05,Social,Tablet,55,45,102,0.301,134.3,1
2025-01-05,Direct,Desktop,283,215,1208,0.36,159.7,6
2025-01-05,Direct,Mobile,333,310,1052,0.3,69.7,1
2025-01-05,Direct,Tablet,58,46,216,0.361,65.7,0
2025-01-05,Email,Desktop,100,75,383,0.466,76.9,2
2025-01-05,Email,Mobile,189,163,545,0.367,159.7,1
2025-01-05,Email,Tablet,16,14,56,0.351,47.3,0
2025-01-05,Referral,Desktop,89,74,215,0.551,226.1,0
2025-01-05,Referral,Mobile,93,77,236,0.641,234.7,1
2025-01-05,Referral,Tablet,18,13,54,0.372,209.0,0
2025-01-06,Organic Search,Desktop,581,462,2199,0.418,183.9,17
2025-01-06,Organic Search,Mobile,798,726,3186,0.614,224.6,5
2025-01-06,Organic Search,Tablet,154,145,649,0.339,159.5,2
2025-01-06,Paid Search,Desktop,238,193,527,0.363,134.0,4
2025-01-06,Paid Search,Mobile,432,351,1626,0.523,205.1,2
2025-01-06,Paid Search,Tablet,66,60,157,0.544,92.2,0
2025-01-06,Social,Desktop,419,325,991,0.644,90.1,6
2025-01-06,Social,Mobile,624,491,1464,0.327,197.2,17
2025-01-06,Social,Tablet,72,65,267,0.613,112.0,1
2025-01-06,Direct,Desktop,183,142,465,0.656,84.5,4
2025-01-06,Direct,Mobile,318,263,1074,0.602,179.9,8
2025-01-06,Direct,Tablet,39,36,161,0.375,213.9,0
2025-01-06,Email,Desktop,103,94,347,0.683,175.1,2
2025-01-06,Email,Mobile,152,143,275,0.668,210.1,1
2025-01-06,Email,Tablet,21,15,50,0.362,91.4,0
2025-01-06,Referral,Desktop,78,63,199,0.61,47.9,1
2025-01-06,Referral,Mobile,124,113,436,0.556,235.2,1
2025-01-06,Referral,Tablet,17,15,38,0.495,172.0,0
2025-01-07,Organic Search,Desktop,894,734,3641,0.346,68.5,17
2025-01-07,Organic Search,Mobile,1026,893,1999,0.336,171.7,17
2025-01-07,Organic Search,Tablet,114,98,462,0.637,71.5,1
2025-01-07,Paid Search,Desktop,298,248,758,0.57,203.1,5
2025-01-07,Paid Search,Mobile,377,306,1246,0.644,102.1,9
2025-01-07,Paid Search,Tablet,58,43,255,0.397,141.4,1
2025-01-07,Social,Desktop,388,328,754,0.589,181.4,4
2025-01-07,Social,Mobile,466,428,2048,0.666,207.1,4
2025-01-07,Social,Tablet,70,62,149,0.495,51.0,1
2025-01-07,Direct,Desktop,267,248,1171,0.499,64.7,4
2025-01-07,Direct,Mobile,327,270,686,0.345,73.9,2
2025-01-07,Direct,Tablet,32,28,92,0.377,176.0,0
2025-01-07,Email,Desktop,98,92,249,0.643,229.4,1
2025-01-07,Email,Mobile,171,138,489,0.321,175.4,1
2025-01-07,Email,Tablet,17,15,70,0.498,156.3,0
2025-01-07,Referral,Desktop,111,103,459,0.682,118.5,1
2025-01-07,Referral,Mobile,118,102,438,0.543,56.8,1
2025-01-07,Referral,Tablet,18,13,79,0.305,104.8,0
2025-01-08,Organic Search,Desktop,598,560,1955,0.475,78.4,16
2025-01-08,Organic Search,Mobile,1159,881,3809,0.323,127.4,21
2025-01-08,Organic Search,Tablet,165,143,592,0.591,119.9,1
2025-01-08,Paid Search,Desktop,262,215,1023,0.458,187.5,7
2025-01-08,Paid Search,Mobile,422,327,1093,0.598,122.1,3
2025-01-08,Paid Search,Tablet,51,39,149,0.304,115.4,0
2025-01-08,Social,Desktop,369,317,894,0.66,119.4,10
2025-01-08,Social,Mobile,489,371,962,0.406,168.5,13
2025-01-08,Social,Tablet,57,47,136,0.61,56.0,0
2025-01-08,Direct,Desktop,255,238,652,0.547,148.9,1
2025-01-08,Direct,Mobile,272,213,652,0.444,97.2,2
2025-01-08,Direct,Tablet,38,31,169,0.531,224.2,0
2025-01-08,Email,Desktop,87,73,275,0.389,158.7,2
2025-01-08,Email,Mobile,156,139,323,0.547,209.8,2
2025-01-08,Email,Tablet,15,13,31,0.583,234.9,0
2025-01-08,Referral,Desktop,72,64,209,0.536,140.7,1
2025-01-08,Referral,Mobile,71,62,309,0.449,216.9,2
2025-01-08,Referral,Tablet,17,13,37,0.453,74.0,0
2025-01-09,Organic Search,Desktop,402,349,1213,0.471,70.1,2
2025-01-09,Organic Search,Mobile,821,700,1565,0.483,103.6,12
2025-01-09,Organic Search,Tablet,192,179,821,0.567,204.9,5
2025-01-09,Paid Search,Desktop,240,201,1050,0.396,217.4,6
2025-01-09,Paid Search,Mobile,290,220,963,0.413,147.6,7
2025-01-09,Paid Search,Tablet,61,52,252,0.46,161.8,0
2025-01-09,Social,Desktop,476,382,1645,0.415,221.6,6
2025-01-09,Social,Mobile,525,432,2062,0.401,124.0,13
2025-01-09,Social,Tablet,69,61,291,0.495,114.9,0
2025-01-09,Direct,Desktop,182,142,379,0.329,206.7,4
2025-01-09,Direct,Mobile,319,258,1338,0.454,151.8,6
2025-01-09,Direct,Tablet,48,45,155,0.527,174.5,0
2025-01-09,Email,Desktop,96,80,401,0.568,228.6,1
2025-01-09,Email,Mobile,145,109,514,0.568,105.4,4
2025-01-09,Email,Tablet,18,15,63,0.685,121.4,0
2025-01-09,Referral,Desktop,75,66,314,0.636,139.7,1
2025-01-09,Referral,Mobile,102,91,434,0.554,91.0,1
2025-01-09,Referral,Tablet,11,10,45,0.538,79.1,0
2025-01-10,Organic Search,Desktop,584,529,2024,0.452,112.7,5
2025-01-10,Organic Search,Mobile,773,580,2263,0.468,150.6,8
2025-01-10,Organic Search,Tablet,135,114,403,0.671,138.5,3
2025-01-10,Paid Search,Desktop,221,200,458,0.316,147.3,5
2025-01-10,Paid Search,Mobile,299,242,1314,0.313,208.4,8
2025-01-10,Paid Search,Tablet,49,42,204,0.662,59.6,0
2025-01-10,Social,Desktop,294,249,836,0.38,95.2,5
2025-01-10,Social,Mobile,434,384,1062,0.337,131.1,5
2025-01-10,Social,Tablet,49,39,155,0.462,126.0,1
2025-01-10,Direct,Desktop,299,258,619,0.469,108.0,3
2025-01-10,Direct,Mobile,279,259,954,0.358,89.8,1
2025-01-10,Direct,Tablet,53,48,192,0.556,56.6,0
2025-01-10,Email,Desktop,96,78,298,0.397,121.1,2
2025-01-10,Email,Mobile,107,86,251,0.631,212.9,0
2025-01-10,Email,Tablet,19,14,72,0.699,55.5,0
2025-01-10,Referral,Desktop,84,72,375,0.405,171.2,2
2025-01-10,Referral,Mobile,123,108,538,0.57,185.4,1
2025-01-10,Referral,Tablet,16,13,30,0.405,163.2,0
2025-01-11,Organic Search,Desktop,849,805,1856,0.532,135.9,12
2025-01-11,Organic Search,Mobile,1272,1061,4110,0.683,201.6,16
2025-01-11,Organic Search,Tablet,158,148,588,0.668,94.3,4
2025-01-11,Paid Search,Desktop,385,337,1038,0.661,181.7,7
2025-01-11,Paid Search,Mobile,379,305,848,0.382,142.5,8
2025-01-11,Paid Search,Tablet,55,51,143,0.389,78.7,1
2025-01-11,Social,Desktop,413,389,1167,0.501,117.7,6
2025-01-11,Social,Mobile,459,428,1633,0.538,218.1,9
2025-01-11,Social,Tablet,67,57,177,0.637,189.7,1
2025-01-11,Direct,Desktop,252,195,977,0.471,192.6,3
2025-01-11,Direct,Mobile,330,311,1037,0.561,174.3,8
2025-01-11,Direct,Tablet,56,48,206,0.384,195.4,0
2025-01-11,Email,Desktop,94,87,343,0.49,197.3,0
2025-01-11,Email,Mobile,137,120,505,0.432,98.5,4
2025-01-11,Email,Tablet,19,17,55,0.526,167.5,0
2025-01-11,Referral,Desktop,91,77,352,0.678,102.8,0
2025-01-11,Referral,Mobile,115,89,310,0.417,189.1,3
2025-01-11,Referral,Tablet,16,12,29,0.687,153.7,0
2025-01-12,Organic Search,Desktop,929,713,2549,0.351,212.8,24
2025-01-12,Organic Search,Mobile,1277,1175,2514,0.368,61.9,24
2025-01-12,Organic Search,Tablet,112,84,264,0.66,109.7,2
2025-01-12,Paid Search,Desktop,319,244,738,0.506,95.3,5
2025-01-12,Paid Search,Mobile,404,334,936,0.548,50.1,7
2025-01-12,Paid Search,Tablet,74,70,141,0.354,64.0,2
2025-01-12,Social,Desktop,468,385,1001,0.634,183.3,7
2025-01-12,Social,Mobile,516,452,1696,0.326,222.3,12
2025-01-12,Social,Tablet,89,76,195,0.576,100.6,1
2025-01-12,Direct,Desktop,253,231,1136,0.585,70.0,4
2025-01-12,Direct,Mobile,314,282,749,0.599,78.5,9
2025-01-12,Direct,Tablet,54,50,122,0.319,122.2,0
2025-01-12,Email,Desktop,93,87,195,0.387,122.4,1
2025-01-12,Email,Mobile,127,111,490,0.462,205.3,2
2025-01-12,Email,Tablet,22,20,83,0.679,118.2,0
2025-01-12,Referral,Desktop,89,80,342,0.508,88.3,2
2025-01-12,Referral,Mobile,97,78,175,0.317,135.6,1
2025-01-12,Referral,Tablet,19,17,59,0.423,185.8,0
2025-01-13,Organic Search,Desktop,688,551,2475,0.347,128.8,15
2025-01-13,Organic Search,Mobile,1091,959,3153,0.339,80.9,28
2025-01-13,Organic Search,Tablet,195,146,559,0.467,199.2,2
2025-01-13,Paid Search,Desktop,287,240,1156,0.564,148.8,2
2025-01-13,Paid Search,Mobile,407,319,923,0.539,77.7,9
2025-01-13,Paid Search,Tablet,50,37,127,0.456,132.4,0
2025-01-13,Social,Desktop,390,335,757,0.374,80.0,5
2025-01-13,Social,Mobile,542,439,2303,0.69,201.8,6
2025-01-13,Social,Tablet,81,71,258,0.523,168.6,2
2025-01-13,Direct,Desktop,135,124,321,0.474,216.2,2
2025-01-13,Direct,Mobile,311,269,1182,0.477,174.7,4
2025-01-13,Direct,Tablet,50,40,91,0.62,96.0,0
2025-01-13,Email,Desktop,84,69,190,0.434,146.8,1
2025-01-13,Email,Mobile,114,105,381,0.542,209.2,1
2025-01-13,Email,Tablet,20,16,75,0.433,184.5,0
2025-01-13,Referral,Desktop,90,71,325,0.52,214.3,2
2025-01-13,Referral,Mobile,93,77,243,0.483,74.9,2
2025-01-13,Referral,Tablet,15,11,53,0.478,156.3,0
2025-01-14,Organic Search,Desktop,615,513,1374,0.571,208.5,7
2025-01-14,Organic Search,Mobile,929,776,3431,0.574,55.4,22
2025-01-14,Organic Search,Tablet,129,97,374,0.41,206.6,0
2025-01-14,Paid Search,Desktop,316,262,1260,0.627,226.3,2
2025-01-14,Paid Search,Mobile,358,289,1423,0.56,195.5,5
2025-01-14,Paid Search,Tablet,46,35,148,0.374,191.7,1
2025-01-14,Social,Desktop,361,305,672,0.464,204.2,6
2025-01-14,Social,Mobile,572,479,2381,0.369,92.1,3
2025-01-14,Social,Tablet,74,60,253,0.607,119.0,1
2025-01-14,Direct,Desktop,211,184,604,0.608,105.8,1
2025-01-14,Direct,Mobile,342,309,848,0.393,224.1,8
2025-01-14,Direct,Tablet,49,44,121,0.375,103.8,0
2025-01-14,Email,Desktop,106,87,288,0.432,104.2,1
2025-01-14,Email,Mobile,121,114,468,0.546,60.9,2
2025-01-14,Email,Tablet,20,18,68,0.559,215.6,0
2025-01-14,Referral,Desktop,82,73,296,0.683,158.2,2
2025-01-14,Referral,Mobile,93,80,199,0.372,169.3,2
2025-01-14,Referral,Tablet,17,15,38,0.346,203.6,0
2025-01-15,Organic Search,Desktop,881,679,1845,0.572,86.1,11
2025-01-15,Organic Search,Mobile,1035,910,3910,0.553,230.8,10
2025-01-15,Organic Search,Tablet,145,132,345,0.475,209.2,2
2025-01-15,Paid Search,Desktop,297,239,639,0.475,107.6,2
2025-01-15,Paid Search,Mobile,438,414,876,0.633,130.3,10
2025-01-15,Paid Search,Tablet,68,51,259,0.555,112.5,0
2025-01-15,Social,Desktop,311,265,836,0.447,67.9,5
2025-01-15,Social,Mobile,477,414,1472,0.405,51.3,4
2025-01-15,Social,Tablet,69,65,203,0.377,205.2,0
2025-01-15,Direct,Desktop,291,219,667,0.304,50.9,8
2025-01-15,Direct,Mobile,284,234,633,0.348,121.3,2
2025-01-15,Direct,Tablet,34,29,99,0.457,193.0,0
2025-01-15,Email,Desktop,100,92,421,0.48,156.1,0
2025-01-15,Email,Mobile,151,128,518,0.671,160.6,1
2025-01-15,Email,Tablet,16,12,41,0.431,197.2,0
2025-01-15,Referral,Desktop,50,42,170,0.343,150.7,1
2025-01-15,Referral,Mobile,103,80,336,0.303,212.4,2
2025-01-15,Referral,Tablet,17,15,72,0.615,81.9,0
2025-01-16,Organic Search,Desktop,668,512,2010,0.421,78.4,14
2025-01-16,Organic Search,Mobile,989,762,2529,0.466,91.3,22
2025-01-16,Organic Search,Tablet,171,147,695,0.509,90.4,2
2025-01-16,Paid Search,Desktop,271,248,1112,0.457,157.0,5
2025-01-16,Paid Search,Mobile,344,306,1357,0.553,183.6,8
2025-01-16,Paid Search,Tablet,60,45,121,0.449,171.9,1
2025-01-16,Social,Desktop,393,365,1145,0.461,82.0,7
2025-01-16,Social,Mobile,428,347,1545,0.402,206.3,7
2025-01-16,Social,Tablet,60,54,265,0.344,55.0,0
2025-01-16,Direct,Desktop,317,270,1000,0.674,131.8,5
2025-01-16,Direct,Mobile,286,232,699,0.311,80.4,1
2025-01-16,Direct,Tablet,38,30,82,0.382,164.8,0
2025-01-16,Email,Desktop,107,96,479,0.537,204.1,3
2025-01-16,Email,Mobile,143,128,310,0.441,234.6,0
2025-01-16,Email,Tablet,21,19,51,0.525,184.8,0
2025-01-16,Referral,Desktop,85,64,253,0.367,174.8,2
2025-01-16,Referral,Mobile,117,89,381,0.678,49.5,3
2025-01-16,Referral,Tablet,17,13,68,0.453,57.2,0
2025-01-17,Organic Search,Desktop,716,674,2345,0.346,212.2,7
2025-01-17,Organic Search,Mobile,805,619,1756,0.659,214.0,18
2025-01-17,Organic Search,Tablet,156,133,564,0.445,179.4,1
2025-01-17,Paid Search,Desktop,244,218,764,0.62,225.1,1
2025-01-17,Paid Search,Mobile,325,261,1293,0.551,52.3,8
2025-01-17,Paid Search,Tablet,64,59,135,0.53,217.1,1
2025-01-17,Social,Desktop,327,308,655,0.426,124.1,7
2025-01-17,Social,Mobile,504,393,1612,0.565,87.2,8
2025-01-17,Social,Tablet,85,79,311,0.694,180.1,0
2025-01-17,Direct,Desktop,264,248,787,0.407,215.7,3
2025-01-17,Direct,Mobile,285,256,756,0.406,92.6,3
2025-01-17,Direct,Tablet,36,29,137,0.508,102.1,0
2025-01-17,Email,Desktop,86,73,201,0.506,209.3,0
2025-01-17,Email,Mobile,125,102,536,0.46,131.0,3
2025-01-17,Email,Tablet,22,18,42,0.485,46.5,0
2025-01-17,Referral,Desktop,78,68,190,0.42,172.3,2
2025-01-17,Referral,Mobile,70,63,296,0.679,166.3,1
2025-01-17,Referral,Tablet,16,14,37,0.66,155.9,0
2025-01-18,Organic Search,Desktop,712,672,3060,0.651,52.2,19
2025-01-18,Organic Search,Mobile,1219,1017,4283,0.426,149.5,24
2025-01-18,Organic Search,Tablet,152,123,377,0.463,80.8,3
2025-01-18,Paid Search,Desktop,323,245,742,0.531,110.4,9
2025-01-18,Paid Search,Mobile,397,309,919,0.637,63.3,6
2025-01-18,Paid Search,Tablet,62,46,249,0.542,52.6,0
2025-01-18,Social,Desktop,356,293,1073,0.397,146.8,1
2025-01-18,Social,Mobile,568,426,2086,0.334,174.0,5
2025-01-18,Social,Tablet,79,61,303,0.437,47.5,0
2025-01-18,Direct,Desktop,312,292,1208,0.618,194.2,6
2025-01-18,Direct,Mobile,301,277,1257,0.438,67.8,8
2025-01-18,Direct,Tablet,52,48,182,0.345,117.0,1
2025-01-18,Email,Desktop,106,99,298,0.488,102.4,1
2025-01-18,Email,Mobile,125,97,485,0.589,192.0,1
2025-01-18,Email,Tablet,23,17,67,0.626,201.0,0
2025-01-18,Referral,Desktop,109,101,336,0.489,226.7,1
2025-01-18,Referral,Mobile,109,96,487,0.338,87.2,2
2025-01-18,Referral,Tablet,17,15,46,0.57,93.6,0
2025-01-19,Organic Search,Desktop,813,762,2314,0.352,63.6,16
2025-01-19,Organic Search,Mobile,946,872,2403,0.474,78.9,7
2025-01-19,Organic Search,Tablet,162,134,330,0.597,56.5,3
2025-01-19,Paid Search,Desktop,227,214,448,0.659,59.1,2
2025-01-19,Paid Search,Mobile,492,428,1081,0.633,64.1,10
2025-01-19,Paid Search,Tablet,68,52,268,0.629,144.5,0
2025-01-19,Social,Desktop,353,328,862,0.679,163.2,2
2025-01-19,Social,Mobile,569,467,1280,0.522,181.9,13
2025-01-19,Social,Tablet,77,65,323,0.455,223.8,0
2025-01-19,Direct,Desktop,215,181,859,0.411,237.8,6
2025-01-19,Direct,Mobile,390,304,936,0.546,164.6,4
2025-01-19,Direct,Tablet,51,45,147,0.69,136.2,0
2025-01-19,Email,Desktop,147,119,516,0.659,163.1,2
2025-01-19,Email,Mobile,115,99,365,0.474,50.8,2
2025-01-19,Email,Tablet,28,24,114,0.685,212.6,0
2025-01-19,Referral,Desktop,76,69,185,0.447,176.6,0
2025-01-19,Referral,Mobile,120,95,490,0.53,46.6,1
2025-01-19,Referral,Tablet,13,11,54,0.416,150.5,0
2025-01-20,Organic Search,Desktop,580,451,1134,0.374,111.1,13
2025-01-20,Organic Search,Mobile,705,569,2795,0.583,152.2,9
2025-01-20,Organic Search,Tablet,123,98,513,0.679,45.5,1
2025-01-20,Paid Search,Desktop,310,240,840,0.376,82.1,7
2025-01-20,Paid Search,Mobile,317,268,1259,0.544,238.5,7
2025-01-20,Paid Search,Tablet,40,30,160,0.526,63.3,0
2025-01-20,Social,Desktop,293,231,1078,0.68,102.9,3
2025-01-20,Social,Mobile,431,337,1921,0.654,215.6,10
2025-01-20,Social,Tablet,80,60,247,0.649,239.6,0
2025-01-20,Direct,Desktop,204,178,512,0.373,97.2,2
2025-01-20,Direct,Mobile,438,402,1215,0.617,210.9,2
2025-01-20,Direct,Tablet,39,35,150,0.461,177.9,0
2025-01-20,Email,Desktop,116,107,217,0.438,104.7,2
2025-01-20,Email,Mobile,131,114,441,0.391,135.8,2
2025-01-20,Email,Tablet,19,17,68,0.419,96.5,0
2025-01-20,Referral,Desktop,110,95,237,0.408,173.5,3
2025-01-20,Referral,Mobile,106,85,303,0.592,210.3,3
2025-01-20,Referral,Tablet,17,16,73,0.548,238.3,0
2025-01-21,Organic Search,Desktop,688,587,1564,0.62,122.1,17
2025-01-21,Organic Search,Mobile,978,840,3038,0.408,233.5,10
2025-01-21,Organic Search,Tablet,151,119,312,0.344,141.6,2
2025-01-21,Paid Search,Desktop,287,228,646,0.332,120.7,3
2025-01-21,Paid Search,Mobile,455,370,1418,0.642,104.3,9
2025-01-21,Paid Search,Tablet,57,48,172,0.472,214.7,0
2025-01-21,Social,Desktop,259,244,907,0.524,118.8,4
2025-01-21,Social,Mobile,343,258,1260,0.399,146.7,9
2025-01-21,Social,Tablet,89,83,388,0.395,168.1,1
2025-01-21,Direct,Desktop,220,194,611,0.347,178.5,4
2025-01-21,Direct,Mobile,368,277,1016,0.643,192.8,6
2025-01-21,Direct,Tablet,40,31,115,0.602,83.8,1
2025-01-21,Email,Desktop,89,74,312,0.573,217.1,2
2025-01-21,Email,Mobile,166,135,369,0.412,109.9,4
2025-01-21,Email,Tablet,17,14,68,0.656,124.6,0
2025-01-21,Referral,Desktop,91,70,167,0.315,175.5,2
2025-01-21,Referral,Mobile,106,98,257,0.403,126.6,2
2025-01-21,Referral,Tablet,19,15,39,0.681,185.5,0
2025-01-22,Organic Search,Desktop,738,693,2769,0.568,136.1,19
2025-01-22,Organic Search,Mobile,1111,883,4960,0.513,190.2,15
2025-01-22,Organic Search,Tablet,143,107,481,0.438,92.1,2
2025-01-22,Paid Search,Desktop,325,246,1092,0.597,92.7,9
2025-01-22,Paid Search,Mobile,363,274,826,0.505,190.6,2
2025-01-22,Paid Search,Tablet,67,58,184,0.491,91.1,1
2025-01-22,Social,Desktop,329,306,1236,0.461,124.5,4
2025-01-22,Social,Mobile,611,560,1574,0.526,58.2,12
2025-01-22,Social,Tablet,77,66,213,0.641,198.2,0
2025-01-22,Direct,Desktop,283,254,871,0.345,94.1,2
2025-01-22,Direct,Mobile,261,199,675,0.48,115.4,4
2025-01-22,Direct,Tablet,50,43,192,0.567,113.4,0
2025-01-22,Email,Desktop,77,61,225,0.658,114.3,1
2025-01-22,Email,Mobile,171,130,640,0.68,54.6,1
2025-01-22,Email,Tablet,22,18,53,0.403,46.8,0
2025-01-22,Referral,Desktop,69,65,200,0.579,177.2,0
2025-01-22,Referral,Mobile,104,84,439,0.584,130.8,2
2025-01-22,Referral,Tablet,14,11,30,0.681,185.4,0
2025-01-23,Organic Search,Desktop,764,623,2538,0.673,193.5,21
2025-01-23,Organic Search,Mobile,1027,796,2782,0.441,123.3,15
2025-01-23,Organic Search,Tablet,141,111,478,0.618,82.1,2
2025-01-23,Paid Search,Desktop,337,302,639,0.319,48.0,3
2025-01-23,Paid Search,Mobile,284,233,721,0.628,132.6,7
2025-01-23,Paid Search,Tablet,50,38,130,0.362,220.7,1
2025-01-23,Social,Desktop,336,270,879,0.558,137.8,7
2025-01-23,Social,Mobile,366,286,1477,0.59,78.1,4
2025-01-23,Social,Tablet,63,54,162,0.617,66.3,0
2025-01-23,Direct,Desktop,281,247,1172,0.451,168.6,1
2025-01-23,Direct,Mobile,326,265,1089,0.598,134.4,2
2025-01-23,Direct,Tablet,50,44,95,0.414,126.6,1
2025-01-23,Email,Desktop,96,77,422,0.545,160.5,0
2025-01-23,Email,Mobile,141,119,449,0.424,137.7,2
2025-01-23,Email,Tablet,21,17,50,0.329,104.5,0
2025-01-23,Referral,Desktop,77,68,143,0.426,69.0,1
2025-01-23,Referral,Mobile,74,69,297,0.568,88.7,0
2025-01-23,Referral,Tablet,17,13,38,0.544,231.5,0
2025-01-24,Organic Search,Desktop,757,704,2320,0.422,45.5,11
2025-01-24,Organic Search,Mobile,923,709,2091,0.486,54.9,25
2025-01-24,Organic Search,Tablet,135,118,592,0.507,110.6,2
2025-01-24,Paid Search,Desktop,256,208,577,0.572,51.2,2
2025-01-24,Paid Search,Mobile,309,288,680,0.538,151.9,7
2025-01-24,Paid Search,Tablet,43,39,80,0.67,114.3,0
2025-01-24,Social,Desktop,307,259,682,0.396,119.6,7
2025-01-24,Social,Mobile,472,370,1769,0.345,90.6,9
2025-01-24,Social,Tablet,94,71,274,0.557,166.7,1
2025-01-24,Direct,Desktop,228,194,437,0.451,167.6,2
2025-01-24,Direct,Mobile,313,236,993,0.317,68.8,7
2025-01-24,Direct,Tablet,57,49,228,0.329,165.4,0
2025-01-24,Email,Desktop,110,92,279,0.657,51.2,0
2025-01-24,Email,Mobile,129,118,551,0.312,202.4,0
2025-01-24,Email,Tablet,18,13,70,0.672,150.5,0
2025-01-24,Referral,Desktop,64,53,262,0.686,98.5,1
2025-01-24,Referral,Mobile,121,113,398,0.577,221.5,0
2025-01-24,Referral,Tablet,19,17,82,0.542,132.2,0
2025-01-25,Organic Search,Desktop,821,665,3055,0.32,201.9,10
2025-01-25,Organic Search,Mobile,1206,909,5226,0.314,199.3,15
2025-01-25,Organic Search,Tablet,154,131,619,0.471,237.0,2
2025-01-25,Paid Search,Desktop,263,249,783,0.321,73.0,3
2025-01-25,Paid Search,Mobile,398,341,1256,0.465,167.0,6
2025-01-25,Paid Search,Tablet,75,60,322,0.384,158.1,1
2025-01-25,Social,Desktop,440,403,1340,0.399,195.3,12
2025-01-25,Social,Mobile,486,420,2163,0.559,155.7,8
2025-01-25,Social,Tablet,55,48,218,0.315,86.7,1
2025-01-25,Direct,Desktop,276,249,865,0.366,201.7,3
2025-01-25,Direct,Mobile,363,282,1428,0.581,57.4,2
2025-01-25,Direct,Tablet,50,42,142,0.342,149.9,1
2025-01-25,Email,Desktop,116,99,251,0.512,79.9,1
2025-01-25,Email,Mobile,160,123,424,0.522,95.2,3
2025-01-25,Email,Tablet,26,22,70,0.474,79.6,0
2025-01-25,Referral,Desktop,101,89,327,0.561,164.4,1
2025-01-25,Referral,Mobile,109,100,302,0.659,92.9,1
2025-01-25,Referral,Tablet,15,13,36,0.689,149.5,0
2025-01-26,Organic Search,Desktop,670,635,1534,0.602,74.7,11
2025-01-26,Organic Search,Mobile,792,727,2197,0.377,109.4,19
2025-01-26,Organic Search,Tablet,175,145,687,0.505,66.3,2
2025-01-26,Paid Search,Desktop,300,267,940,0.408,134.0,6
2025-01-26,Paid Search,Mobile,438,341,1702,0.339,79.2,11
2025-01-26,Paid Search,Tablet,55,43,196,0.696,167.8,0
2025-01-26,Social,Desktop,360,275,758,0.302,233.6,6
2025-01-26,Social,Mobile,571,446,2564,0.5,81.8,4
2025-01-26,Social,Tablet,77,65,276,0.391,169.5,0
2025-01-26,Direct,Desktop,235,187,790,0.362,229.1,6
2025-01-26,Direct,Mobile,332,261,763,0.656,88.8,3
2025-01-26,Direct,Tablet,55,41,169,0.494,126.3,0
2025-01-26,Email,Desktop,125,110,273,0.357,181.9,1
2025-01-26,Email,Mobile,125,114,409,0.361,128.8,1
2025-01-26,Email,Tablet,21,16,46,0.619,217.1,0
2025-01-26,Referral,Desktop,97,76,366,0.368,108.1,1
2025-01-26,Referral,Mobile,77,61,277,0.548,159.6,0
2025-01-26,Referral,Tablet,17,15,58,0.398,52.1,0
2025-01-27,Organic Search,Desktop,582,479,2490,0.628,105.1,5
2025-01-27,Organic Search,Mobile,958,906,4195,0.479,60.7,14
2025-01-27,Organic Search,Tablet,166,149,466,0.31,46.5,2
2025-01-27,Paid Search,Desktop,275,239,600,0.649,45.5,4
2025-01-27,Paid Search,Mobile,392,353,1588,0.607,151.0,8
2025-01-27,Paid Search,Tablet,64,52,252,0.664,182.3,0
2025-01-27,Social,Desktop,294,236,836,0.395,179.3,3
2025-01-27,Social,Mobile,448,348,1224,0.417,236.7,8
2025-01-27,Social,Tablet,61,53,239,0.455,187.2,0
2025-01-27,Direct,Desktop,252,211,813,0.434,68.6,2
2025-01-27,Direct,Mobile,310,259,1362,0.328,73.0,3
2025-01-27,Direct,Tablet,53,46,106,0.531,230.2,0
2025-01-27,Email,Desktop,78,65,264,0.553,145.2,1
2025-01-27,Email,Mobile,129,119,549,0.691,140.7,1
2025-01-27,Email,Tablet,18,15,40,0.506,135.5,0
2025-01-27,Referral,Desktop,92,78,255,0.425,189.2,1
2025-01-27,Referral,Mobile,113,93,358,0.335,190.0,1
2025-01-27,Referral,Tablet,12,10,51,0.362,115.8,0
2025-01-28,Organic Search,Desktop,640,522,1652,0.537,176.7,12
2025-01-28,Organic Search,Mobile,1058,796,3220,0.514,224.6,21
2025-01-28,Organic Search,Tablet,126,106,564,0.318,210.0,2
2025-01-28,Paid Search,Desktop,260,219,528,0.451,167.1,6
2025-01-28,Paid Search,Mobile,363,337,803,0.664,239.2,2
2025-01-28,Paid Search,Tablet,59,53,142,0.346,83.3,1
2025-01-28,Social,Desktop,344,310,699,0.596,233.1,3
2025-01-28,Social,Mobile,400,341,1500,0.525,162.3,9
2025-01-28,Social,Tablet,50,42,94,0.509,51.3,1
2025-01-28,Direct,Desktop,219,202,960,0.388,70.3,4
2025-01-28,Direct,Mobile,395,369,975,0.513,133.0,6
2025-01-28,Direct,Tablet,47,42,131,0.496,191.9,0
2025-01-28,Email,Desktop,93,73,266,0.486,182.0,0
2025-01-28,Email,Mobile,109,81,372,0.557,131.0,1
2025-01-28,Email,Tablet,20,15,57,0.302,153.3,0
2025-01-28,Referral,Desktop,62,56,201,0.542,237.5,1
2025-01-28,Referral,Mobile,111,104,200,0.366,67.5,0
2025-01-28,Referral,Tablet,17,14,39,0.415,186.6,0
2025-01-29,Organic Search,Desktop,631,573,1919,0.66,127.2,14
2025-01-29,Organic Search,Mobile,979,844,4305,0.6,113.9,12
2025-01-29,Organic Search,Tablet,126,107,378,0.372,115.4,2
2025-01-29,Paid Search,Desktop,320,274,771,0.634,181.2,5
2025-01-29,Paid Search,Mobile,242,187,784,0.385,88.6,1
2025-01-29,Paid Search,Tablet,59,53,265,0.533,81.6,0
2025-01-29,Social,Desktop,368,326,1102,0.684,60.1,2
2025-01-29,Social,Mobile,499,414,1650,0.623,235.7,7
2025-01-29,Social,Tablet,71,59,130,0.537,131.6,1
2025-01-29,Direct,Desktop,256,242,1150,0.533,55.6,5
2025-01-29,Direct,Mobile,419,325,1427,0.413,181.6,9
2025-01-29,Direct,Tablet,35,29,78,0.695,238.3,0
2025-01-29,Email,Desktop,107,85,352,0.637,235.6,1
2025-01-29,Email,Mobile,113,92,410,0.493,166.6,2
2025-01-29,Email,Tablet,19,15,80,0.638,162.0,0
2025-01-29,Referral,Desktop,82,76,178,0.381,193.5,0
2025-01-29,Referral,Mobile,126,119,390,0.458,216.8,2
2025-01-29,Referral,Tablet,17,15,50,0.607,175.2,0
2025-01-30,Organic Search,Desktop,745,621,1498,0.625,189.8,8
2025-01-30,Organic Search,Mobile,817,764,1613,0.646,108.6,5
2025-01-30,Organic Search,Tablet,146,119,489,0.316,203.3,0
2025-01-30,Paid Search,Desktop,323,262,1415,0.323,208.3,3
2025-01-30,Paid Search,Mobile,321,302,732,0.557,162.0,2
2025-01-30,Paid Search,Tablet,64,57,238,0.638,115.1,1
2025-01-30,Social,Desktop,392,335,1316,0.46,47.4,9
2025-01-30,Social,Mobile,462,426,1155,0.343,167.5,13
2025-01-30,Social,Tablet,87,73,330,0.315,162.9,1
2025-01-30,Direct,Desktop,293,229,1316,0.488,172.4,7
2025-01-30,Direct,Mobile,358,300,871,0.463,117.2,2
2025-01-30,Direct,Tablet,60,51,202,0.345,221.5,0
2025-01-30,Email,Desktop,116,91,288,0.341,205.6,2
2025-01-30,Email,Mobile,119,90,514,0.399,172.3,2
2025-01-30,Email,Tablet,21,18,48,0.61,188.0,0
2025-01-30,Referral,Desktop,65,55,231,0.577,110.6,0
2025-01-30,Referral,Mobile,104,83,344,0.421,68.8,1
2025-01-30,Referral,Tablet,19,15,66,0.391,148.1,0
2025-01-31,Organic Search,Desktop,680,640,2048,0.678,90.0,4
2025-01-31,Organic Search,Mobile,971,893,1941,0.448,139.1,16
2025-01-31,Organic Search,Tablet,167,148,372,0.643,67.9,3
2025-01-31,Paid Search,Desktop,265,217,754,0.489,197.0,3
2025-01-31,Paid Search,Mobile,293,229,821,0.47,92.7,7
2025-01-31,Paid Search,Tablet,36,32,133,0.674,106.4,1
2025-01-31,Social,Desktop,328,310,633,0.536,118.7,8
2025-01-31,Social,Mobile,426,356,1299,0.602,224.8,4
2025-01-31,Social,Tablet,76,68,157,0.371,54.3,0
2025-01-31,Direct,Desktop,195,159,679,0.613,144.7,5
2025-01-31,Direct,Mobile,340,320,937,0.346,69.0,4
2025-01-31,Direct,Tablet,50,42,178,0.386,122.1,0
2025-01-31,Email,Desktop,115,89,471,0.418,45.9,0
2025-01-31,Email,Mobile,155,119,490,0.446,214.3,1
2025-01-31,Email,Tablet,19,17,78,0.5,184.5,0
2025-01-31,Referral,Desktop,101,95,239,0.65,121.5,0
2025-01-31,Referral,Mobile,108,88,313,0.324,172.2,1
2025-01-31,Referral,Tablet,16,12,51,0.323,136.5,0
2025-02-01,Organic Search,Desktop,501,448,1153,0.608,170.6,10
2025-02-01,Organic Search,Mobile,937,773,1733,0.582,114.0,16
2025-02-01,Organic Search,Tablet,142,109,420,0.329,158.1,1
2025-02-01,Paid Search,Desktop,233,215,926,0.41,169.5,2
2025-02-01,Paid Search,Mobile,464,426,1110,0.389,106.9,7
2025-02-01,Paid Search,Tablet,63,59,207,0.633,187.2,1
2025-02-01,Social,Desktop,320,288,1010,0.671,71.5,6
2025-02-01,Social,Mobile,434,377,1012,0.442,117.4,9
2025-02-01,Social,Tablet,71,62,237,0.308,79.1,1
2025-02-01,Direct,Desktop,261,229,953,0.536,231.2,4
2025-02-01,Direct,Mobile,273,231,973,0.606,226.2,3
2025-02-01,Direct,Tablet,46,38,180,0.467,150.4,0
2025-02-01,Email,Desktop,95,82,362,0.498,233.9,0
2025-02-01,Email,Mobile,130,116,389,0.543,116.5,1
2025-02-01,Email,Tablet,18,15,75,0.398,127.0,0
2025-02-01,Referral,Desktop,91,74,205,0.57,121.6,1
2025-02-01,Referral,Mobile,103,90,306,0.656,140.7,2
2025-02-01,Referral,Tablet,16,12,49,0.305,158.3,0
2025-02-02,Organic Search,Desktop,660,603,2131,0.327,125.1,14
2025-02-02,Organic Search,Mobile,875,802,2591,0.37,88.2,8
2025-02-02,Organic Search,Tablet,159,123,505,0.548,209.5,2
2025-02-02,Paid Search,Desktop,294,246,571,0.533,205.0,4
2025-02-02,Paid Search,Mobile,467,358,1406,0.535,137.5,3
2025-02-02,Paid Search,Tablet,55,48,129,0.373,187.8,1
2025-02-02,Social,Desktop,430,395,1460,0.698,100.6,7
2025-02-02,Social,Mobile,519,395,1820,0.444,140.0,6
2025-02-02,Social,Tablet,77,70,167,0.648,231.0,0
2025-02-02,Direct,Desktop,209,179,450,0.471,60.6,2
2025-02-02,Direct,Mobile,307,251,1024,0.527,104.5,7
2025-02-02,Direct,Tablet,52,42,177,0.435,238.6,1
2025-02-02,Email,Desktop,120,97,499,0.347,111.2,3
2025-02-02,Email,Mobile,138,117,360,0.388,120.4,1
2025-02-02,Email,Tablet,27,21,86,0.333,149.2,0
2025-02-02,Referral,Desktop,51,40,106,0.38,99.9,0
2025-02-02,Referral,Mobile,136,113,400,0.623,164.3,3
2025-02-02,Referral,Tablet,18,14,54,0.571,45.8,0
2025-02-03,Organic Search,Desktop,486,426,2063,0.411,100.9,4
2025-02-03,Organic Search,Mobile,937,714,2466,0.419,184.7,12
2025-02-03,Organic Search,Tablet,131,119,286,0.54,168.5,2
2025-02-03,Paid Search,Desktop,341,277,896,0.335,216.0,2
2025-02-03,Paid Search,Mobile,400,305,1450,0.387,60.2,7
2025-02-03,Paid Search,Tablet,66,60,214,0.319,208.3,1
2025-02-03,Social,Desktop,346,290,690,0.394,95.8,4
2025-02-03,Social,Mobile,437,352,1723,0.512,54.6,11
2025-02-03,Social,Tablet,52,41,180,0.522,173.1,0
2025-02-03,Direct,Desktop,139,122,408,0.536,48.4,2
2025-02-03,Direct,Mobile,334,254,1283,0.449,141.7,4
2025-02-03,Direct,Tablet,47,35,179,0.575,103.4,1
2025-02-03,Email,Desktop,126,98,276,0.524,223.2,3
2025-02-03,Email,Mobile,148,118,597,0.651,207.9,0
2025-02-03,Email,Tablet,16,13,30,0.64,65.8,0
2025-02-03,Referral,Desktop,96,85,251,0.7,45.3,2
2025-02-03,Referral,Mobile,116,96,487,0.504,155.3,3
2025-02-03,Referral,Tablet,14,10,29,0.338,130.7,0
2025-02-04,Organic Search,Desktop,688,554,2187,0.421,122.6,12
2025-02-04,Organic Search,Mobile,891,815,2729,0.326,201.9,21
2025-02-04,Organic Search,Tablet,174,145,389,0.578,118.1,3
2025-02-04,Paid Search,Desktop,275,251,922,0.569,54.0,3
2025-02-04,Paid Search,Mobile,369,290,785,0.396,159.5,3
2025-02-04,Paid Search,Tablet,54,50,233,0.503,159.4,1
2025-02-04,Social,Desktop,376,352,1392,0.44,147.9,8
2025-02-04,Social,Mobile,439,391,1680,0.509,188.2,11
2025-02-04,Social,Tablet,79,67,158,0.445,198.3,2
2025-02-04,Direct,Desktop,217,172,805,0.625,54.4,5
2025-02-04,Direct,Mobile,298,275,798,0.488,72.1,4
2025-02-04,Direct,Tablet,40,35,140,0.602,181.8,0
2025-02-04,Email,Desktop,103,89,209,0.578,128.9,2
2025-02-04,Email,Mobile,92,82,264,0.515,116.9,1
2025-02-04,Email,Tablet,15,13,53,0.636,104.1,0
2025-02-04,Referral,Desktop,84,71,220,0.434,204.0,1
2025-02-04,Referral,Mobile,61,57,144,0.335,132.3,1
2025-02-04,Referral,Tablet,15,13,60,0.589,107.4,0
2025-02-05,Organic Search,Desktop,482,397,2010,0.656,61.6,9
2025-02-05,Organic Search,Mobile,1017,767,4218,0.503,45.8,12
2025-02-05,Organic Search,Tablet,126,112,306,0.631,209.3,2
2025-02-05,Paid Search,Desktop,164,144,632,0.322,158.0,4
2025-02-05,Paid Search,Mobile,271,249,1147,0.449,180.5,7
2025-02-05,Paid Search,Tablet,54,49,160,0.334,135.2,0
2025-02-05,Social,Desktop,401,326,1384,0.433,118.4,4
2025-02-05,Social,Mobile,501,452,1110,0.509,174.2,9
2025-02-05,Social,Tablet,63,52,263,0.469,95.7,1
2025-02-05,Direct,Desktop,166,129,693,0.631,90.2,4
2025-02-05,Direct,Mobile,249,206,919,0.319,145.4,5
2025-02-05,Direct,Tablet,47,37,125,0.453,211.4,0
2025-02-05,Email,Desktop,102,78,386,0.392,104.6,1
2025-02-05,Email,Mobile,106,81,402,0.307,180.9,0
2025-02-05,Email,Tablet,20,17,47,0.65,84.5,0
2025-02-05,Referral,Desktop,87,81,258,0.544,93.8,1
2025-02-05,Referral,Mobile,104,85,407,0.441,172.9,2
2025-02-05,Referral,Tablet,16,15,50,0.362,117.2,0
2025-02-06,Organic Search,Desktop,647,574,2598,0.38,184.9,13
2025-02-06,Organic Search,Mobile,990,827,4299,0.365,222.9,6
2025-02-06,Organic Search,Tablet,169,155,642,0.473,81.0,1
2025-02-06,Paid Search,Desktop,169,158,498,0.693,130.1,4
2025-02-06,Paid Search,Mobile,375,329,1296,0.7,186.3,8
2025-02-06,Paid Search,Tablet,49,38,91,0.394,140.7,0
2025-02-06,Social,Desktop,374,285,1585,0.362,224.4,4
2025-02-06,Social,Mobile,460,408,916,0.492,45.1,13
2025-02-06,Social,Tablet,72,54,138,0.537,52.8,1
2025-02-06,Direct,Desktop,226,206,505,0.552,109.9,4
2025-02-06,Direct,Mobile,334,264,738,0.68,174.0,4
2025-02-06,Direct,Tablet,45,42,96,0.403,122.4,0
2025-02-06,Email,Desktop,95,74,386,0.441,46.6,1
2025-02-06,Email,Mobile,155,117,333,0.318,216.0,4
2025-02-06,Email,Tablet,17,13,55,0.464,233.8,0
2025-02-06,Referral,Desktop,70,64,293,0.371,220.0,0
2025-02-06,Referral,Mobile,109,96,249,0.3,180.9,1
2025-02-06,Referral,Tablet,13,12,45,0.405,189.2,0
2025-02-07,Organic Search,Desktop,654,602,1279,0.48,98.1,13
2025-02-07,Organic Search,Mobile,981,926,2495,0.566,58.7,10
2025-02-07,Organic Search,Tablet,99,87,260,0.632,139.4,0
2025-02-07,Paid Search,Desktop,222,167,856,0.533,169.3,4
2025-02-07,Paid Search,Mobile,349,285,816,0.588,181.3,7
2025-02-07,Paid Search,Tablet,48,40,206,0.412,181.2,0
2025-02-07,Social,Desktop,283,257,1098,0.369,48.3,6
2025-02-07,Social,Mobile,502,402,2105,0.321,52.8,3
2025-02-07,Social,Tablet,65,55,281,0.42,48.8,1
2025-02-07,Direct,Desktop,250,237,1107,0.31,161.5,1
2025-02-07,Direct,Mobile,324,304,1095,0.509,118.1,9
2025-02-07,Direct,Tablet,44,33,152,0.309,168.7,0
2025-02-07,Email,Desktop,100,80,262,0.389,219.8,0
2025-02-07,Email,Mobile,100,85,250,0.476,185.7,2
2025-02-07,Email,Tablet,22,18,48,0.602,196.0,0
2025-02-07,Referral,Desktop,94,88,232,0.424,130.0,1
2025-02-07,Referral,Mobile,94,87,418,0.38,127.4,2
2025-02-07,Referral,Tablet,16,14,62,0.666,68.7,0
2025-02-08,Organic Search,Desktop,694,615,2444,0.693,61.0,11
2025-02-08,Organic Search,Mobile,1066,1001,2190,0.394,144.0,23
2025-02-08,Organic Search,Tablet,154,125,367,0.55,79.3,2
2025-02-08,Paid Search,Desktop,355,272,1474,0.406,174.0,9
2025-02-08,Paid Search,Mobile,455,348,968,0.443,227.1,6
2025-02-08,Paid Search,Tablet,55,47,127,0.374,104.7,0
2025-02-08,Social,Desktop,293,223,961,0.437,168.4,5
2025-02-08,Social,Mobile,445,346,1865,0.685,164.5,3
2025-02-08,Social,Tablet,75,56,162,0.485,159.0,1
2025-02-08,Direct,Desktop,269,217,580,0.319,161.3,4
2025-02-08,Direct,Mobile,378,316,1335,0.49,122.7,4
2025-02-08,Direct,Tablet,54,50,173,0.558,87.2,1
2025-02-08,Email,Desktop,71,60,227,0.641,147.7,0
2025-02-08,Email,Mobile,112,98,251,0.314,88.9,3
2025-02-08,Email,Tablet,25,19,59,0.598,197.3,0
2025-02-08,Referral,Desktop,80,75,250,0.442,238.8,1
2025-02-08,Referral,Mobile,138,122,431,0.56,118.6,2
2025-02-08,Referral,Tablet,22,17,84,0.64,188.6,0
2025-02-09,Organic Search,Desktop,689,612,2119,0.392,100.4,15
2025-02-09,Organic Search,Mobile,1252,1084,3650,0.521,193.9,6
2025-02-09,Organic Search,Tablet,126,98,419,0.405,89.7,2
2025-02-09,Paid Search,Desktop,243,189,627,0.372,177.9,6
2025-02-09,Paid Search,Mobile,278,259,1118,0.355,176.3,3
2025-02-09,Paid Search,Tablet,67,56,233,0.498,209.3,1
2025-02-09,Social,Desktop,245,229,1020,0.418,174.3,5
2025-02-09,Social,Mobile,417,363,1457,0.314,187.1,11
2025-02-09,Social,Tablet,84,63,207,0.671,187.9,2
2025-02-09,Direct,Desktop,299,228,629,0.492,46.4,3
2025-02-09,Direct,Mobile,408,350,1497,0.415,104.3,6
2025-02-09,Direct,Tablet,63,48,151,0.387,45.2,0
2025-02-09,Email,Desktop,104,84,238,0.658,233.1,0
2025-02-09,Email,Mobile,109,101,319,0.483,172.3,2
2025-02-09,Email,Tablet,14,12,27,0.554,150.4,0
2025-02-09,Referral,Desktop,93,86,397,0.666,233.0,2
2025-02-09,Referral,Mobile,87,81,341,0.375,82.8,0
2025-02-09,Referral,Tablet,17,14,50,0.486,85.6,0
2025-02-10,Organic Search,Desktop,451,360,1708,0.469,66.5,3
2025-02-10,Organic Search,Mobile,773,659,2704,0.488,166.9,11
2025-02-10,Organic Search,Tablet,108,99,377,0.614,183.5,1
2025-02-10,Paid Search,Desktop,278,261,1053,0.505,187.9,3
2025-02-10,Paid Search,Mobile,373,329,731,0.395,61.2,6
2025-02-10,Paid Search,Tablet,38,36,121,0.451,133.3,0
2025-02-10,Social,Desktop,279,247,987,0.318,212.5,7
2025-02-10,Social,Mobile,452,410,1835,0.419,192.6,7
2025-02-10,Social,Tablet,64,56,151,0.481,166.5,1
2025-02-10,Direct,Desktop,167,151,567,0.475,128.2,3
2025-02-10,Direct,Mobile,327,264,1220,0.613,73.8,7
2025-02-10,Direct,Tablet,43,38,117,0.545,49.0,1
2025-02-10,Email,Desktop,107,94,255,0.611,50.9,2
2025-02-10,Email,Mobile,135,106,401,0.512,99.6,1
2025-02-10,Email,Tablet,21,16,42,0.316,132.6,0
2025-02-10,Referral,Desktop,64,56,269,0.564,175.5,0
2025-02-10,Referral,Mobile,96,87,234,0.368,59.3,2
2025-02-10,Referral,Tablet,15,13,59,0.576,91.7,0
2025-02-11,Organic Search,Desktop,762,588,3250,0.577,182.7,4
2025-02-11,Organic Search,Mobile,795,623,2188,0.421,221.3,19
2025-02-11,Organic Search,Tablet,142,130,324,0.371,57.6,1
2025-02-11,Paid Search,Desktop,376,328,1501,0.504,49.2,10
2025-02-11,Paid Search,Mobile,358,323,1536,0.627,102.2,8
2025-02-11,Paid Search,Tablet,59,45,159,0.536,69.3,0
2025-02-11,Social,Desktop,308,273,1308,0.558,208.7,4
2025-02-11,Social,Mobile,392,365,1726,0.351,84.1,1
2025-02-11,Social,Tablet,63,49,201,0.431,68.6,1
2025-02-11,Direct,Desktop,235,223,675,0.566,87.9,2
2025-02-11,Direct,Mobile,216,204,783,0.555,202.3,4
2025-02-11,Direct,Tablet,58,48,224,0.696,50.2,1
2025-02-11,Email,Desktop,81,76,228,0.53,136.4,1
2025-02-11,Email,Mobile,135,102,397,0.457,130.0,2
2025-02-11,Email,Tablet,19,16,39,0.543,138.2,0
2025-02-11,Referral,Desktop,85,79,208,0.593,239.5,1
2025-02-11,Referral,Mobile,88,82,166,0.403,82.1,1
2025-02-11,Referral,Tablet,12,9,50,0.672,134.0,0
2025-02-12,Organic Search,Desktop,589,535,1131,0.406,83.9,17
2025-02-12,Organic Search,Mobile,796,680,3186,0.623,162.2,22
2025-02-12,Organic Search,Tablet,124,96,403,0.651,142.2,3
2025-02-12,Paid Search,Desktop,251,189,991,0.49,107.5,5
2025-02-12,Paid Search,Mobile,415,327,1040,0.504,178.0,10
2025-02-12,Paid Search,Tablet,50,40,118,0.3,112.1,1
2025-02-12,Social,Desktop,458,383,1238,0.549,63.0,3
2025-02-12,Social,Mobile,507,462,2204,0.377,86.2,8
2025-02-12,Social,Tablet,62,56,240,0.473,205.8,0
2025-02-12,Direct,Desktop,264,203,1180,0.358,76.8,4
2025-02-12,Direct,Mobile,335,290,1101,0.555,143.3,9
2025-02-12,Direct,Tablet,37,27,128,0.567,231.2,0
2025-02-12,Email,Desktop,111,101,282,0.35,192.7,1
2025-02-12,Email,Mobile,135,121,271,0.596,111.7,0
2025-02-12,Email,Tablet,19,15,55,0.683,197.2,0
2025-02-12,Referral,Desktop,89,71,308,0.358,162.3,2
2025-02-12,Referral,Mobile,92,81,357,0.689,96.0,0
2025-02-12,Referral,Tablet,15,11,44,0.407,134.1,0
2025-02-13,Organic Search,Desktop,853,690,3125,0.417,61.3,20
2025-02-13,Organic Search,Mobile,973,876,3005,0.353,154.9,8
2025-02-13,Organic Search,Tablet,171,156,453,0.45,70.2,4
2025-02-13,Paid Search,Desktop,238,190,803,0.385,110.3,2
2025-02-13,Paid Search,Mobile,407,319,1106,0.673,206.1,8
2025-02-13,Paid Search,Tablet,53,43,122,0.442,92.1,1
2025-02-13,Social,Desktop,354,312,1231,0.388,176.3,5
2025-02-13,Social,Mobile,548,477,1621,0.567,149.9,13
2025-02-13,Social,Tablet,44,36,107,0.688,116.3,0
2025-02-13,Direct,Desktop,268,253,1104,0.509,190.0,5
2025-02-13,Direct,Mobile,312,295,860,0.499,151.0,5
2025-02-13,Direct,Tablet,42,37,144,0.534,208.4,0
2025-02-13,Email,Desktop,101,91,220,0.643,73.2,1
2025-02-13,Email,Mobile,144,112,582,0.562,203.8,1
2025-02-13,Email,Tablet,19,17,85,0.672,233.6,0
2025-02-13,Referral,Desktop,88,75,190,0.492,104.0,0
2025-02-13,Referral,Mobile,84,70,320,0.531,55.8,1
2025-02-13,Referral,Tablet,13,10,51,0.607,164.1,0
2025-02-14,Organic Search,Desktop,506,416,1333,0.354,180.1,11
2025-02-14,Organic Search,Mobile,817,746,1938,0.453,79.0,11
2025-02-14,Organic Search,Tablet,119,93,461,0.557,239.7,0
2025-02-14,Paid Search,Desktop,216,162,950,0.5,55.5,2
2025-02-14,Paid Search,Mobile,351,277,1254,0.372,47.0,8
2025-02-14,Paid Search,Tablet,58,53,247,0.664,137.5,1
2025-02-14,Social,Desktop,267,215,664,0.627,58.3,7
2025-02-14,Social,Mobile,408,322,1777,0.608,146.6,8
2025-02-14,Social,Tablet,70,66,236,0.436,84.4,0
2025-02-14,Direct,Desktop,239,183,504,0.576,169.7,1
2025-02-14,Direct,Mobile,342,262,755,0.52,123.8,5
2025-02-14,Direct,Tablet,50,46,90,0.479,181.6,0
2025-02-14,Email,Desktop,96,83,278,0.691,99.4,2
2025-02-14,Email,Mobile,119,107,349,0.421,228.6,3
2025-02-14,Email,Tablet,18,16,79,0.686,239.7,0
2025-02-14,Referral,Desktop,82,64,189,0.613,74.9,2
2025-02-14,Referral,Mobile,102,96,251,0.617,103.6,2
2025-02-14,Referral,Tablet,15,13,67,0.645,225.8,0
2025-02-15,Organic Search,Desktop,707,629,2910,0.526,228.2,14
2025-02-15,Organic Search,Mobile,1035,795,2326,0.686,225.8,15
2025-02-15,Organic Search,Tablet,158,127,429,0.638,53.8,2
2025-02-15,Paid Search,Desktop,301,233,1095,0.581,187.8,4
2025-02-15,Paid Search,Mobile,386,336,1125,0.564,110.0,6
2025-02-15,Paid Search,Tablet,62,55,159,0.67,211.8,1
2025-02-15,Social,Desktop,407,380,1488,0.65,89.5,10
2025-02-15,Social,Mobile,498,374,2002,0.307,125.8,4
2025-02-15,Social,Tablet,72,66,236,0.324,90.2,1
2025-02-15,Direct,Desktop,191,178,788,0.427,99.3,4
2025-02-15,Direct,Mobile,292,224,773,0.416,62.0,3
2025-02-15,Direct,Tablet,57,53,111,0.591,113.9,1
2025-02-15,Email,Desktop,107,82,407,0.556,51.7,2
2025-02-15,Email,Mobile,129,97,257,0.473,165.8,0
2025-02-15,Email,Tablet,16,15,49,0.436,126.2,0
2025-02-15,Referral,Desktop,100,76,183,0.33,60.1,2
2025-02-15,Referral,Mobile,96,87,217,0.382,65.1,1
2025-02-15,Referral,Tablet,11,8,42,0.629,161.4,0
2025-02-16,Organic Search,Desktop,893,735,3032,0.445,98.8,12
2025-02-16,Organic Search,Mobile,1026,885,4477,0.584,228.4,15
2025-02-16,Organic Search,Tablet,154,140,617,0.429,136.2,3
2025-02-16,Paid Search,Desktop,346,260,659,0.534,232.4,9
2025-02-16,Paid Search,Mobile,340,285,1248,0.433,217.4,8
2025-02-16,Paid Search,Tablet,44,33,130,0.478,102.2,0
2025-02-16,Social,Desktop,425,387,936,0.656,210.6,3
2025-02-16,Social,Mobile,544,448,1186,0.468,47.9,15
2025-02-16,Social,Tablet,86,70,295,0.489,56.4,2
2025-02-16,Direct,Desktop,230,185,535,0.563,179.8,5
2025-02-16,Direct,Mobile,323,282,1108,0.526,139.5,8
2025-02-16,Direct,Tablet,47,39,114,0.65,112.8,0
2025-02-16,Email,Desktop,95,83,399,0.695,209.1,1
2025-02-16,Email,Mobile,103,82,345,0.34,222.6,1
2025-02-16,Email,Tablet,19,17,76,0.391,59.8,0
2025-02-16,Referral,Desktop,77,69,216,0.382,168.7,0
2025-02-16,Referral,Mobile,114,96,295,0.657,202.1,0
2025-02-16,Referral,Tablet,18,13,45,0.478,158.5,0
2025-02-17,Organic Search,Desktop,702,619,1280,0.495,222.3,16
2025-02-17,Organic Search,Mobile,794,654,3092,0.391,70.4,20
2025-02-17,Organic Search,Tablet,142,116,577,0.595,137.1,3
2025-02-17,Paid Search,Desktop,241,180,617,0.317,85.2,4
2025-02-17,Paid Search,Mobile,413,317,1177,0.469,184.7,10
2025-02-17,Paid Search,Tablet,44,33,135,0.652,108.9,0
2025-02-17,Social,Desktop,256,228,771,0.607,210.7,2
2025-02-17,Social,Mobile,323,249,701,0.632,227.0,6
2025-02-17,Social,Tablet,86,70,163,0.525,168.4,1
2025-02-17,Direct,Desktop,171,153,341,0.687,131.9,4
2025-02-17,Direct,Mobile,231,207,937,0.355,225.5,4
2025-02-17,Direct,Tablet,54,41,223,0.616,187.4,1
2025-02-17,Email,Desktop,82,77,188,0.644,125.0,1
2025-02-17,Email,Mobile,143,135,401,0.655,123.4,3
2025-02-17,Email,Tablet,21,16,58,0.639,203.1,0
2025-02-17,Referral,Desktop,88,77,239,0.514,183.9,1
2025-02-17,Referral,Mobile,103,93,248,0.552,132.7,1
2025-02-17,Referral,Tablet,16,13,33,0.605,139.8,0
2025-02-18,Organic Search,Desktop,816,774,2905,0.694,84.7,6
2025-02-18,Organic Search,Mobile,874,661,2117,0.442,204.8,13
2025-02-18,Organic Search,Tablet,126,107,382,0.628,89.4,1
2025-02-18,Paid Search,Desktop,319,242,1223,0.336,79.0,1
2025-02-18,Paid Search,Mobile,310,269,891,0.648,228.1,7
2025-02-18,Paid Search,Tablet,55,46,238,0.449,120.9,1
2025-02-18,Social,Desktop,337,257,1096,0.682,88.9,7
2025-02-18,Social,Mobile,497,415,1536,0.486,234.9,13
2025-02-18,Social,Tablet,74,61,309,0.376,90.0,1
2025-02-18,Direct,Desktop,234,203,1015,0.436,48.2,2
2025-02-18,Direct,Mobile,297,281,829,0.477,73.9,5
2025-02-18,Direct,Tablet,33,24,105,0.51,170.6,0
2025-02-18,Email,Desktop,92,77,247,0.458,115.0,1
2025-02-18,Email,Mobile,127,113,309,0.557,156.1,0
2025-02-18,Email,Tablet,15,14,46,0.478,192.3,0
2025-02-18,Referral,Desktop,72,60,301,0.391,81.9,0
2025-02-18,Referral,Mobile,110,85,338,0.584,218.5,1
2025-02-18,Referral,Tablet,13,10,32,0.647,134.8,0
2025-02-19,Organic Search,Desktop,748,632,2714,0.457,82.1,10
2025-02-19,Organic Search,Mobile,654,541,2013,0.653,213.9,18
2025-02-19,Organic Search,Tablet,130,106,237,0.677,176.1,2
2025-02-19,Paid Search,Desktop,220,171,798,0.695,166.5,4
2025-02-19,Paid Search,Mobile,373,295,1042,0.332,94.1,10
2025-02-19,Paid Search,Tablet,49,42,194,0.647,180.0,0
2025-02-19,Social,Desktop,359,340,1092,0.613,178.2,3
2025-02-19,Social,Mobile,472,408,1798,0.418,111.9,6
2025-02-19,Social,Tablet,72,60,254,0.568,191.5,1
2025-02-19,Direct,Desktop,242,214,1014,0.55,217.9,1
2025-02-19,Direct,Mobile,337,302,778,0.685,221.2,3
2025-02-19,Direct,Tablet,39,30,163,0.412,230.3,0
2025-02-19,Email,Desktop,84,74,155,0.476,180.1,1
2025-02-19,Email,Mobile,130,102,421,0.664,184.8,2
2025-02-19,Email,Tablet,24,19,54,0.418,123.5,0
2025-02-19,Referral,Desktop,73,57,257,0.641,221.6,1
2025-02-19,Referral,Mobile,92,80,320,0.531,231.0,1
2025-02-19,Referral,Tablet,20,18,72,0.665,202.0,0
2025-02-20,Organic Search,Desktop,723,558,1316,0.395,130.5,20
2025-02-20,Organic Search,Mobile,1245,1075,5162,0.657,92.0,15
2025-02-20,Organic Search,Tablet,128,110,500,0.328,186.9,2
2025-02-20,Paid Search,Desktop,243,212,864,0.58,127.9,6
2025-02-20,Paid Search,Mobile,393,298,1639,0.649,155.9,4
2025-02-20,Paid Search,Tablet,51,38,134,0.468,223.6,1
2025-02-20,Social,Desktop,314,284,1226,0.596,151.4,3
2025-02-20,Social,Mobile,460,354,881,0.613,158.5,2
2025-02-20,Social,Tablet,78,65,322,0.366,185.3,2
2025-02-20,Direct,Desktop,212,185,671,0.409,88.1,3
2025-02-20,Direct,Mobile,295,275,536,0.542,128.7,7
2025-02-20,Direct,Tablet,50,38,159,0.529,168.6,0
2025-02-20,Email,Desktop,78,59,301,0.587,178.7,0
2025-02-20,Email,Mobile,153,132,484,0.42,215.7,3
2025-02-20,Email,Tablet,19,15,38,0.613,65.0,0
2025-02-20,Referral,Desktop,78,72,238,0.339,134.9,0
2025-02-20,Referral,Mobile,87,80,295,0.623,143.8,1
2025-02-20,Referral,Tablet,16,13,33,0.453,182.0,0
2025-02-21,Organic Search,Desktop,762,669,3094,0.322,107.8,6
2025-02-21,Organic Search,Mobile,885,824,2458,0.349,228.5,16
2025-02-21,Organic Search,Tablet,126,95,494,0.398,223.4,2
2025-02-21,Paid Search,Desktop,274,241,1161,0.54,178.0,1
2025-02-21,Paid Search,Mobile,343,259,887,0.671,196.7,8
2025-02-21,Paid Search,Tablet,60,49,133,0.374,66.1,1
2025-02-21,Social,Desktop,384,302,916,0.397,236.9,8
2025-02-21,Social,Mobile,488,381,1156,0.621,148.5,5
2025-02-21,Social,Tablet,57,46,132,0.471,72.3,1
2025-02-21,Direct,Desktop,196,177,846,0.342,208.4,4
2025-02-21,Direct,Mobile,328,270,671,0.595,73.4,9
2025-02-21,Direct,Tablet,47,41,104,0.348,49.8,0
2025-02-21,Email,Desktop,100,83,401,0.414,46.5,1
2025-02-21,Email,Mobile,125,110,534,0.338,120.5,3
2025-02-21,Email,Tablet,12,11,26,0.617,222.2,0
2025-02-21,Referral,Desktop,96,80,402,0.679,139.8,1
2025-02-21,Referral,Mobile,115,104,328,0.695,178.2,1
2025-02-21,Referral,Tablet,17,16,41,0.33,63.9,0
2025-02-22,Organic Search,Desktop,676,524,2329,0.487,189.6,3
2025-02-22,Organic Search,Mobile,966,762,2614,0.51,126.5,14
2025-02-22,Organic Search,Tablet,155,130,295,0.419,209.6,4
2025-02-22,Paid Search,Desktop,316,265,742,0.491,137.5,3
2025-02-22,Paid Search,Mobile,374,328,727,0.59,119.4,3
2025-02-22,Paid Search,Tablet,61,56,126,0.314,82.6,1
2025-02-22,Social,Desktop,405,313,807,0.393,155.4,4
2025-02-22,Social,Mobile,476,402,983,0.41,137.7,12
2025-02-22,Social,Tablet,80,71,160,0.67,108.6,2
2025-02-22,Direct,Desktop,259,235,967,0.465,45.1,2
2025-02-22,Direct,Mobile,294,220,736,0.43,193.3,8
2025-02-22,Direct,Tablet,54,46,222,0.639,82.9,1
2025-02-22,Email,Desktop,107,99,418,0.417,142.6,3
2025-02-22,Email,Mobile,132,112,531,0.522,129.1,0
2025-02-22,Email,Tablet,24,22,93,0.349,84.5,0
2025-02-22,Referral,Desktop,73,62,325,0.564,184.0,1
2025-02-22,Referral,Mobile,75,68,274,0.56,122.6,0
2025-02-22,Referral,Tablet,17,15,72,0.381,100.3,0
2025-02-23,Organic Search,Desktop,739,630,1532,0.35,60.1,7
2025-02-23,Organic Search,Mobile,950,815,3079,0.666,74.5,8
2025-02-23,Organic Search,Tablet,158,126,702,0.405,171.6,0
2025-02-23,Paid Search,Desktop,242,192,899,0.535,102.3,3
2025-02-23,Paid Search,Mobile,429,338,1358,0.668,196.1,4
2025-02-23,Paid Search,Tablet,59,55,170,0.632,52.1,1
2025-02-23,Social,Desktop,415,363,1073,0.307,195.3,5
2025-02-23,Social,Mobile,552,504,1831,0.505,77.3,3
2025-02-23,Social,Tablet,74,57,259,0.466,192.4,1
2025-02-23,Direct,Desktop,251,188,728,0.344,214.9,5
2025-02-23,Direct,Mobile,327,284,1393,0.699,149.1,3
2025-02-23,Direct,Tablet,72,60,230,0.673,213.6,1
2025-02-23,Email,Desktop,99,84,234,0.427,132.2,2
2025-02-23,Email,Mobile,169,159,411,0.411,169.1,3
2025-02-23,Email,Tablet,20,17,37,0.363,207.4,0
2025-02-23,Referral,Desktop,104,85,265,0.685,69.5,1
2025-02-23,Referral,Mobile,101,81,229,0.433,94.0,1
2025-02-23,Referral,Tablet,15,13,66,0.393,198.2,0
2025-02-24,Organic Search,Desktop,683,536,1640,0.574,192.8,4
2025-02-24,Organic Search,Mobile,911,720,2736,0.484,62.4,10
2025-02-24,Organic Search,Tablet,133,118,409,0.677,73.8,0
2025-02-24,Paid Search,Desktop,350,319,865,0.549,172.8,7
2025-02-24,Paid Search,Mobile,368,319,798,0.549,171.2,9
2025-02-24,Paid Search,Tablet,46,39,201,0.511,153.2,0
2025-02-24,Social,Desktop,327,270,1037,0.45,239.7,3
2025-02-24,Social,Mobile,423,334,1816,0.624,160.9,11
2025-02-24,Social,Tablet,74,66,269,0.53,165.1,1
2025-02-24,Direct,Desktop,281,237,874,0.37,178.2,5
2025-02-24,Direct,Mobile,264,239,639,0.562,204.5,6
2025-02-24,Direct,Tablet,37,27,134,0.527,183.3,0
2025-02-24,Email,Desktop,96,84,255,0.412,210.2,2
2025-02-24,Email,Mobile,123,112,268,0.406,98.9,0
2025-02-24,Email,Tablet,14,12,45,0.687,206.6,0
2025-02-24,Referral,Desktop,85,74,290,0.361,147.7,2
2025-02-24,Referral,Mobile,106,90,320,0.328,140.8,2
2025-02-24,Referral,Tablet,16,14,50,0.559,123.5,0
2025-02-25,Organic Search,Desktop,760,632,1935,0.525,88.4,20
2025-02-25,Organic Search,Mobile,859,728,1764,0.421,104.6,25
2025-02-25,Organic Search,Tablet,103,88,245,0.6,171.3,2
2025-02-25,Paid Search,Desktop,258,209,839,0.67,78.0,1
2025-02-25,Paid Search,Mobile,382,319,1223,0.499,165.2,8
2025-02-25,Paid Search,Tablet,42,33,79,0.51,116.6,0
2025-02-25,Social,Desktop,368,341,1211,0.516,217.3,5
2025-02-25,Social,Mobile,503,415,1368,0.663,229.9,7
2025-02-25,Social,Tablet,70,57,275,0.567,77.0,1
2025-02-25,Direct,Desktop,221,207,428,0.419,65.1,3
2025-02-25,Direct,Mobile,247,203,474,0.644,52.6,5
2025-02-25,Direct,Tablet,38,33,110,0.496,53.9,0
2025-02-25,Email,Desktop,91,69,338,0.664,126.5,0
2025-02-25,Email,Mobile,123,111,260,0.63,151.4,2
2025-02-25,Email,Tablet,18,16,72,0.486,93.4,0
2025-02-25,Referral,Desktop,85,69,316,0.384,136.5,0
2025-02-25,Referral,Mobile,85,72,312,0.676,88.4,2
2025-02-25,Referral,Tablet,16,15,34,0.644,163.9,0
2025-02-26,Organic Search,Desktop,600,565,1786,0.606,239.3,7
2025-02-26,Organic Search,Mobile,977,823,3929,0.47,178.9,10
2025-02-26,Organic Search,Tablet,132,105,433,0.6,224.2,1
2025-02-26,Paid Search,Desktop,262,227,617,0.506,92.7,4
2025-02-26,Paid Search,Mobile,394,351,769,0.413,199.4,4
2025-02-26,Paid Search,Tablet,59,54,158,0.686,93.7,0
2025-02-26,Social,Desktop,412,323,1070,0.452,169.8,6
2025-02-26,Social,Mobile,255,192,982,0.413,59.5,3
2025-02-26,Social,Tablet,52,40,187,0.64,185.9,0
2025-02-26,Direct,Desktop,333,283,1249,0.355,68.5,7
2025-02-26,Direct,Mobile,358,337,1031,0.678,217.1,6
2025-02-26,Direct,Tablet,55,51,245,0.413,48.7,1
2025-02-26,Email,Desktop,80,63,144,0.606,197.6,1
2025-02-26,Email,Mobile,141,130,565,0.594,102.3,3
2025-02-26,Email,Tablet,18,14,44,0.609,146.9,0
2025-02-26,Referral,Desktop,82,74,262,0.595,217.9,0
2025-02-26,Referral,Mobile,92,79,384,0.542,235.0,0
2025-02-26,Referral,Tablet,13,11,39,0.419,94.7,0
2025-02-27,Organic Search,Desktop,635,490,2620,0.471,229.7,3
2025-02-27,Organic Search,Mobile,780,734,3130,0.442,155.7,21
2025-02-27,Organic Search,Tablet,117,96,313,0.461,161.8,1
2025-02-27,Paid Search,Desktop,281,247,852,0.688,219.1,4
2025-02-27,Paid Search,Mobile,330,303,786,0.624,239.6,5
2025-02-27,Paid Search,Tablet,55,47,123,0.327,165.4,0
2025-02-27,Social,Desktop,360,308,1402,0.613,58.6,5
2025-02-27,Social,Mobile,440,405,1275,0.67,102.4,5
2025-02-27,Social,Tablet,80,74,318,0.42,73.2,0
2025-02-27,Direct,Desktop,209,179,768,0.503,215.0,4
2025-02-27,Direct,Mobile,343,303,678,0.319,154.2,3
2025-02-27,Direct,Tablet,44,40,106,0.603,124.7,1
2025-02-27,Email,Desktop,85,77,158,0.603,115.2,1
2025-02-27,Email,Mobile,116,96,476,0.426,120.5,2
2025-02-27,Email,Tablet,12,10,23,0.565,92.8,0
2025-02-27,Referral,Desktop,88,68,326,0.354,102.0,1
2025-02-27,Referral,Mobile,97,80,337,0.329,133.2,0
2025-02-27,Referral,Tablet,13,10,41,0.397,64.1,0
2025-02-28,Organic Search,Desktop,693,521,1312,0.373,199.6,19
2025-02-28,Organic Search,Mobile,620,474,2409,0.483,183.2,4
2025-02-28,Organic Search,Tablet,109,102,250,0.577,103.7,1
2025-02-28,Paid Search,Desktop,238,185,714,0.462,193.8,3
2025-02-28,Paid Search,Mobile,385,314,1260,0.684,148.7,2
2025-02-28,Paid Search,Tablet,36,27,137,0.49,131.2,0
2025-02-28,Social,Desktop,337,285,1359,0.625,136.2,8
2025-02-28,Social,Mobile,456,413,1113,0.678,159.9,4
2025-02-28,Social,Tablet,78,71,209,0.367,200.6,2
2025-02-28,Direct,Desktop,204,154,820,0.359,64.8,1
2025-02-28,Direct,Mobile,362,325,930,0.485,218.3,10
2025-02-28,Direct,Tablet,45,40,139,0.552,185.0,1
2025-02-28,Email,Desktop,101,92,381,0.523,170.5,1
2025-02-28,Email,Mobile,132,105,408,0.488,189.5,1
2025-02-28,Email,Tablet,19,14,36,0.527,183.9,0
2025-02-28,Referral,Desktop,54,48,189,0.439,71.5,0
2025-02-28,Referral,Mobile,92,84,299,0.372,84.2,0
2025-02-28,Referral,Tablet,16,14,43,0.591,145.0,0
2025-03-01,Organic Search,Desktop,1000,924,1870,0.306,162.6,21
2025-03-01,Organic Search,Mobile,1034,813,1868,0.357,214.7,12
2025-03-01,Organic Search,Tablet,158,139,418,0.319,116.8,1
2025-03-01,Paid Search,Desktop,291,242,1180,0.482,240.0,3
2025-03-01,Paid Search,Mobile,435,396,1127,0.301,196.0,11
2025-03-01,Paid Search,Tablet,54,44,196,0.68,78.1,0
2025-03-01,Social,Desktop,329,270,794,0.496,220.2,5
2025-03-01,Social,Mobile,546,494,2170,0.367,80.4,16
2025-03-01,Social,Tablet,66,59,216,0.659,78.0,0
2025-03-01,Direct,Desktop,250,227,1056,0.666,182.4,7
2025-03-01,Direct,Mobile,363,340,855,0.526,109.5,3
2025-03-01,Direct,Tablet,50,41,115,0.442,109.9,0
2025-03-01,Email,Desktop,80,60,244,0.595,81.0,1
2025-03-01,Email,Mobile,154,129,464,0.345,228.0,3
2025-03-01,Email,Tablet,21,19,67,0.441,56.2,0
2025-03-01,Referral,Desktop,82,64,215,0.36,137.4,2
2025-03-01,Referral,Mobile,90,77,201,0.569,115.7,1
2025-03-01,Referral,Tablet,22,20,93,0.645,223.8,0
2025-03-02,Organic Search,Desktop,955,803,4097,0.52,130.1,20
2025-03-02,Organic Search,Mobile,1016,900,3945,0.639,163.1,30
2025-03-02,Organic Search,Tablet,127,113,402,0.517,119.9,0
2025-03-02,Paid Search,Desktop,347,302,626,0.645,169.9,6
2025-03-02,Paid Search,Mobile,360,316,1471,0.328,147.0,2
2025-03-02,Paid Search,Tablet,51,47,174,0.343,214.5,1
2025-03-02,Social,Desktop,445,352,1240,0.54,161.6,12
2025-03-02,Social,Mobile,419,344,1189,0.605,210.8,2
2025-03-02,Social,Tablet,63,51,146,0.542,111.1,0
2025-03-02,Direct,Desktop,242,192,497,0.441,149.7,3
2025-03-02,Direct,Mobile,334,259,1495,0.696,112.1,9
2025-03-02,Direct,Tablet,48,43,86,0.361,220.2,1
2025-03-02,Email,Desktop,100,81,308,0.399,126.5,1
2025-03-02,Email,Mobile,152,140,508,0.566,216.6,1
2025-03-02,Email,Tablet,23,19,45,0.372,100.1,0
2025-03-02,Referral,Desktop,88,75,168,0.332,69.7,1
2025-03-02,Referral,Mobile,119,100,234,0.402,102.0,2
2025-03-02,Referral,Tablet,17,15,48,0.523,136.8,0
2025-03-03,Organic Search,Desktop,823,734,2292,0.42,77.5,19
2025-03-03,Organic Search,Mobile,824,730,2534,0.478,198.5,20
2025-03-03,Organic Search,Tablet,120,110,303,0.416,151.5,2
2025-03-03,Paid Search,Desktop,277,214,1208,0.582,211.8,6
2025-03-03,Paid Search,Mobile,412,318,1029,0.58,124.6,3
2025-03-03,Paid Search,Tablet,52,39,137,0.561,129.1,0
2025-03-03,Social,Desktop,393,322,1072,0.655,206.1,8
2025-03-03,Social,Mobile,450,369,912,0.671,82.7,2
2025-03-03,Social,Tablet,64,50,272,0.415,167.9,1
2025-03-03,Direct,Desktop,252,233,628,0.349,107.3,1
2025-03-03,Direct,Mobile,281,215,1148,0.67,51.2,5
2025-03-03,Direct,Tablet,36,32,80,0.627,48.4,0
2025-03-03,Email,Desktop,98,77,206,0.509,158.9,1
2025-03-03,Email,Mobile,155,141,640,0.647,193.0,4
2025-03-03,Email,Tablet,23,19,75,0.388,157.4,0
2025-03-03,Referral,Desktop,78,67,204,0.6,234.9,1
2025-03-03,Referral,Mobile,115,108,268,0.441,173.2,1
2025-03-03,Referral,Tablet,16,14,61,0.594,158.9,0
2025-03-04,Organic Search,Desktop,836,635,3576,0.446,45.4,20
2025-03-04,Organic Search,Mobile,951,837,2993,0.481,119.5,7
2025-03-04,Organic Search,Tablet,124,100,479,0.62,104.3,3
2025-03-04,Paid Search,Desktop,248,210,460,0.654,95.3,6
2025-03-04,Paid Search,Mobile,283,214,686,0.548,223.4,2
2025-03-04,Paid Search,Tablet,49,45,196,0.651,228.2,1
2025-03-04,Social,Desktop,427,404,818,0.666,57.9,2
2025-03-04,Social,Mobile,462,386,1314,0.42,98.8,10
2025-03-04,Social,Tablet,59,44,197,0.304,50.4,0
2025-03-04,Direct,Desktop,255,220,857,0.334,235.1,3
2025-03-04,Direct,Mobile,343,303,826,0.638,164.6,6
2025-03-04,Direct,Tablet,27,21,106,0.412,57.3,0
2025-03-04,Email,Desktop,98,78,428,0.34,120.6,1
2025-03-04,Email,Mobile,137,125,535,0.683,79.2,1
2025-03-04,Email,Tablet,20,18,44,0.424,133.4,0
2025-03-04,Referral,Desktop,73,63,212,0.605,130.5,1
2025-03-04,Referral,Mobile,130,103,244,0.537,136.6,2
2025-03-04,Referral,Tablet,17,13,44,0.606,153.6,0
2025-03-05,Organic Search,Desktop,828,682,3617,0.372,54.8,18
2025-03-05,Organic Search,Mobile,975,736,3523,0.545,228.7,19
2025-03-05,Organic Search,Tablet,163,140,695,0.57,173.4,3
2025-03-05,Paid Search,Desktop,299,239,1078,0.454,179.0,7
2025-03-05,Paid Search,Mobile,432,403,1815,0.334,86.3,7
2025-03-05,Paid Search,Tablet,46,35,132,0.447,46.1,1
2025-03-05,Social,Desktop,373,348,1341,0.413,174.7,10
2025-03-05,Social,Mobile,593,455,1468,0.402,224.3,17
2025-03-05,Social,Tablet,85,65,287,0.59,221.6,2
2025-03-05,Direct,Desktop,297,231,849,0.586,239.7,1
2025-03-05,Direct,Mobile,207,177,453,0.58,64.0,3
2025-03-05,Direct,Tablet,39,35,107,0.614,74.8,0
2025-03-05,Email,Desktop,101,89,201,0.668,168.3,2
2025-03-05,Email,Mobile,183,151,408,0.493,175.2,2
2025-03-05,Email,Tablet,24,19,78,0.673,131.3,0
2025-03-05,Referral,Desktop,75,68,138,0.508,209.1,1
2025-03-05,Referral,Mobile,100,79,356,0.671,168.7,2
2025-03-05,Referral,Tablet,12,9,25,0.568,222.9,0
2025-03-06,Organic Search,Desktop,627,583,1173,0.404,138.5,16
2025-03-06,Organic Search,Mobile,818,690,2923,0.441,237.5,4
2025-03-06,Organic Search,Tablet,127,95,257,0.521,110.5,2
2025-03-06,Paid Search,Desktop,376,335,794,0.481,129.7,7
2025-03-06,Paid Search,Mobile,415,384,847,0.414,84.0,3
2025-03-06,Paid Search,Tablet,64,57,146,0.503,189.8,0
2025-03-06,Social,Desktop,324,275,988,0.595,48.4,9
2025-03-06,Social,Mobile,345,302,1332,0.348,123.0,2
2025-03-06,Social,Tablet,70,59,294,0.597,140.7,1
2025-03-06,Direct,Desktop,267,236,541,0.352,116.1,4
2025-03-06,Direct,Mobile,356,276,1521,0.57,76.0,3
2025-03-06,Direct,Tablet,43,40,144,0.661,146.6,0
2025-03-06,Email,Desktop,112,105,440,0.374,81.9,2
2025-03-06,Email,Mobile,149,120,485,0.654,147.2,1
2025-03-06,Email,Tablet,19,14,55,0.616,164.7,0
2025-03-06,Referral,Desktop,85,73,381,0.31,148.9,1
2025-03-06,Referral,Mobile,120,110,295,0.467,217.6,1
2025-03-06,Referral,Tablet,17,16,70,0.541,228.9,0
2025-03-07,Organic Search,Desktop,641,579,1599,0.565,168.6,12
2025-03-07,Organic Search,Mobile,930,733,3168,0.565,212.0,6
2025-03-07,Organic Search,Tablet,183,162,668,0.554,119.9,5
2025-03-07,Paid Search,Desktop,331,256,997,0.398,150.7,5
2025-03-07,Paid Search,Mobile,439,404,885,0.49,170.3,9
2025-03-07,Paid Search,Tablet,54,48,190,0.324,217.9,0
2025-03-07,Social,Desktop,408,369,1105,0.541,69.2,6
2025-03-07,Social,Mobile,466,370,1437,0.585,114.7,4
2025-03-07,Social,Tablet,73,65,252,0.541,47.8,2
2025-03-07,Direct,Desktop,200,174,424,0.539,181.0,5
2025-03-07,Direct,Mobile,336,311,888,0.567,151.7,5
2025-03-07,Direct,Tablet,55,46,203,0.51,59.1,0
2025-03-07,Email,Desktop,83,63,363,0.585,199.8,0
2025-03-07,Email,Mobile,144,126,452,0.572,91.9,3
2025-03-07,Email,Tablet,17,16,47,0.349,171.6,0
2025-03-07,Referral,Desktop,64,55,238,0.671,136.5,0
2025-03-07,Referral,Mobile,98,84,220,0.575,75.8,1
2025-03-07,Referral,Tablet,18,16,34,0.375,132.0,0
2025-03-08,Organic Search,Desktop,875,672,2620,0.421,86.6,6
2025-03-08,Organic Search,Mobile,1163,976,4077,0.349,153.1,15
2025-03-08,Organic Search,Tablet,161,131,687,0.371,52.4,2
2025-03-08,Paid Search,Desktop,305,279,751,0.632,89.2,2
2025-03-08,Paid Search,Mobile,424,319,1511,0.485,177.3,5
2025-03-08,Paid Search,Tablet,66,52,217,0.655,181.6,1
2025-03-08,Social,Desktop,395,371,1421,0.626,48.1,5
2025-03-08,Social,Mobile,482,373,1055,0.516,152.7,9
2025-03-08,Social,Tablet,65,60,141,0.596,203.8,1
2025-03-08,Direct,Desktop,254,228,1018,0.513,219.0,6
2025-03-08,Direct,Mobile,349,270,996,0.459,146.5,7
2025-03-08,Direct,Tablet,37,31,90,0.568,238.9,0
2025-03-08,Email,Desktop,107,95,395,0.6,89.5,0
2025-03-08,Email,Mobile,139,117,414,0.343,183.2,0
2025-03-08,Email,Tablet,27,22,96,0.325,162.1,0
2025-03-08,Referral,Desktop,106,92,360,0.613,71.7,1
2025-03-08,Referral,Mobile,123,113,408,0.444,180.9,1
2025-03-08,Referral,Tablet,22,18,64,0.657,149.5,0
2025-03-09,Organic Search,Desktop,956,881,3321,0.586,117.2,4
2025-03-09,Organic Search,Mobile,1436,1260,6185,0.509,167.5,10
2025-03-09,Organic Search,Tablet,131,114,504,0.637,231.7,3
2025-03-09,Paid Search,Desktop,346,261,924,0.415,220.0,2
2025-03-09,Paid Search,Mobile,362,324,1226,0.664,124.1,10
2025-03-09,Paid Search,Tablet,67,58,185,0.446,166.4,1
2025-03-09,Social,Desktop,394,363,1209,0.467,116.5,7
2025-03-09,Social,Mobile,557,437,1015,0.383,89.8,4
2025-03-09,Social,Tablet,84,72,348,0.518,196.6,0
2025-03-09,Direct,Desktop,299,236,601,0.694,193.2,5
2025-03-09,Direct,Mobile,295,246,577,0.363,93.9,8
2025-03-09,Direct,Tablet,54,48,107,0.555,219.8,1
2025-03-09,Email,Desktop,104,82,241,0.659,110.5,1
2025-03-09,Email,Mobile,160,133,643,0.699,192.0,1
2025-03-09,Email,Tablet,22,19,51,0.55,192.2,0
2025-03-09,Referral,Desktop,84,67,313,0.347,113.8,2
2025-03-09,Referral,Mobile,130,123,265,0.672,200.9,2
2025-03-09,Referral,Tablet,21,18,63,0.409,59.2,0
2025-03-10,Organic Search,Desktop,578,478,2246,0.429,98.4,6
2025-03-10,Organic Search,Mobile,945,878,2357,0.473,143.5,22
2025-03-10,Organic Search,Tablet,153,119,324,0.307,100.1,1
2025-03-10,Paid Search,Desktop,323,299,1118,0.315,70.9,5
2025-03-10,Paid Search,Mobile,399,362,1417,0.606,150.9,2
2025-03-10,Paid Search,Tablet,44,37,141,0.466,59.4,0
2025-03-10,Social,Desktop,256,194,973,0.646,200.8,6
2025-03-10,Social,Mobile,469,372,1210,0.676,194.8,13
2025-03-10,Social,Tablet,74,57,266,0.599,146.5,0
2025-03-10,Direct,Desktop,236,217,1042,0.559,220.8,2
2025-03-10,Direct,Mobile,213,170,715,0.604,76.4,4
2025-03-10,Direct,Tablet,49,41,206,0.681,51.2,0
2025-03-10,Email,Desktop,104,93,251,0.341,226.4,2
2025-03-10,Email,Mobile,140,114,542,0.664,226.4,0
2025-03-10,Email,Tablet,18,13,56,0.42,161.8,0
2025-03-10,Referral,Desktop,68,63,305,0.41,224.8,1
2025-03-10,Referral,Mobile,108,87,459,0.495,212.5,0
2025-03-10,Referral,Tablet,16,14,60,0.592,77.7,0
2025-03-11,Organic Search,Desktop,666,525,2839,0.458,228.9,15
2025-03-11,Organic Search,Mobile,804,754,1464,0.337,106.6,8
2025-03-11,Organic Search,Tablet,165,129,479,0.567,131.0,0
2025-03-11,Paid Search,Desktop,263,221,722,0.308,176.2,3
2025-03-11,Paid Search,Mobile,294,223,713,0.368,191.3,5
2025-03-11,Paid Search,Tablet,54,43,196,0.689,224.0,0
2025-03-11,Social,Desktop,255,194,665,0.515,152.3,6
2025-03-11,Social,Mobile,295,267,1176,0.392,115.3,2
2025-03-11,Social,Tablet,57,49,121,0.348,128.7,1
2025-03-11,Direct,Desktop,209,157,658,0.558,63.3,4
2025-03-11,Direct,Mobile,322,253,777,0.479,105.3,4
2025-03-11,Direct,Tablet,44,39,146,0.44,145.1,0
2025-03-11,Email,Desktop,103,93,265,0.658,104.6,2
2025-03-11,Email,Mobile,150,114,306,0.688,142.9,3
2025-03-11,Email,Tablet,23,21,98,0.434,86.3,0
2025-03-11,Referral,Desktop,83,65,292,0.473,125.6,1
2025-03-11,Referral,Mobile,105,83,460,0.58,177.3,2
2025-03-11,Referral,Tablet,16,12,40,0.51,150.5,0
2025-03-12,Organic Search,Desktop,713,535,2720,0.681,232.7,11
2025-03-12,Organic Search,Mobile,879,749,3624,0.66,150.5,19
2025-03-12,Organic Search,Tablet,150,138,272,0.619,186.5,4
2025-03-12,Paid Search,Desktop,259,226,638,0.344,168.1,4
2025-03-12,Paid Search,Mobile,311,254,954,0.492,171.3,6
2025-03-12,Paid Search,Tablet,50,45,173,0.543,152.6,1
2025-03-12,Social,Desktop,310,273,687,0.545,117.1,2
2025-03-12,Social,Mobile,483,438,1927,0.577,56.4,4
2025-03-12,Social,Tablet,78,60,246,0.367,95.8,0
2025-03-12,Direct,Desktop,238,206,646,0.394,185.8,4
2025-03-12,Direct,Mobile,348,262,698,0.407,103.3,8
2025-03-12,Direct,Tablet,69,59,269,0.525,211.8,1
2025-03-12,Email,Desktop,99,87,261,0.49,143.2,1
2025-03-12,Email,Mobile,89,76,190,0.35,175.4,1
2025-03-12,Email,Tablet,20,17,50,0.495,157.2,0
2025-03-12,Referral,Desktop,84,63,265,0.651,70.4,2
2025-03-12,Referral,Mobile,112,86,270,0.558,93.1,2
2025-03-12,Referral,Tablet,16,13,52,0.537,110.4,0
2025-03-13,Organic Search,Desktop,663,577,2549,0.606,220.9,17
2025-03-13,Organic Search,Mobile,851,766,2492,0.671,155.1,19
2025-03-13,Organic Search,Tablet,153,136,391,0.559,237.2,2
2025-03-13,Paid Search,Desktop,244,195,712,0.359,181.0,5
2025-03-13,Paid Search,Mobile,392,339,1384,0.633,238.3,8
2025-03-13,Paid Search,Tablet,69,64,178,0.41,151.8,0
2025-03-13,Social,Desktop,374,321,1459,0.685,140.3,9
2025-03-13,Social,Mobile,427,379,1613,0.685,171.4,12
2025-03-13,Social,Tablet,78,64,198,0.436,226.4,1
2025-03-13,Direct,Desktop,245,200,1022,0.422,84.0,4
2025-03-13,Direct,Mobile,310,270,866,0.354,188.0,2
2025-03-13,Direct,Tablet,48,39,191,0.358,208.0,0
2025-03-13,Email,Desktop,113,105,409,0.657,221.9,1
2025-03-13,Email,Mobile,114,97,272,0.378,238.1,2
2025-03-13,Email,Tablet,20,15,86,0.378,124.3,0
2025-03-13,Referral,Desktop,74,58,134,0.658,90.0,1
2025-03-13,Referral,Mobile,83,78,154,0.376,197.3,1
2025-03-13,Referral,Tablet,18,15,35,0.312,222.5,0
2025-03-14,Organic Search,Desktop,859,690,2215,0.332,226.8,21
2025-03-14,Organic Search,Mobile,773,649,3060,0.407,232.5,6
2025-03-14,Organic Search,Tablet,140,131,618,0.408,149.8,3
2025-03-14,Paid Search,Desktop,279,213,993,0.482,109.4,4
2025-03-14,Paid Search,Mobile,317,258,1045,0.316,151.5,4
2025-03-14,Paid Search,Tablet,52,44,230,0.681,163.5,1
2025-03-14,Social,Desktop,407,334,1101,0.477,112.2,4
2025-03-14,Social,Mobile,532,453,2308,0.644,206.6,10
2025-03-14,Social,Tablet,83,65,166,0.614,72.1,1
2025-03-14,Direct,Desktop,243,215,1037,0.62,65.3,6
2025-03-14,Direct,Mobile,376,284,1492,0.469,90.0,2
2025-03-14,Direct,Tablet,52,47,101,0.342,138.5,0
2025-03-14,Email,Desktop,120,103,337,0.585,143.8,3
2025-03-14,Email,Mobile,129,117,256,0.474,108.2,3
2025-03-14,Email,Tablet,18,14,72,0.533,78.4,0
2025-03-14,Referral,Desktop,76,66,185,0.41,54.2,0
2025-03-14,Referral,Mobile,118,102,272,0.356,150.0,3
2025-03-14,Referral,Tablet,11,8,39,0.576,195.1,0
2025-03-15,Organic Search,Desktop,715,641,2338,0.645,140.0,14
2025-03-15,Organic Search,Mobile,976,812,2598,0.677,165.5,6
2025-03-15,Organic Search,Tablet,176,162,428,0.645,102.6,2
2025-03-15,Paid Search,Desktop,422,318,1478,0.542,192.3,7
2025-03-15,Paid Search,Mobile,334,314,1415,0.495,184.0,3
2025-03-15,Paid Search,Tablet,51,46,158,0.493,173.6,0
2025-03-15,Social,Desktop,410,336,1664,0.574,100.4,8
2025-03-15,Social,Mobile,397,298,902,0.521,160.8,9
2025-03-15,Social,Tablet,65,56,122,0.421,214.1,1
2025-03-15,Direct,Desktop,301,260,791,0.526,166.1,2
2025-03-15,Direct,Mobile,366,336,1084,0.365,173.3,10
2025-03-15,Direct,Tablet,44,36,166,0.521,219.5,0
2025-03-15,Email,Desktop,109,89,344,0.478,89.7,0
2025-03-15,Email,Mobile,108,81,341,0.346,91.0,1
2025-03-15,Email,Tablet,24,19,64,0.448,126.3,0
2025-03-15,Referral,Desktop,88,73,161,0.544,81.2,1
2025-03-15,Referral,Mobile,137,106,585,0.335,208.0,1
2025-03-15,Referral,Tablet,20,18,73,0.586,229.5,0
2025-03-16,Organic Search,Desktop,870,730,2277,0.579,185.7,18
2025-03-16,Organic Search,Mobile,1122,949,4997,0.621,164.8,10
2025-03-16,Organic Search,Tablet,147,111,529,0.356,217.7,3
2025-03-16,Paid Search,Desktop,317,298,1078,0.675,119.2,7
2025-03-16,Paid Search,Mobile,400,353,1112,0.699,208.0,2
2025-03-16,Paid Search,Tablet,67,56,144,0.577,125.2,0
2025-03-16,Social,Desktop,403,348,1766,0.579,213.0,11
2025-03-16,Social,Mobile,562,486,1568,0.561,54.3,11
2025-03-16,Social,Tablet,77,58,345,0.499,195.8,0
2025-03-16,Direct,Desktop,215,200,679,0.589,139.1,2
2025-03-16,Direct,Mobile,338,306,1045,0.41,77.2,2
2025-03-16,Direct,Tablet,47,35,85,0.562,214.2,0
2025-03-16,Email,Desktop,134,102,557,0.554,210.7,1
2025-03-16,Email,Mobile,139,104,575,0.497,93.5,0
2025-03-16,Email,Tablet,21,16,79,0.619,109.4,0
2025-03-16,Referral,Desktop,71,59,298,0.699,76.4,1
2025-03-16,Referral,Mobile,101,78,347,0.37,205.6,2
2025-03-16,Referral,Tablet,13,11,29,0.466,56.7,0
2025-03-17,Organic Search,Desktop,740,599,3208,0.506,201.1,20
2025-03-17,Organic Search,Mobile,849,688,1671,0.562,65.8,19
2025-03-17,Organic Search,Tablet,133,112,458,0.671,212.1,1
2025-03-17,Paid Search,Desktop,248,195,879,0.583,232.7,1
2025-03-17,Paid Search,Mobile,296,231,585,0.562,170.6,2
2025-03-17,Paid Search,Tablet,67,56,122,0.613,235.2,1
2025-03-17,Social,Desktop,428,344,1692,0.665,174.7,10
2025-03-17,Social,Mobile,524,401,1556,0.515,225.6,12
2025-03-17,Social,Tablet,80,61,212,0.366,214.5,2
2025-03-17,Direct,Desktop,216,198,553,0.342,69.0,4
2025-03-17,Direct,Mobile,299,270,1117,0.479,163.0,6
2025-03-17,Direct,Tablet,46,35,100,0.411,204.8,1
2025-03-17,Email,Desktop,83,66,275,0.543,238.0,2
2025-03-17,Email,Mobile,100,76,186,0.365,73.8,2
2025-03-17,Email,Tablet,22,19,72,0.595,122.1,0
2025-03-17,Referral,Desktop,71,64,265,0.531,70.1,0
2025-03-17,Referral,Mobile,118,88,436,0.319,123.3,0
2025-03-17,Referral,Tablet,16,14,44,0.339,66.7,0
2025-03-18,Organic Search,Desktop,741,643,2975,0.35,80.8,6
2025-03-18,Organic Search,Mobile,589,488,1604,0.591,47.4,13
2025-03-18,Organic Search,Tablet,134,115,600,0.426,102.3,2
2025-03-18,Paid Search,Desktop,246,198,978,0.354,195.5,3
2025-03-18,Paid Search,Mobile,317,244,1242,0.615,126.7,4
2025-03-18,Paid Search,Tablet,66,56,286,0.396,228.8,1
2025-03-18,Social,Desktop,400,314,1176,0.36,215.2,7
2025-03-18,Social,Mobile,456,419,1126,0.311,152.8,8
2025-03-18,Social,Tablet,73,63,281,0.37,207.7,1
2025-03-18,Direct,Desktop,188,158,491,0.406,74.1,1
2025-03-18,Direct,Mobile,303,256,1256,0.67,144.2,1
2025-03-18,Direct,Tablet,45,38,118,0.54,118.0,0
2025-03-18,Email,Desktop,124,113,537,0.541,79.1,3
2025-03-18,Email,Mobile,130,113,343,0.322,94.4,3
2025-03-18,Email,Tablet,17,14,49,0.591,133.3,0
2025-03-18,Referral,Desktop,77,68,268,0.609,61.1,1
2025-03-18,Referral,Mobile,82,66,173,0.564,238.5,0
2025-03-18,Referral,Tablet,14,11,56,0.401,133.7,0
2025-03-19,Organic Search,Desktop,595,470,1518,0.369,161.9,16
2025-03-19,Organic Search,Mobile,849,712,3097,0.309,219.3,13
2025-03-19,Organic Search,Tablet,155,146,329,0.365,216.7,3
2025-03-19,Paid Search,Desktop,242,219,1058,0.634,67.1,5
2025-03-19,Paid Search,Mobile,371,282,817,0.411,45.8,6
2025-03-19,Paid Search,Tablet,69,58,132,0.646,227.3,2
2025-03-19,Social,Desktop,418,336,1425,0.667,125.3,3
2025-03-19,Social,Mobile,385,363,1480,0.608,147.5,7
2025-03-19,Social,Tablet,67,59,189,0.323,185.0,1
2025-03-19,Direct,Desktop,205,156,874,0.347,74.6,4
2025-03-19,Direct,Mobile,342,277,882,0.476,171.8,5
2025-03-19,Direct,Tablet,47,39,175,0.513,72.8,1
2025-03-19,Email,Desktop,96,81,376,0.587,99.1,0
2025-03-19,Email,Mobile,154,119,395,0.557,192.8,2
2025-03-19,Email,Tablet,19,14,54,0.572,51.9,0
2025-03-19,Referral,Desktop,86,72,280,0.624,79.0,1
2025-03-19,Referral,Mobile,99,82,423,0.481,143.0,2
2025-03-19,Referral,Tablet,14,13,37,0.469,49.9,0
2025-03-20,Organic Search,Desktop,1007,881,2929,0.517,65.6,20
2025-03-20,Organic Search,Mobile,1214,1047,4564,0.37,75.2,29
2025-03-20,Organic Search,Tablet,134,120,539,0.514,62.7,1
2025-03-20,Paid Search,Desktop,250,225,927,0.553,234.7,1
2025-03-20,Paid Search,Mobile,294,269,572,0.314,103.8,3
2025-03-20,Paid Search,Tablet,55,45,141,0.528,227.5,0
2025-03-20,Social,Desktop,392,314,835,0.513,159.7,6
2025-03-20,Social,Mobile,508,450,2072,0.316,182.9,10
2025-03-20,Social,Tablet,82,76,325,0.339,190.5,1
2025-03-20,Direct,Desktop,248,194,713,0.669,128.3,6
2025-03-20,Direct,Mobile,260,228,629,0.371,225.9,3
2025-03-20,Direct,Tablet,50,43,215,0.635,54.4,1
2025-03-20,Email,Desktop,109,90,287,0.531,100.9,1
2025-03-20,Email,Mobile,134,118,356,0.557,191.4,0
2025-03-20,Email,Tablet,21,15,86,0.623,134.5,0
2025-03-20,Referral,Desktop,82,71,220,0.321,199.0,1
2025-03-20,Referral,Mobile,85,65,364,0.389,131.6,1
2025-03-20,Referral,Tablet,15,12,54,0.469,166.8,0
2025-03-21,Organic Search,Desktop,766,625,3300,0.532,209.5,4
2025-03-21,Organic Search,Mobile,833,748,2367,0.609,173.9,6
2025-03-21,Organic Search,Tablet,122,111,473,0.431,158.0,1
2025-03-21,Paid Search,Desktop,269,207,666,0.381,97.1,3
2025-03-21,Paid Search,Mobile,310,262,658,0.303,207.8,1
2025-03-21,Paid Search,Tablet,62,58,263,0.589,123.1,0
2025-03-21,Social,Desktop,365,326,1367,0.519,170.4,4
2025-03-21,Social,Mobile,484,387,926,0.372,94.6,5
2025-03-21,Social,Tablet,70,55,171,0.4,181.9,0
2025-03-21,Direct,Desktop,267,216,619,0.574,178.6,5
2025-03-21,Direct,Mobile,349,311,1226,0.314,146.2,9
2025-03-21,Direct,Tablet,59,54,248,0.389,100.3,1
2025-03-21,Email,Desktop,110,96,242,0.344,233.6,3
2025-03-21,Email,Mobile,126,99,232,0.333,157.2,3
2025-03-21,Email,Tablet,19,17,76,0.513,91.4,0
2025-03-21,Referral,Desktop,78,72,184,0.425,92.5,2
2025-03-21,Referral,Mobile,98,86,385,0.691,153.8,0
2025-03-21,Referral,Tablet,16,14,63,0.476,214.8,0
2025-03-22,Organic Search,Desktop,752,578,3189,0.621,107.2,6
2025-03-22,Organic Search,Mobile,1134,903,2512,0.464,85.2,19
2025-03-22,Organic Search,Tablet,157,119,551,0.385,184.8,3
2025-03-22,Paid Search,Desktop,300,270,1277,0.366,223.3,7
2025-03-22,Paid Search,Mobile,417,387,1871,0.445,68.6,7
2025-03-22,Paid Search,Tablet,62,58,217,0.335,118.6,1
2025-03-22,Social,Desktop,482,371,2101,0.415,106.6,6
2025-03-22,Social,Mobile,567,502,1681,0.544,46.0,2
2025-03-22,Social,Tablet,95,76,398,0.409,68.0,2
2025-03-22,Direct,Desktop,243,202,872,0.578,157.4,3
2025-03-22,Direct,Mobile,268,240,1154,0.513,135.0,6
2025-03-22,Direct,Tablet,61,56,257,0.376,152.9,1
2025-03-22,Email,Desktop,128,107,523,0.676,204.7,1
2025-03-22,Email,Mobile,127,97,369,0.641,195.5,2
2025-03-22,Email,Tablet,21,16,41,0.301,131.0,0
2025-03-22,Referral,Desktop,85,64,191,0.401,216.4,1
2025-03-22,Referral,Mobile,103,90,401,0.606,238.9,1
2025-03-22,Referral,Tablet,18,14,76,0.697,148.0,0
2025-03-23,Organic Search,Desktop,856,680,3101,0.655,155.2,11
2025-03-23,Organic Search,Mobile,820,698,3464,0.603,121.7,20
2025-03-23,Organic Search,Tablet,150,139,292,0.655,167.8,2
2025-03-23,Paid Search,Desktop,404,377,1371,0.47,193.3,2
2025-03-23,Paid Search,Mobile,354,332,1256,0.535,116.6,9
2025-03-23,Paid Search,Tablet,50,44,203,0.618,211.4,0
2025-03-23,Social,Desktop,477,365,1599,0.403,238.6,7
2025-03-23,Social,Mobile,507,428,1591,0.337,86.5,9
2025-03-23,Social,Tablet,82,62,221,0.558,209.9,1
2025-03-23,Direct,Desktop,261,208,969,0.419,216.2,7
2025-03-23,Direct,Mobile,288,237,1031,0.457,160.2,3
2025-03-23,Direct,Tablet,56,44,109,0.38,138.7,0
2025-03-23,Email,Desktop,108,86,197,0.454,83.8,1
2025-03-23,Email,Mobile,143,116,627,0.381,130.9,1
2025-03-23,Email,Tablet,19,17,77,0.325,196.1,0
2025-03-23,Referral,Desktop,86,66,287,0.591,45.2,1
2025-03-23,Referral,Mobile,111,104,488,0.409,188.1,2
2025-03-23,Referral,Tablet,21,17,82,0.424,196.3,0
2025-03-24,Organic Search,Desktop,590,500,2193,0.586,193.9,16
2025-03-24,Organic Search,Mobile,1179,1008,4445,0.645,56.9,29
2025-03-24,Organic Search,Tablet,180,165,324,0.482,53.6,1
2025-03-24,Paid Search,Desktop,336,278,794,0.504,95.4,2
2025-03-24,Paid Search,Mobile,325,303,1302,0.565,182.7,9
2025-03-24,Paid Search,Tablet,70,60,182,0.399,120.0,0
2025-03-24,Social,Desktop,421,350,1392,0.393,48.4,11
2025-03-24,Social,Mobile,386,335,1325,0.376,148.0,4
2025-03-24,Social,Tablet,67,56,256,0.698,76.6,0
2025-03-24,Direct,Desktop,244,198,974,0.499,50.3,3
2025-03-24,Direct,Mobile,402,360,1477,0.347,187.0,11
2025-03-24,Direct,Tablet,45,39,138,0.681,230.3,0
2025-03-24,Email,Desktop,99,82,439,0.388,76.3,1
2025-03-24,Email,Mobile,133,121,347,0.585,105.5,1
2025-03-24,Email,Tablet,22,18,83,0.333,179.3,0
2025-03-24,Referral,Desktop,89,71,354,0.661,62.5,1
2025-03-24,Referral,Mobile,107,80,217,0.473,177.7,2
2025-03-24,Referral,Tablet,16,14,40,0.52,100.9,0
2025-03-25,Organic Search,Desktop,733,667,2501,0.326,121.5,4
2025-03-25,Organic Search,Mobile,793,740,1775,0.515,142.8,23
2025-03-25,Organic Search,Tablet,152,120,516,0.697,230.1,1
2025-03-25,Paid Search,Desktop,330,312,1139,0.657,236.3,6
2025-03-25,Paid Search,Mobile,379,315,897,0.492,180.6,6
2025-03-25,Paid Search,Tablet,66,54,161,0.431,96.8,0
2025-03-25,Social,Desktop,439,337,867,0.665,59.2,3
2025-03-25,Social,Mobile,455,342,1671,0.307,112.9,7
2025-03-25,Social,Tablet,76,59,220,0.574,173.2,1
2025-03-25,Direct,Desktop,369,293,1486,0.315,124.0,4
2025-03-25,Direct,Mobile,267,218,988,0.661,213.8,6
2025-03-25,Direct,Tablet,43,34,147,0.318,213.3,0
2025-03-25,Email,Desktop,88,82,358,0.662,72.9,2
2025-03-25,Email,Mobile,158,124,692,0.677,124.6,3
2025-03-25,Email,Tablet,20,17,51,0.447,159.0,0
2025-03-25,Referral,Desktop,54,48,216,0.667,175.7,0
2025-03-25,Referral,Mobile,125,95,292,0.683,148.5,3
2025-03-25,Referral,Tablet,14,11,49,0.403,187.5,0
2025-03-26,Organic Search,Desktop,596,526,2098,0.467,227.3,11
2025-03-26,Organic Search,Mobile,886,807,3440,0.419,63.3,22
2025-03-26,Organic Search,Tablet,112,84,300,0.653,47.3,2
2025-03-26,Paid Search,Desktop,281,237,767,0.695,113.8,7
2025-03-26,Paid Search,Mobile,421,323,1129,0.354,180.4,3
2025-03-26,Paid Search,Tablet,61,51,158,0.603,212.0,1
2025-03-26,Social,Desktop,382,358,1418,0.611,208.8,11
2025-03-26,Social,Mobile,549,440,1074,0.587,106.9,9
2025-03-26,Social,Tablet,79,73,255,0.485,118.8,0
2025-03-26,Direct,Desktop,296,223,696,0.393,155.6,2
2025-03-26,Direct,Mobile,305,283,883,0.591,124.1,2
2025-03-26,Direct,Tablet,45,34,83,0.657,110.1,1
2025-03-26,Email,Desktop,99,92,297,0.349,238.0,2
2025-03-26,Email,Mobile,145,113,526,0.358,62.4,4
2025-03-26,Email,Tablet,21,16,60,0.507,227.9,0
2025-03-26,Referral,Desktop,68,62,269,0.619,180.8,1
2025-03-26,Referral,Mobile,130,104,264,0.567,108.0,1
2025-03-26,Referral,Tablet,19,17,58,0.455,208.3,0
2025-03-27,Organic Search,Desktop,777,701,2388,0.391,155.3,11
2025-03-27,Organic Search,Mobile,1016,922,2670,0.586,219.6,12
2025-03-27,Organic Search,Tablet,135,104,564,0.56,48.9,2
2025-03-27,Paid Search,Desktop,350,286,1460,0.52,170.9,2
2025-03-27,Paid Search,Mobile,441,412,877,0.335,205.3,5
2025-03-27,Paid Search,Tablet,55,44,226,0.628,211.0,1
2025-03-27,Social,Desktop,360,331,1420,0.558,160.6,3
2025-03-27,Social,Mobile,466,364,1462,0.44,181.5,2
2025-03-27,Social,Tablet,81,69,273,0.398,176.0,2
2025-03-27,Direct,Desktop,241,208,513,0.431,214.2,1
2025-03-27,Direct,Mobile,334,260,914,0.643,90.1,7
2025-03-27,Direct,Tablet,45,35,95,0.416,154.1,0
2025-03-27,Email,Desktop,95,84,216,0.582,236.4,2
2025-03-27,Email,Mobile,156,124,614,0.622,168.6,3
2025-03-27,Email,Tablet,24,20,99,0.593,181.2,0
2025-03-27,Referral,Desktop,89,80,204,0.472,143.5,2
2025-03-27,Referral,Mobile,109,88,383,0.332,226.1,2
2025-03-27,Referral,Tablet,15,12,51,0.314,88.2,0
2025-03-28,Organic Search,Desktop,838,629,2894,0.614,101.9,22
2025-03-28,Organic Search,Mobile,990,918,2989,0.646,150.4,29
2025-03-28,Organic Search,Tablet,156,143,432,0.572,169.2,2
2025-03-28,Paid Search,Desktop,236,207,650,0.392,74.6,5
2025-03-28,Paid Search,Mobile,361,287,1316,0.447,132.9,10
2025-03-28,Paid Search,Tablet,73,61,157,0.592,152.6,1
2025-03-28,Social,Desktop,318,296,1193,0.515,228.6,6
2025-03-28,Social,Mobile,505,387,2150,0.436,52.4,13
2025-03-28,Social,Tablet,65,50,244,0.392,79.6,1
2025-03-28,Direct,Desktop,228,174,886,0.681,55.1,1
2025-03-28,Direct,Mobile,304,249,693,0.522,205.6,5
2025-03-28,Direct,Tablet,52,46,164,0.31,186.5,1
2025-03-28,Email,Desktop,105,92,194,0.508,114.6,2
2025-03-28,Email,Mobile,104,91,436,0.666,219.1,1
2025-03-28,Email,Tablet,21,18,40,0.629,163.2,0
2025-03-28,Referral,Desktop,86,74,373,0.607,111.4,0
2025-03-28,Referral,Mobile,138,116,460,0.485,151.1,2
2025-03-28,Referral,Tablet,14,11,43,0.517,131.3,0
2025-03-29,Organic Search,Desktop,620,485,1709,0.572,55.6,12
2025-03-29,Organic Search,Mobile,1220,1123,5366,0.434,84.0,6
2025-03-29,Organic Search,Tablet,160,123,575,0.486,166.1,1
2025-03-29,Paid Search,Desktop,242,227,634,0.632,180.4,4
2025-03-29,Paid Search,Mobile,392,348,1665,0.307,111.5,7
2025-03-29,Paid Search,Tablet,61,52,118,0.39,156.8,0
2025-03-29,Social,Desktop,370,334,957,0.366,63.3,4
2025-03-29,Social,Mobile,489,438,1224,0.499,199.8,13
2025-03-29,Social,Tablet,93,78,365,0.397,163.0,0
2025-03-29,Direct,Desktop,348,309,650,0.419,222.0,9
2025-03-29,Direct,Mobile,382,349,1100,0.466,90.6,2
2025-03-29,Direct,Tablet,59,54,141,0.325,222.9,0
2025-03-29,Email,Desktop,125,100,337,0.605,212.5,1
2025-03-29,Email,Mobile,146,114,273,0.363,102.1,3
2025-03-29,Email,Tablet,25,19,90,0.469,139.1,0
2025-03-29,Referral,Desktop,104,97,297,0.584,178.8,2
2025-03-29,Referral,Mobile,120,108,241,0.411,48.8,1
2025-03-29,Referral,Tablet,16,13,33,0.657,215.2,0
2025-03-30,Organic Search,Desktop,909,863,2339,0.673,171.5,14
2025-03-30,Organic Search,Mobile,1279,1043,5441,0.556,218.5,37
2025-03-30,Organic Search,Tablet,133,118,494,0.637,85.4,3
2025-03-30,Paid Search,Desktop,391,337,1483,0.655,54.2,10
2025-03-30,Paid Search,Mobile,417,320,1724,0.67,172.4,2
2025-03-30,Paid Search,Tablet,46,39,177,0.463,126.8,1
2025-03-30,Social,Desktop,483,442,1856,0.643,99.8,8
2025-03-30,Social,Mobile,478,412,1097,0.355,104.0,4
2025-03-30,Social,Tablet,89,79,275,0.471,194.4,1
2025-03-30,Direct,Desktop,264,233,778,0.593,131.0,2
2025-03-30,Direct,Mobile,377,325,1376,0.655,93.7,4
2025-03-30,Direct,Tablet,65,54,154,0.672,105.3,0
2025-03-30,Email,Desktop,93,73,399,0.351,135.6,2
2025-03-30,Email,Mobile,127,104,313,0.557,185.8,1
2025-03-30,Email,Tablet,20,18,40,0.689,134.0,0
2025-03-30,Referral,Desktop,92,77,171,0.691,56.4,0
2025-03-30,Referral,Mobile,138,121,557,0.351,234.3,1
2025-03-30,Referral,Tablet,15,12,44,0.36,214.2,0
2025-03-31,Organic Search,Desktop,710,668,2644,0.498,140.9,7
2025-03-31,Organic Search,Mobile,734,684,1674,0.478,194.9,5
2025-03-31,Organic Search,Tablet,145,129,289,0.435,213.5,1
2025-03-31,Paid Search,Desktop,319,240,965,0.619,200.2,7
2025-03-31,Paid Search,Mobile,285,228,1240,0.468,64.8,6
2025-03-31,Paid Search,Tablet,50,38,175,0.639,107.4,0
2025-03-31,Social,Desktop,335,317,706,0.383,139.2,5
2025-03-31,Social,Mobile,360,317,1200,0.364,117.6,6
2025-03-31,Social,Tablet,75,58,237,0.52,133.2,1
2025-03-31,Direct,Desktop,279,221,1058,0.458,60.1,4
2025-03-31,Direct,Mobile,307,239,691,0.627,176.6,4
2025-03-31,Direct,Tablet,57,53,182,0.416,160.6,1
2025-03-31,Email,Desktop,86,78,365,0.486,175.9,2
2025-03-31,Email,Mobile,158,148,586,0.524,205.1,2
2025-03-31,Email,Tablet,15,12,51,0.584,102.6,0
2025-03-31,Referral,Desktop,102,83,418,0.395,154.2,0
2025-03-31,Referral,Mobile,100,84,226,0.392,132.6,0
2025-03-31,Referral,Tablet,17,13,44,0.553,78.1,0
2025-04-01,Organic Search,Desktop,613,466,1533,0.482,49.8,17
2025-04-01,Organic Search,Mobile,1021,890,2668,0.316,166.6,25
2025-04-01,Organic Search,Tablet,140,126,514,0.351,234.8,3
2025-04-01,Paid Search,Desktop,210,178,575,0.656,132.4,2
2025-04-01,Paid Search,Mobile,214,176,389,0.336,220.6,3
2025-04-01,Paid Search,Tablet,52,45,101,0.315,123.7,1
2025-04-01,Social,Desktop,375,303,805,0.56,110.5,5
2025-04-01,Social,Mobile,451,341,1916,0.653,205.4,13
2025-04-01,Social,Tablet,70,53,276,0.312,135.6,1
2025-04-01,Direct,Desktop,215,166,736,0.538,195.2,5
2025-04-01,Direct,Mobile,263,245,1044,0.67,126.8,2
2025-04-01,Direct,Tablet,51,40,102,0.457,49.2,0
2025-04-01,Email,Desktop,68,55,122,0.531,84.1,0
2025-04-01,Email,Mobile,126,117,435,0.677,61.0,1
2025-04-01,Email,Tablet,15,12,66,0.376,124.4,0
2025-04-01,Referral,Desktop,67,56,207,0.618,79.8,1
2025-04-01,Referral,Mobile,93,80,359,0.685,145.9,1
2025-04-01,Referral,Tablet,15,13,40,0.528,59.3,0
2025-04-02,Organic Search,Desktop,725,667,2934,0.315,117.0,21
2025-04-02,Organic Search,Mobile,870,702,3521,0.663,194.2,22
2025-04-02,Organic Search,Tablet,102,91,345,0.31,139.0,2
2025-04-02,Paid Search,Desktop,213,160,387,0.532,47.0,5
2025-04-02,Paid Search,Mobile,278,231,1077,0.528,81.9,3
2025-04-02,Paid Search,Tablet,54,42,136,0.486,169.3,0
2025-04-02,Social,Desktop,388,300,1503,0.332,223.4,6
2025-04-02,Social,Mobile,483,400,2171,0.334,154.5,7
2025-04-02,Social,Tablet,71,65,133,0.515,215.8,1
2025-04-02,Direct,Desktop,201,174,743,0.34,228.7,5
2025-04-02,Direct,Mobile,297,243,1036,0.475,198.9,3
2025-04-02,Direct,Tablet,39,36,174,0.486,80.6,0
2025-04-02,Email,Desktop,86,66,261,0.318,190.3,1
2025-04-02,Email,Mobile,121,96,477,0.476,193.0,2
2025-04-02,Email,Tablet,20,18,38,0.642,192.4,0
2025-04-02,Referral,Desktop,88,77,392,0.427,165.7,1
2025-04-02,Referral,Mobile,82,73,293,0.389,159.0,0
2025-04-02,Referral,Tablet,16,15,37,0.51,143.0,0
2025-04-03,Organic Search,Desktop,613,574,2561,0.603,64.5,18
2025-04-03,Organic Search,Mobile,1103,1030,2998,0.366,186.3,23
2025-04-03,Organic Search,Tablet,108,90,469,0.312,54.4,0
2025-04-03,Paid Search,Desktop,184,150,467,0.388,80.3,3
2025-04-03,Paid Search,Mobile,419,383,1151,0.41,176.4,3
2025-04-03,Paid Search,Tablet,46,37,142,0.53,183.9,0
2025-04-03,Social,Desktop,279,246,916,0.431,217.6,7
2025-04-03,Social,Mobile,322,248,862,0.47,107.9,5
2025-04-03,Social,Tablet,58,55,108,0.489,190.1,1
2025-04-03,Direct,Desktop,182,136,480,0.359,144.6,3
2025-04-03,Direct,Mobile,239,204,1001,0.688,56.9,7
2025-04-03,Direct,Tablet,50,40,104,0.6,137.5,1
2025-04-03,Email,Desktop,75,60,168,0.596,114.4,1
2025-04-03,Email,Mobile,92,86,330,0.471,174.4,1
2025-04-03,Email,Tablet,20,18,57,0.53,184.6,0
2025-04-03,Referral,Desktop,70,57,194,0.625,127.1,0
2025-04-03,Referral,Mobile,112,87,489,0.432,51.1,0
2025-04-03,Referral,Tablet,14,12,47,0.563,69.8,0
2025-04-04,Organic Search,Desktop,776,624,2962,0.379,217.5,6
2025-04-04,Organic Search,Mobile,947,876,1981,0.443,121.4,12
2025-04-04,Organic Search,Tablet,139,119,349,0.472,105.4,2
2025-04-04,Paid Search,Desktop,262,221,1095,0.316,65.6,3
2025-04-04,Paid Search,Mobile,341,296,1038,0.346,174.6,3
2025-04-04,Paid Search,Tablet,59,51,171,0.421,231.6,0
2025-04-04,Social,Desktop,472,427,1818,0.641,85.8,5
2025-04-04,Social,Mobile,391,317,1508,0.413,62.5,10
2025-04-04,Social,Tablet,67,56,189,0.475,199.7,1
2025-04-04,Direct,Desktop,222,197,853,0.573,190.7,3
2025-04-04,Direct,Mobile,280,252,837,0.592,59.8,1
2025-04-04,Direct,Tablet,38,32,149,0.675,179.8,0
2025-04-04,Email,Desktop,52,42,126,0.399,87.0,0
2025-04-04,Email,Mobile,144,118,428,0.429,172.5,2
2025-04-04,Email,Tablet,17,14,73,0.304,91.9,0
2025-04-04,Referral,Desktop,65,61,278,0.434,127.7,1
2025-04-04,Referral,Mobile,118,92,469,0.527,210.7,0
2025-04-04,Referral,Tablet,14,13,28,0.686,79.9,0
2025-04-05,Organic Search,Desktop,1035,859,4404,0.679,65.9,13
2025-04-05,Organic Search,Mobile,783,691,2285,0.532,168.5,14
2025-04-05,Organic Search,Tablet,127,107,310,0.381,135.6,3
2025-04-05,Paid Search,Desktop,228,193,426,0.401,132.8,5
2025-04-05,Paid Search,Mobile,466,370,2035,0.445,192.2,4
2025-04-05,Paid Search,Tablet,63,56,118,0.318,229.4,0
2025-04-05,Social,Desktop,288,229,827,0.31,54.3,4
2025-04-05,Social,Mobile,481,430,1760,0.674,123.5,3
2025-04-05,Social,Tablet,81,74,163,0.505,57.6,0
2025-04-05,Direct,Desktop,206,193,589,0.332,193.0,2
2025-04-05,Direct,Mobile,323,250,1258,0.571,85.6,9
2025-04-05,Direct,Tablet,50,38,131,0.559,109.2,1
2025-04-05,Email,Desktop,111,103,496,0.587,194.9,0
2025-04-05,Email,Mobile,147,117,398,0.434,51.6,1
2025-04-05,Email,Tablet,19,17,73,0.658,218.8,0
2025-04-05,Referral,Desktop,94,76,260,0.636,63.8,1
2025-04-05,Referral,Mobile,100,77,330,0.676,129.5,1
2025-04-05,Referral,Tablet,21,17,62,0.566,109.9,0
2025-04-06,Organic Search,Desktop,761,640,2705,0.49,48.5,20
2025-04-06,Organic Search,Mobile,1077,1002,3713,0.659,194.5,8
2025-04-06,Organic Search,Tablet,164,137,483,0.684,141.3,4
2025-04-06,Paid Search,Desktop,216,185,688,0.466,190.9,4
2025-04-06,Paid Search,Mobile,432,342,1431,0.585,232.5,4
2025-04-06,Paid Search,Tablet,53,48,134,0.514,188.4,0
2025-04-06,Social,Desktop,267,216,644,0.331,239.9,5
2025-04-06,Social,Mobile,467,368,1037,0.367,101.5,13
2025-04-06,Social,Tablet,64,53,226,0.319,208.3,0
2025-04-06,Direct,Desktop,251,217,637,0.61,46.3,4
2025-04-06,Direct,Mobile,238,183,1046,0.573,126.6,3
2025-04-06,Direct,Tablet,44,39,148,0.336,95.2,0
2025-04-06,Email,Desktop,107,94,440,0.676,76.0,1
2025-04-06,Email,Mobile,120,108,292,0.394,69.4,1
2025-04-06,Email,Tablet,24,18,45,0.507,197.0,0
2025-04-06,Referral,Desktop,76,62,150,0.377,88.5,1
2025-04-06,Referral,Mobile,107,98,365,0.428,181.3,0
2025-04-06,Referral,Tablet,15,12,56,0.364,59.8,0
2025-04-07,Organic Search,Desktop,636,522,2053,0.363,69.7,11
2025-04-07,Organic Search,Mobile,1012,789,2476,0.328,226.7,15
2025-04-07,Organic Search,Tablet,173,141,694,0.592,107.5,2
2025-04-07,Paid Search,Desktop,171,142,611,0.515,139.2,2
2025-04-07,Paid Search,Mobile,374,336,735,0.438,145.8,2
2025-04-07,Paid Search,Tablet,45,37,195,0.517,58.7,0
2025-04-07,Social,Desktop,268,247,1044,0.667,83.5,2
2025-04-07,Social,Mobile,388,306,780,0.683,172.7,8
2025-04-07,Social,Tablet,72,55,216,0.37,220.5,2
2025-04-07,Direct,Desktop,150,122,299,0.344,86.3,1
2025-04-07,Direct,Mobile,306,240,1080,0.614,152.4,3
2025-04-07,Direct,Tablet,43,33,114,0.327,114.7,1
2025-04-07,Email,Desktop,101,81,453,0.607,127.8,1
2025-04-07,Email,Mobile,91,73,322,0.598,158.8,2
2025-04-07,Email,Tablet,18,14,49,0.458,136.8,0
2025-04-07,Referral,Desktop,89,74,225,0.509,102.8,2
2025-04-07,Referral,Mobile,94,81,204,0.474,48.7,1
2025-04-07,Referral,Tablet,18,16,64,0.317,233.3,0
2025-04-08,Organic Search,Desktop,739,565,2784,0.542,120.5,16
2025-04-08,Organic Search,Mobile,918,696,2626,0.474,156.6,19
2025-04-08,Organic Search,Tablet,129,110,254,0.406,195.0,3
2025-04-08,Paid Search,Desktop,248,233,555,0.425,118.7,6
2025-04-08,Paid Search,Mobile,284,235,564,0.542,45.5,1
2025-04-08,Paid Search,Tablet,45,38,167,0.586,154.0,0
2025-04-08,Social,Desktop,448,392,1885,0.657,237.0,3
2025-04-08,Social,Mobile,400,371,1173,0.305,75.4,7
2025-04-08,Social,Tablet,76,70,200,0.444,60.8,0
2025-04-08,Direct,Desktop,281,224,1107,0.449,196.3,2
2025-04-08,Direct,Mobile,226,189,485,0.407,172.2,6
2025-04-08,Direct,Tablet,40,36,103,0.692,156.8,0
2025-04-08,Email,Desktop,106,81,471,0.578,66.7,2
2025-04-08,Email,Mobile,138,121,519,0.36,208.3,1
2025-04-08,Email,Tablet,15,13,41,0.534,147.3,0
2025-04-08,Referral,Desktop,61,55,273,0.503,164.6,0
2025-04-08,Referral,Mobile,108,81,376,0.366,227.8,2
2025-04-08,Referral,Tablet,13,10,32,0.659,162.0,0
2025-04-09,Organic Search,Desktop,977,847,3562,0.5,143.4,23
2025-04-09,Organic Search,Mobile,794,752,2827,0.415,123.4,19
2025-04-09,Organic Search,Tablet,98,89,265,0.521,222.4,1
2025-04-09,Paid Search,Desktop,267,202,751,0.509,79.3,4
2025-04-09,Paid Search,Mobile,342,270,1268,0.438,220.1,7
2025-04-09,Paid Search,Tablet,47,39,172,0.388,185.6,0
2025-04-09,Social,Desktop,352,281,675,0.501,230.9,3
2025-04-09,Social,Mobile,529,486,1606,0.617,48.1,13
2025-04-09,Social,Tablet,67,58,160,0.332,192.9,1
2025-04-09,Direct,Desktop,236,223,567,0.519,182.8,5
2025-04-09,Direct,Mobile,320,270,1111,0.317,141.8,6
2025-04-09,Direct,Tablet,29,22,65,0.317,159.6,0
2025-04-09,Email,Desktop,87,78,195,0.631,229.4,1
2025-04-09,Email,Mobile,132,99,454,0.637,174.6,1
2025-04-09,Email,Tablet,13,12,54,0.479,125.8,0
2025-04-09,Referral,Desktop,80,72,239,0.685,229.4,1
2025-04-09,Referral,Mobile,78,67,299,0.322,202.8,1
2025-04-09,Referral,Tablet,15,13,53,0.374,219.0,0
2025-04-10,Organic Search,Desktop,437,387,1922,0.605,184.8,3
2025-04-10,Organic Search,Mobile,778,728,2989,0.302,75.8,6
2025-04-10,Organic Search,Tablet,134,113,484,0.58,66.6,3
2025-04-10,Paid Search,Desktop,281,254,559,0.62,107.3,7
2025-04-10,Paid Search,Mobile,329,251,933,0.385,126.6,5
2025-04-10,Paid Search,Tablet,45,36,102,0.429,213.8,1
2025-04-10,Social,Desktop,244,188,925,0.571,127.2,4
2025-04-10,Social,Mobile,285,263,528,0.65,118.5,1
2025-04-10,Social,Tablet,60,52,239,0.514,159.6,0
2025-04-10,Direct,Desktop,178,151,327,0.322,54.6,1
2025-04-10,Direct,Mobile,206,167,641,0.375,137.6,5
2025-04-10,Direct,Tablet,49,40,99,0.518,176.7,0
2025-04-10,Email,Desktop,100,78,343,0.5,134.0,2
2025-04-10,Email,Mobile,115,102,499,0.47,47.4,0
2025-04-10,Email,Tablet,20,18,36,0.317,87.4,0
2025-04-10,Referral,Desktop,89,80,359,0.389,78.9,1
2025-04-10,Referral,Mobile,81,71,159,0.378,213.4,2
2025-04-10,Referral,Tablet,16,14,44,0.337,208.5,0
2025-04-11,Organic Search,Desktop,720,542,3092,0.545,78.9,3
2025-04-11,Organic Search,Mobile,627,501,2504,0.468,221.0,4
2025-04-11,Organic Search,Tablet,104,83,276,0.661,88.1,2
2025-04-11,Paid Search,Desktop,197,153,603,0.624,45.6,1
2025-04-11,Paid Search,Mobile,390,357,1668,0.621,70.2,11
2025-04-11,Paid Search,Tablet,51,46,138,0.631,157.7,0
2025-04-11,Social,Desktop,307,242,615,0.334,207.9,3
2025-04-11,Social,Mobile,432,395,963,0.682,201.3,4
2025-04-11,Social,Tablet,60,47,243,0.316,234.5,1
2025-04-11,Direct,Desktop,255,216,869,0.402,127.0,2
2025-04-11,Direct,Mobile,346,320,881,0.678,191.4,2
2025-04-11,Direct,Tablet,46,35,112,0.697,173.2,0
2025-04-11,Email,Desktop,90,80,331,0.609,140.1,2
2025-04-11,Email,Mobile,108,90,478,0.358,99.6,0
2025-04-11,Email,Tablet,18,14,69,0.452,169.9,0
2025-04-11,Referral,Desktop,87,74,188,0.307,85.3,1
2025-04-11,Referral,Mobile,104,82,252,0.649,206.6,1
2025-04-11,Referral,Tablet,14,13,46,0.663,231.9,0
2025-04-12,Organic Search,Desktop,937,736,2588,0.641,129.8,11
2025-04-12,Organic Search,Mobile,1063,885,1951,0.403,111.2,12
2025-04-12,Organic Search,Tablet,152,135,634,0.624,182.4,1
2025-04-12,Paid Search,Desktop,298,279,791,0.385,105.9,3
2025-04-12,Paid Search,Mobile,287,225,969,0.554,172.2,7
2025-04-12,Paid Search,Tablet,54,49,238,0.507,164.0,0
2025-04-12,Social,Desktop,351,288,1455,0.352,213.5,7
2025-04-12,Social,Mobile,599,453,1839,0.674,181.3,9
2025-04-12,Social,Tablet,71,56,210,0.304,163.1,0
2025-04-12,Direct,Desktop,166,154,643,0.596,128.6,4
2025-04-12,Direct,Mobile,292,259,603,0.524,224.8,3
2025-04-12,Direct,Tablet,47,36,121,0.3,222.1,0
2025-04-12,Email,Desktop,102,96,186,0.365,218.6,0
2025-04-12,Email,Mobile,135,123,245,0.451,134.1,2
2025-04-12,Email,Tablet,22,18,95,0.383,76.5,0
2025-04-12,Referral,Desktop,93,69,388,0.626,177.2,0
2025-04-12,Referral,Mobile,96,82,348,0.54,179.0,2
2025-04-12,Referral,Tablet,14,12,37,0.434,66.8,0
2025-04-13,Organic Search,Desktop,928,702,2012,0.466,148.4,5
2025-04-13,Organic Search,Mobile,937,875,3488,0.618,124.9,18
2025-04-13,Organic Search,Tablet,159,120,536,0.593,51.3,1
2025-04-13,Paid Search,Desktop,248,234,456,0.7,174.5,5
2025-04-13,Paid Search,Mobile,336,255,1177,0.484,99.4,5
2025-04-13,Paid Search,Tablet,48,40,89,0.565,92.7,0
2025-04-13,Social,Desktop,343,277,1511,0.562,121.0,9
2025-04-13,Social,Mobile,501,417,2040,0.369,164.5,13
2025-04-13,Social,Tablet,73,57,194,0.535,206.4,0
2025-04-13,Direct,Desktop,229,202,544,0.683,63.0,1
2025-04-13,Direct,Mobile,264,206,854,0.399,73.1,3
2025-04-13,Direct,Tablet,42,37,139,0.576,98.0,0
2025-04-13,Email,Desktop,110,90,252,0.611,191.6,1
2025-04-13,Email,Mobile,140,107,610,0.696,85.6,1
2025-04-13,Email,Tablet,22,18,45,0.385,130.6,0
2025-04-13,Referral,Desktop,86,65,258,0.613,67.3,1
2025-04-13,Referral,Mobile,101,77,258,0.369,85.4,1
2025-04-13,Referral,Tablet,16,12,58,0.615,121.2,0
2025-04-14,Organic Search,Desktop,791,738,2799,0.629,193.1,14
2025-04-14,Organic Search,Mobile,1013,867,2950,0.506,74.7,27
2025-04-14,Organic Search,Tablet,155,133,629,0.596,66.1,4
2025-04-14,Paid Search,Desktop,248,218,505,0.351,120.3,6
2025-04-14,Paid Search,Mobile,369,313,1635,0.407,140.9,8
2025-04-14,Paid Search,Tablet,47,38,138,0.447,173.0,0
2025-04-14,Social,Desktop,314,282,1177,0.572,226.2,7
2025-04-14,Social,Mobile,467,442,2016,0.653,143.6,5
2025-04-14,Social,Tablet,54,50,115,0.436,117.9,0
2025-04-14,Direct,Desktop,195,173,633,0.454,84.9,1
2025-04-14,Direct,Mobile,262,206,859,0.468,232.4,5
2025-04-14,Direct,Tablet,48,45,214,0.534,118.7,0
2025-04-14,Email,Desktop,109,93,267,0.468,217.1,0
2025-04-14,Email,Mobile,138,125,404,0.447,89.5,0
2025-04-14,Email,Tablet,19,17,67,0.623,205.7,0
2025-04-14,Referral,Desktop,67,57,225,0.434,181.0,1
2025-04-14,Referral,Mobile,104,78,340,0.398,208.7,2
2025-04-14,Referral,Tablet,14,11,49,0.376,161.4,0
2025-04-15,Organic Search,Desktop,567,503,2019,0.56,56.3,10
2025-04-15,Organic Search,Mobile,669,512,1544,0.486,115.4,12
2025-04-15,Organic Search,Tablet,131,122,434,0.628,134.8,1
2025-04-15,Paid Search,Desktop,347,274,785,0.482,224.3,6
2025-04-15,Paid Search,Mobile,225,184,408,0.64,141.6,2
2025-04-15,Paid Search,Tablet,50,39,120,0.46,88.2,0
2025-04-15,Social,Desktop,301,238,984,0.678,170.9,6
2025-04-15,Social,Mobile,429,390,1478,0.38,87.2,10
2025-04-15,Social,Tablet,74,60,327,0.608,237.2,1
2025-04-15,Direct,Desktop,286,224,629,0.38,168.0,6
2025-04-15,Direct,Mobile,241,186,581,0.521,131.0,4
2025-04-15,Direct,Tablet,40,31,161,0.635,128.7,1
2025-04-15,Email,Desktop,69,57,213,0.559,198.3,0
2025-04-15,Email,Mobile,138,116,368,0.388,60.0,3
2025-04-15,Email,Tablet,19,17,54,0.632,236.1,0
2025-04-15,Referral,Desktop,90,70,224,0.686,215.8,1
2025-04-15,Referral,Mobile,91,70,309,0.543,102.6,2
2025-04-15,Referral,Tablet,13,9,36,0.327,142.4,0
2025-04-16,Organic Search,Desktop,542,471,1186,0.603,210.4,6
2025-04-16,Organic Search,Mobile,1012,771,4389,0.623,47.4,22
2025-04-16,Organic Search,Tablet,127,107,416,0.397,192.6,1
2025-04-16,Paid Search,Desktop,292,259,821,0.603,110.4,6
2025-04-16,Paid Search,Mobile,344,259,915,0.658,117.0,2
2025-04-16,Paid Search,Tablet,46,38,204,0.58,177.6,0
2025-04-16,Social,Desktop,322,293,1067,0.549,130.6,5
2025-04-16,Social,Mobile,482,369,1393,0.485,131.6,2
2025-04-16,Social,Tablet,56,51,201,0.458,195.2,0
2025-04-16,Direct,Desktop,233,175,1019,0.374,180.5,5
2025-04-16,Direct,Mobile,335,302,687,0.357,226.1,1
2025-04-16,Direct,Tablet,48,43,155,0.325,88.8,0
2025-04-16,Email,Desktop,102,86,289,0.522,143.4,1
2025-04-16,Email,Mobile,104,78,415,0.394,158.5,0
2025-04-16,Email,Tablet,14,12,58,0.517,137.1,0
2025-04-16,Referral,Desktop,80,65,288,0.476,49.2,0
2025-04-16,Referral,Mobile,104,94,372,0.65,139.4,0
2025-04-16,Referral,Tablet,16,14,40,0.532,69.1,0
2025-04-17,Organic Search,Desktop,623,502,1700,0.678,149.1,14
2025-04-17,Organic Search,Mobile,975,899,3749,0.334,186.8,28
2025-04-17,Organic Search,Tablet,145,115,385,0.325,107.8,0
2025-04-17,Paid Search,Desktop,226,203,755,0.696,214.0,5
2025-04-17,Paid Search,Mobile,431,349,1098,0.625,195.1,2
2025-04-17,Paid Search,Tablet,56,45,149,0.306,94.4,1
2025-04-17,Social,Desktop,471,412,1004,0.49,65.5,4
2025-04-17,Social,Mobile,389,357,1597,0.621,45.8,5
2025-04-17,Social,Tablet,62,52,130,0.646,98.3,0
2025-04-17,Direct,Desktop,185,160,396,0.695,164.7,2
2025-04-17,Direct,Mobile,238,194,510,0.592,104.5,6
2025-04-17,Direct,Tablet,49,38,190,0.389,56.4,0
2025-04-17,Email,Desktop,89,80,345,0.677,213.5,1
2025-04-17,Email,Mobile,111,91,243,0.462,211.1,2
2025-04-17,Email,Tablet,14,12,42,0.516,85.7,0
2025-04-17,Referral,Desktop,62,47,219,0.581,179.6,1
2025-04-17,Referral,Mobile,95,85,250,0.534,96.2,2
2025-04-17,Referral,Tablet,11,9,48,0.323,51.0,0
2025-04-18,Organic Search,Desktop,596,539,2322,0.559,64.0,10
2025-04-18,Organic Search,Mobile,757,699,1931,0.323,60.6,14
2025-04-18,Organic Search,Tablet,141,115,428,0.408,153.6,2
2025-04-18,Paid Search,Desktop,304,284,908,0.344,216.9,3
2025-04-18,Paid Search,Mobile,343,273,687,0.506,54.5,10
2025-04-18,Paid Search,Tablet,52,40,207,0.332,116.2,1
2025-04-18,Social,Desktop,287,215,714,0.48,58.4,6
2025-04-18,Social,Mobile,413,367,1140,0.407,83.6,10
2025-04-18,Social,Tablet,52,40,159,0.589,96.0,0
2025-04-18,Direct,Desktop,247,225,555,0.475,105.6,4
2025-04-18,Direct,Mobile,260,229,1060,0.354,52.9,2
2025-04-18,Direct,Tablet,54,41,194,0.671,51.8,1
2025-04-18,Email,Desktop,87,77,249,0.462,184.2,2
2025-04-18,Email,Mobile,120,113,393,0.546,66.1,1
2025-04-18,Email,Tablet,27,22,81,0.64,124.3,0
2025-04-18,Referral,Desktop,66,61,268,0.649,223.2,1
2025-04-18,Referral,Mobile,119,103,424,0.353,134.2,2
2025-04-18,Referral,Tablet,15,13,60,0.693,61.1,0
2025-04-19,Organic Search,Desktop,564,470,1776,0.326,184.0,7
2025-04-19,Organic Search,Mobile,854,640,3505,0.451,150.1,20
2025-04-19,Organic Search,Tablet,135,120,258,0.572,120.3,2
2025-04-19,Paid Search,Desktop,297,275,969,0.427,94.6,6
2025-04-19,Paid Search,Mobile,413,389,1548,0.442,128.7,7
2025-04-19,Paid Search,Tablet,43,34,125,0.304,218.2,1
2025-04-19,Social,Desktop,346,261,1275,0.349,210.6,9
2025-04-19,Social,Mobile,514,486,1846,0.567,93.6,7
2025-04-19,Social,Tablet,61,49,148,0.631,179.0,1
2025-04-19,Direct,Desktop,263,217,514,0.46,145.9,4
2025-04-19,Direct,Mobile,325,266,736,0.305,83.6,2
2025-04-19,Direct,Tablet,48,42,92,0.442,76.8,0
2025-04-19,Email,Desktop,97,74,176,0.582,183.3,1
2025-04-19,Email,Mobile,133,121,520,0.685,173.5,2
2025-04-19,Email,Tablet,23,21,79,0.452,65.6,0
2025-04-19,Referral,Desktop,69,64,193,0.695,220.0,0
2025-04-19,Referral,Mobile,75,65,300,0.307,87.1,1
2025-04-19,Referral,Tablet,14,11,44,0.61,190.3,0
2025-04-20,Organic Search,Desktop,557,518,1515,0.362,102.9,10
2025-04-20,Organic Search,Mobile,830,769,2115,0.674,172.2,13
2025-04-20,Organic Search,Tablet,135,110,525,0.658,167.9,1
2025-04-20,Paid Search,Desktop,272,221,835,0.45,134.4,3
2025-04-20,Paid Search,Mobile,379,314,1153,0.59,135.9,4
2025-04-20,Paid Search,Tablet,50,39,168,0.594,148.1,0
2025-04-20,Social,Desktop,444,349,1482,0.445,100.2,9
2025-04-20,Social,Mobile,454,369,1163,0.627,221.7,9
2025-04-20,Social,Tablet,79,66,351,0.632,185.3,0
2025-04-20,Direct,Desktop,299,226,1013,0.595,160.8,1
2025-04-20,Direct,Mobile,216,180,407,0.427,93.1,2
2025-04-20,Direct,Tablet,53,48,175,0.383,165.2,0
2025-04-20,Email,Desktop,93,87,355,0.331,184.2,1
2025-04-20,Email,Mobile,99,93,427,0.684,112.8,1
2025-04-20,Email,Tablet,20,16,68,0.444,90.9,0
2025-04-20,Referral,Desktop,94,81,378,0.57,239.0,1
2025-04-20,Referral,Mobile,124,94,407,0.419,102.5,0
2025-04-20,Referral,Tablet,15,13,45,0.444,160.6,0
2025-04-21,Organic Search,Desktop,590,448,2030,0.623,210.8,16
2025-04-21,Organic Search,Mobile,882,704,3037,0.591,65.0,13
2025-04-21,Organic Search,Tablet,156,146,614,0.301,103.4,1
2025-04-21,Paid Search,Desktop,284,258,1065,0.348,236.8,8
2025-04-21,Paid Search,Mobile,326,249,1014,0.487,206.3,7
2025-04-21,Paid Search,Tablet,47,43,103,0.474,189.4,0
2025-04-21,Social,Desktop,309,268,1329,0.686,129.2,6
2025-04-21,Social,Mobile,396,307,1480,0.31,48.3,7
2025-04-21,Social,Tablet,75,68,146,0.501,170.3,1
2025-04-21,Direct,Desktop,216,190,439,0.437,134.0,4
2025-04-21,Direct,Mobile,317,276,1350,0.338,54.2,7
2025-04-21,Direct,Tablet,48,39,130,0.598,177.6,0
2025-04-21,Email,Desktop,90,76,286,0.388,221.7,0
2025-04-21,Email,Mobile,135,107,352,0.331,117.2,2
2025-04-21,Email,Tablet,20,18,36,0.516,174.7,0
2025-04-21,Referral,Desktop,58,44,156,0.538,86.7,1
2025-04-21,Referral,Mobile,77,59,252,0.639,236.4,0
2025-04-21,Referral,Tablet,15,11,43,0.4,64.8,0
2025-04-22,Organic Search,Desktop,731,581,1324,0.464,46.3,10
2025-04-22,Organic Search,Mobile,906,697,3596,0.371,211.5,22
2025-04-22,Organic Search,Tablet,123,92,491,0.494,238.4,0
2025-04-22,Paid Search,Desktop,272,248,673,0.5,178.9,7
2025-04-22,Paid Search,Mobile,294,235,535,0.628,47.2,7
2025-04-22,Paid Search,Tablet,47,39,162,0.661,72.9,0
2025-04-22,Social,Desktop,254,229,464,0.66,155.7,4
2025-04-22,Social,Mobile,346,294,1238,0.497,192.3,8
2025-04-22,Social,Tablet,63,53,152,0.375,104.5,1
2025-04-22,Direct,Desktop,217,185,406,0.439,96.3,3
2025-04-22,Direct,Mobile,288,244,1149,0.479,174.7,2
2025-04-22,Direct,Tablet,47,36,86,0.326,100.1,1
2025-04-22,Email,Desktop,101,80,433,0.399,91.5,2
2025-04-22,Email,Mobile,97,89,332,0.624,169.1,2
2025-04-22,Email,Tablet,14,11,27,0.397,171.1,0
2025-04-22,Referral,Desktop,64,53,133,0.312,225.2,0
2025-04-22,Referral,Mobile,111,84,496,0.382,115.3,0
2025-04-22,Referral,Tablet,14,11,55,0.369,188.9,0
2025-04-23,Organic Search,Desktop,523,431,1559,0.322,126.3,13
2025-04-23,Organic Search,Mobile,989,785,4403,0.511,77.8,27
2025-04-23,Organic Search,Tablet,123,106,512,0.543,108.5,1
2025-04-23,Paid Search,Desktop,202,186,454,0.432,67.2,3
2025-04-23,Paid Search,Mobile,283,264,707,0.658,222.1,8
2025-04-23,Paid Search,Tablet,55,50,152,0.328,232.5,0
2025-04-23,Social,Desktop,260,232,1003,0.478,172.0,5
2025-04-23,Social,Mobile,489,379,1004,0.51,54.9,11
2025-04-23,Social,Tablet,57,44,196,0.633,117.9,1
2025-04-23,Direct,Desktop,218,180,525,0.528,133.3,5
2025-04-23,Direct,Mobile,276,258,874,0.594,88.0,5
2025-04-23,Direct,Tablet,42,32,93,0.338,47.0,0
2025-04-23,Email,Desktop,91,73,375,0.672,123.3,2
2025-04-23,Email,Mobile,126,98,358,0.645,56.1,0
2025-04-23,Email,Tablet,15,11,66,0.55,116.8,0
2025-04-23,Referral,Desktop,78,71,147,0.51,51.7,1
2025-04-23,Referral,Mobile,92,72,330,0.432,210.9,0
2025-04-23,Referral,Tablet,10,7,41,0.601,143.1,0
2025-04-24,Organic Search,Desktop,684,513,2844,0.683,111.1,14
2025-04-24,Organic Search,Mobile,886,677,2530,0.565,177.6,15
2025-04-24,Organic Search,Tablet,150,139,587,0.311,151.6,3
2025-04-24,Paid Search,Desktop,263,245,1114,0.567,56.3,2
2025-04-24,Paid Search,Mobile,321,253,1413,0.387,59.8,4
2025-04-24,Paid Search,Tablet,46,37,105,0.679,130.9,1
2025-04-24,Social,Desktop,302,231,1205,0.54,176.2,3
2025-04-24,Social,Mobile,417,356,978,0.501,199.8,8
2025-04-24,Social,Tablet,53,42,145,0.411,155.3,0
2025-04-24,Direct,Desktop,225,172,999,0.64,52.1,5
2025-04-24,Direct,Mobile,215,168,966,0.428,199.4,5
2025-04-24,Direct,Tablet,52,43,159,0.454,52.9,1
2025-04-24,Email,Desktop,95,74,180,0.353,217.4,2
2025-04-24,Email,Mobile,110,83,363,0.675,111.7,1
2025-04-24,Email,Tablet,21,17,53,0.491,219.5,0
2025-04-24,Referral,Desktop,73,57,219,0.558,121.7,2
2025-04-24,Referral,Mobile,89,72,320,0.45,191.3,1
2025-04-24,Referral,Tablet,18,13,75,0.504,88.4,0
2025-04-25,Organic Search,Desktop,645,598,1755,0.345,120.9,11
2025-04-25,Organic Search,Mobile,906,775,3559,0.448,140.2,23
2025-04-25,Organic Search,Tablet,113,105,426,0.535,171.2,3
2025-04-25,Paid Search,Desktop,363,298,1439,0.685,234.7,5
2025-04-25,Paid Search,Mobile,298,278,1023,0.6,173.7,6
2025-04-25,Paid Search,Tablet,44,33,188,0.527,98.5,0
2025-04-25,Social,Desktop,325,307,970,0.495,65.9,4
2025-04-25,Social,Mobile,483,422,1586,0.361,152.1,10
2025-04-25,Social,Tablet,57,52,241,0.548,138.2,1
2025-04-25,Direct,Desktop,215,197,409,0.544,124.2,5
2025-04-25,Direct,Mobile,303,283,987,0.355,114.1,8
2025-04-25,Direct,Tablet,44,40,147,0.57,87.9,1
2025-04-25,Email,Desktop,99,81,346,0.582,198.1,2
2025-04-25,Email,Mobile,132,122,571,0.665,199.1,1
2025-04-25,Email,Tablet,23,20,65,0.425,215.6,0
2025-04-25,Referral,Desktop,61,53,194,0.582,125.4,0
2025-04-25,Referral,Mobile,86,78,303,0.471,73.9,1
2025-04-25,Referral,Tablet,14,13,36,0.678,149.4,0
2025-04-26,Organic Search,Desktop,750,691,1378,0.629,73.1,6
2025-04-26,Organic Search,Mobile,927,849,3953,0.509,70.3,20
2025-04-26,Organic Search,Tablet,143,108,471,0.323,94.1,1
2025-04-26,Paid Search,Desktop,274,206,990,0.634,70.9,5
2025-04-26,Paid Search,Mobile,375,291,1164,0.675,210.2,3
2025-04-26,Paid Search,Tablet,62,58,148,0.449,109.8,1
2025-04-26,Social,Desktop,385,307,1216,0.63,136.3,2
2025-04-26,Social,Mobile,562,505,2246,0.522,232.6,13
2025-04-26,Social,Tablet,73,62,203,0.344,180.7,0
2025-04-26,Direct,Desktop,271,249,1023,0.586,167.2,1
2025-04-26,Direct,Mobile,357,283,1592,0.329,46.9,5
2025-04-26,Direct,Tablet,41,31,104,0.561,217.3,0
2025-04-26,Email,Desktop,87,74,383,0.327,84.5,1
2025-04-26,Email,Mobile,101,76,316,0.417,173.9,2
2025-04-26,Email,Tablet,19,16,50,0.645,148.9,0
2025-04-26,Referral,Desktop,87,68,271,0.565,50.9,1
2025-04-26,Referral,Mobile,106,86,328,0.474,203.7,2
2025-04-26,Referral,Tablet,13,10,42,0.326,228.1,0
2025-04-27,Organic Search,Desktop,710,534,1888,0.58,130.3,12
2025-04-27,Organic Search,Mobile,1038,952,3326,0.39,159.4,21
2025-04-27,Organic Search,Tablet,141,111,416,0.622,59.7,1
2025-04-27,Paid Search,Desktop,269,228,1110,0.32,77.7,5
2025-04-27,Paid Search,Mobile,319,245,940,0.404,228.0,6
2025-04-27,Paid Search,Tablet,47,41,108,0.508,164.3,0
2025-04-27,Social,Desktop,371,313,816,0.367,188.2,10
2025-04-27,Social,Mobile,417,315,886,0.552,120.7,7
2025-04-27,Social,Tablet,58,49,241,0.515,50.8,0
2025-04-27,Direct,Desktop,261,221,977,0.697,51.5,7
2025-04-27,Direct,Mobile,326,248,688,0.366,118.0,4
2025-04-27,Direct,Tablet,45,39,104,0.306,116.1,0
2025-04-27,Email,Desktop,100,79,272,0.598,113.5,1
2025-04-27,Email,Mobile,123,110,435,0.525,114.5,2
2025-04-27,Email,Tablet,16,12,69,0.498,99.4,0
2025-04-27,Referral,Desktop,81,72,195,0.393,112.1,1
2025-04-27,Referral,Mobile,91,83,402,0.369,71.1,0
2025-04-27,Referral,Tablet,12,11,26,0.34,181.1,0
2025-04-28,Organic Search,Desktop,604,517,2501,0.567,213.4,3
2025-04-28,Organic Search,Mobile,917,808,3226,0.584,200.9,4
2025-04-28,Organic Search,Tablet,124,115,506,0.569,66.2,1
2025-04-28,Paid Search,Desktop,204,185,432,0.455,230.8,4
2025-04-28,Paid Search,Mobile,272,250,741,0.594,159.8,7
2025-04-28,Paid Search,Tablet,49,37,135,0.573,90.4,1
2025-04-28,Social,Desktop,346,303,869,0.484,197.0,4
2025-04-28,Social,Mobile,476,368,2065,0.463,145.5,10
2025-04-28,Social,Tablet,72,55,260,0.582,198.0,1
2025-04-28,Direct,Desktop,152,137,473,0.309,161.9,1
2025-04-28,Direct,Mobile,262,235,475,0.509,204.9,4
2025-04-28,Direct,Tablet,46,41,192,0.447,121.4,0
2025-04-28,Email,Desktop,98,92,200,0.584,137.3,1
2025-04-28,Email,Mobile,84,79,326,0.532,62.0,2
2025-04-28,Email,Tablet,20,17,70,0.495,163.6,0
2025-04-28,Referral,Desktop,63,59,205,0.383,194.6,0
2025-04-28,Referral,Mobile,113,91,344,0.699,209.4,1
2025-04-28,Referral,Tablet,13,12,53,0.648,55.9,0
2025-04-29,Organic Search,Desktop,727,620,2423,0.511,125.4,9
2025-04-29,Organic Search,Mobile,1010,863,2668,0.456,48.2,11
2025-04-29,Organic Search,Tablet,158,137,384,0.534,135.9,3
2025-04-29,Paid Search,Desktop,405,306,1553,0.332,157.3,6
2025-04-29,Paid Search,Mobile,349,316,1212,0.423,160.7,9
2025-04-29,Paid Search,Tablet,37,34,136,0.348,170.0,0
2025-04-29,Social,Desktop,243,229,651,0.619,125.1,5
2025-04-29,Social,Mobile,410,354,1207,0.364,49.3,8
2025-04-29,Social,Tablet,49,46,109,0.471,225.4,0
2025-04-29,Direct,Desktop,216,165,897,0.385,91.3,3
2025-04-29,Direct,Mobile,254,211,492,0.337,194.4,7
2025-04-29,Direct,Tablet,42,37,134,0.606,164.5,1
2025-04-29,Email,Desktop,98,92,293,0.573,45.5,0
2025-04-29,Email,Mobile,110,91,323,0.61,157.0,2
2025-04-29,Email,Tablet,14,12,30,0.487,79.9,0
2025-04-29,Referral,Desktop,53,46,221,0.332,113.3,0
2025-04-29,Referral,Mobile,75,68,168,0.522,131.9,1
2025-04-29,Referral,Tablet,13,12,54,0.478,145.8,0
2025-04-30,Organic Search,Desktop,611,573,1996,0.346,183.2,17
2025-04-30,Organic Search,Mobile,792,713,1913,0.66,191.3,9
2025-04-30,Organic Search,Tablet,114,96,320,0.697,79.1,1
2025-04-30,Paid Search,Desktop,221,167,443,0.348,54.3,6
2025-04-30,Paid Search,Mobile,279,218,1006,0.548,62.3,7
2025-04-30,Paid Search,Tablet,53,45,97,0.323,156.6,1
2025-04-30,Social,Desktop,295,270,1029,0.536,101.1,7
2025-04-30,Social,Mobile,634,529,1882,0.418,161.8,17
2025-04-30,Social,Tablet,70,56,175,0.309,64.7,0
2025-04-30,Direct,Desktop,203,157,661,0.438,128.0,2
2025-04-30,Direct,Mobile,321,270,782,0.536,137.9,6
2025-04-30,Direct,Tablet,55,49,139,0.327,80.2,0
2025-04-30,Email,Desktop,82,62,263,0.535,153.9,1
2025-04-30,Email,Mobile,100,88,285,0.413,111.3,1
2025-04-30,Email,Tablet,19,17,81,0.44,65.8,0
2025-04-30,Referral,Desktop,70,58,302,0.403,231.0,1
2025-04-30,Referral,Mobile,95,83,182,0.576,144.8,1
2025-04-30,Referral,Tablet,16,13,52,0.501,120.6,0
2025-05-01,Organic Search,Desktop,715,549,2986,0.481,55.2,17
2025-05-01,Organic Search,Mobile,967,781,4033,0.388,154.1,11
2025-05-01,Organic Search,Tablet,131,115,495,0.626,84.2,2
2025-05-01,Paid Search,Desktop,236,210,771,0.512,96.3,1
2025-05-01,Paid Search,Mobile,390,323,1647,0.655,172.1,7
2025-05-01,Paid Search,Tablet,47,44,97,0.447,176.7,1
2025-05-01,Social,Desktop,389,314,1138,0.591,230.2,9
2025-05-01,Social,Mobile,361,278,1102,0.506,177.7,9
2025-05-01,Social,Tablet,79,70,151,0.568,61.2,1
2025-05-01,Direct,Desktop,270,242,529,0.328,146.9,5
2025-05-01,Direct,Mobile,327,269,1012,0.343,91.7,4
2025-05-01,Direct,Tablet,42,39,143,0.577,214.1,0
2025-05-01,Email,Desktop,104,83,321,0.433,106.8,2
2025-05-01,Email,Mobile,114,85,304,0.54,46.5,1
2025-05-01,Email,Tablet,21,19,46,0.631,125.2,0
2025-05-01,Referral,Desktop,66,57,174,0.559,52.0,1
2025-05-01,Referral,Mobile,117,105,226,0.427,75.4,3
2025-05-01,Referral,Tablet,20,16,62,0.392,126.9,0
2025-05-02,Organic Search,Desktop,862,680,1675,0.511,190.4,14
2025-05-02,Organic Search,Mobile,846,645,1955,0.363,84.7,9
2025-05-02,Organic Search,Tablet,141,118,632,0.351,238.6,3
2025-05-02,Paid Search,Desktop,324,244,997,0.38,238.8,4
2025-05-02,Paid Search,Mobile,368,303,1090,0.637,133.8,4
2025-05-02,Paid Search,Tablet,53,41,145,0.532,168.5,0
2025-05-02,Social,Desktop,410,332,894,0.595,146.8,9
2025-05-02,Social,Mobile,510,478,1846,0.682,88.8,12
2025-05-02,Social,Tablet,82,73,158,0.319,77.7,0
2025-05-02,Direct,Desktop,221,179,686,0.313,196.1,2
2025-05-02,Direct,Mobile,321,241,1034,0.412,216.5,3
2025-05-02,Direct,Tablet,45,36,129,0.646,175.6,0
2025-05-02,Email,Desktop,100,82,234,0.451,131.2,1
2025-05-02,Email,Mobile,115,106,209,0.338,119.4,3
2025-05-02,Email,Tablet,19,15,77,0.346,172.1,0
2025-05-02,Referral,Desktop,81,71,240,0.454,65.1,1
2025-05-02,Referral,Mobile,122,107,255,0.351,72.6,2
2025-05-02,Referral,Tablet,19,17,53,0.361,185.0,0
2025-05-03,Organic Search,Desktop,653,503,2192,0.4,129.7,13
2025-05-03,Organic Search,Mobile,1387,1046,5204,0.433,198.8,36
2025-05-03,Organic Search,Tablet,156,127,622,0.344,154.1,1
2025-05-03,Paid Search,Desktop,372,306,1526,0.69,124.5,9
2025-05-03,Paid Search,Mobile,316,271,728,0.486,126.4,9
2025-05-03,Paid Search,Tablet,60,51,142,0.647,224.1,0
2025-05-03,Social,Desktop,378,291,943,0.411,122.4,2
2025-05-03,Social,Mobile,489,369,2181,0.422,219.0,13
2025-05-03,Social,Tablet,101,93,404,0.396,110.2,0
2025-05-03,Direct,Desktop,284,237,908,0.351,167.3,5
2025-05-03,Direct,Mobile,374,311,1117,0.512,234.4,2
2025-05-03,Direct,Tablet,56,42,117,0.335,171.4,0
2025-05-03,Email,Desktop,126,118,386,0.608,140.0,1
2025-05-03,Email,Mobile,167,155,656,0.412,120.1,1
2025-05-03,Email,Tablet,16,14,59,0.654,82.6,0
2025-05-03,Referral,Desktop,94,72,397,0.546,89.5,0
2025-05-03,Referral,Mobile,125,101,542,0.413,54.4,1
2025-05-03,Referral,Tablet,15,11,31,0.463,89.6,0
2025-05-04,Organic Search,Desktop,705,635,2255,0.341,61.8,4
2025-05-04,Organic Search,Mobile,1023,946,3443,0.325,125.6,11
2025-05-04,Organic Search,Tablet,146,135,469,0.643,239.8,1
2025-05-04,Paid Search,Desktop,292,243,860,0.427,161.7,2
2025-05-04,Paid Search,Mobile,465,386,1077,0.554,155.9,11
2025-05-04,Paid Search,Tablet,76,62,218,0.461,57.5,0
2025-05-04,Social,Desktop,445,392,1425,0.409,88.3,12
2025-05-04,Social,Mobile,425,401,1635,0.343,128.9,9
2025-05-04,Social,Tablet,91,77,208,0.475,155.7,2
2025-05-04,Direct,Desktop,267,228,924,0.392,140.2,7
2025-05-04,Direct,Mobile,370,314,1356,0.386,170.3,3
2025-05-04,Direct,Tablet,51,40,202,0.372,118.2,1
2025-05-04,Email,Desktop,92,84,338,0.315,226.4,2
2025-05-04,Email,Mobile,126,112,460,0.461,198.9,1
2025-05-04,Email,Tablet,19,17,76,0.629,104.3,0
2025-05-04,Referral,Desktop,105,95,268,0.694,93.8,2
2025-05-04,Referral,Mobile,93,87,390,0.329,109.9,2
2025-05-04,Referral,Tablet,16,13,34,0.356,102.3,0
2025-05-05,Organic Search,Desktop,549,430,1825,0.683,107.8,11
2025-05-05,Organic Search,Mobile,1043,913,4118,0.46,183.6,17
2025-05-05,Organic Search,Tablet,130,112,281,0.387,239.3,3
2025-05-05,Paid Search,Desktop,275,221,618,0.531,164.6,2
2025-05-05,Paid Search,Mobile,401,362,1210,0.515,128.8,6
2025-05-05,Paid Search,Tablet,69,61,212,0.333,213.9,1
2025-05-05,Social,Desktop,351,316,1090,0.682,82.6,10
2025-05-05,Social,Mobile,504,428,1583,0.399,115.6,13
2025-05-05,Social,Tablet,61,46,190,0.316,88.5,1
2025-05-05,Direct,Desktop,264,208,978,0.504,151.4,3
2025-05-05,Direct,Mobile,349,325,1028,0.432,194.0,7
2025-05-05,Direct,Tablet,35,29,85,0.384,129.4,0
2025-05-05,Email,Desktop,101,83,290,0.457,92.3,0
2025-05-05,Email,Mobile,133,115,333,0.675,68.3,3
2025-05-05,Email,Tablet,21,16,61,0.656,91.1,0
2025-05-05,Referral,Desktop,73,60,179,0.476,162.2,0
2025-05-05,Referral,Mobile,106,79,246,0.62,141.8,0
2025-05-05,Referral,Tablet,14,10,32,0.691,219.0,0
2025-05-06,Organic Search,Desktop,843,734,3596,0.394,68.5,15
2025-05-06,Organic Search,Mobile,763,711,1458,0.419,132.8,17
2025-05-06,Organic Search,Tablet,106,86,334,0.543,78.7,0
2025-05-06,Paid Search,Desktop,308,252,709,0.533,83.6,2
2025-05-06,Paid Search,Mobile,314,268,941,0.478,118.2,2
2025-05-06,Paid Search,Tablet,48,40,140,0.37,152.1,1
2025-05-06,Social,Desktop,347,294,1534,0.568,105.7,1
2025-05-06,Social,Mobile,503,461,1316,0.5,213.6,4
2025-05-06,Social,Tablet,70,63,283,0.526,50.7,0
2025-05-06,Direct,Desktop,276,237,783,0.617,77.7,3
2025-05-06,Direct,Mobile,306,266,988,0.491,86.3,5
2025-05-06,Direct,Tablet,59,54,142,0.693,133.5,0
2025-05-06,Email,Desktop,121,105,523,0.527,55.3,1
2025-05-06,Email,Mobile,140,123,387,0.409,78.2,1
2025-05-06,Email,Tablet,22,17,90,0.668,199.7,0
2025-05-06,Referral,Desktop,92,73,334,0.407,121.7,2
2025-05-06,Referral,Mobile,101,80,417,0.337,165.5,0
2025-05-06,Referral,Tablet,21,19,63,0.304,176.0,0
2025-05-07,Organic Search,Desktop,836,726,3389,0.354,60.6,23
2025-05-07,Organic Search,Mobile,943,774,1740,0.436,167.2,7
2025-05-07,Organic Search,Tablet,128,118,290,0.475,172.6,3
2025-05-07,Paid Search,Desktop,344,286,1323,0.602,186.7,3
2025-05-07,Paid Search,Mobile,369,330,816,0.495,73.9,7
2025-05-07,Paid Search,Tablet,49,42,89,0.506,155.9,0
2025-05-07,Social,Desktop,418,333,1261,0.396,224.6,11
2025-05-07,Social,Mobile,385,346,1399,0.352,201.6,5
2025-05-07,Social,Tablet,79,67,316,0.328,116.6,0
2025-05-07,Direct,Desktop,226,183,416,0.614,57.2,4
2025-05-07,Direct,Mobile,402,354,1594,0.621,73.6,5
2025-05-07,Direct,Tablet,68,59,214,0.376,237.3,0
2025-05-07,Email,Desktop,92,80,278,0.403,189.7,1
2025-05-07,Email,Mobile,137,107,603,0.613,188.8,1
2025-05-07,Email,Tablet,21,19,55,0.685,200.3,0
2025-05-07,Referral,Desktop,83,69,326,0.562,180.9,0
2025-05-07,Referral,Mobile,82,74,328,0.538,46.6,1
2025-05-07,Referral,Tablet,16,12,36,0.555,210.8,0
2025-05-08,Organic Search,Desktop,650,605,2399,0.464,238.6,6
2025-05-08,Organic Search,Mobile,739,689,2966,0.439,193.5,12
2025-05-08,Organic Search,Tablet,193,156,698,0.339,73.0,4
2025-05-08,Paid Search,Desktop,298,257,601,0.301,192.2,4
2025-05-08,Paid Search,Mobile,406,325,1437,0.625,70.0,5
2025-05-08,Paid Search,Tablet,55,48,111,0.563,164.1,1
2025-05-08,Social,Desktop,367,294,1296,0.433,197.5,6
2025-05-08,Social,Mobile,568,526,1180,0.527,237.8,15
2025-05-08,Social,Tablet,88,78,353,0.601,100.5,0
2025-05-08,Direct,Desktop,197,164,612,0.582,126.7,2
2025-05-08,Direct,Mobile,291,219,720,0.683,145.6,6
2025-05-08,Direct,Tablet,59,44,155,0.517,229.3,0
2025-05-08,Email,Desktop,94,76,173,0.369,140.5,1
2025-05-08,Email,Mobile,112,91,429,0.393,220.1,2
2025-05-08,Email,Tablet,20,18,76,0.424,103.4,0
2025-05-08,Referral,Desktop,51,47,159,0.576,220.3,0
2025-05-08,Referral,Mobile,103,94,216,0.452,71.6,0
2025-05-08,Referral,Tablet,17,13,52,0.351,122.1,0
2025-05-09,Organic Search,Desktop,668,595,1607,0.633,238.0,3
2025-05-09,Organic Search,Mobile,917,851,3849,0.373,216.2,11
2025-05-09,Organic Search,Tablet,126,103,511,0.669,129.2,2
2025-05-09,Paid Search,Desktop,275,216,762,0.684,199.0,2
2025-05-09,Paid Search,Mobile,375,282,1382,0.687,184.6,6
2025-05-09,Paid Search,Tablet,44,34,139,0.322,203.5,0
2025-05-09,Social,Desktop,279,263,1158,0.649,131.8,5
2025-05-09,Social,Mobile,572,438,2234,0.395,162.1,9
2025-05-09,Social,Tablet,110,89,245,0.635,167.0,2
2025-05-09,Direct,Desktop,233,199,868,0.459,47.5,4
2025-05-09,Direct,Mobile,351,316,963,0.638,121.4,9
2025-05-09,Direct,Tablet,53,50,213,0.497,105.5,0
2025-05-09,Email,Desktop,93,82,191,0.506,126.8,2
2025-05-09,Email,Mobile,137,125,311,0.582,61.1,3
2025-05-09,Email,Tablet,19,16,37,0.31,62.1,0
2025-05-09,Referral,Desktop,81,69,341,0.39,51.8,0
2025-05-09,Referral,Mobile,87,73,379,0.443,149.1,1
2025-05-09,Referral,Tablet,20,16,83,0.502,87.4,0
2025-05-10,Organic Search,Desktop,938,793,2092,0.399,59.5,5
2025-05-10,Organic Search,Mobile,952,899,1981,0.555,164.7,23
2025-05-10,Organic Search,Tablet,128,118,366,0.375,165.8,1
2025-05-10,Paid Search,Desktop,340,267,1388,0.586,87.5,8
2025-05-10,Paid Search,Mobile,438,352,1848,0.647,232.8,12
2025-05-10,Paid Search,Tablet,67,51,170,0.33,176.1,1
2025-05-10,Social,Desktop,430,353,1035,0.315,92.3,3
2025-05-10,Social,Mobile,462,420,1957,0.345,162.9,5
2025-05-10,Social,Tablet,65,58,217,0.331,199.2,0
2025-05-10,Direct,Desktop,277,224,628,0.575,97.4,5
2025-05-10,Direct,Mobile,409,381,757,0.612,153.2,5
2025-05-10,Direct,Tablet,51,40,107,0.421,147.0,0
2025-05-10,Email,Desktop,109,83,277,0.689,184.4,2
2025-05-10,Email,Mobile,135,106,555,0.338,156.6,3
2025-05-10,Email,Tablet,18,15,55,0.619,59.3,0
2025-05-10,Referral,Desktop,118,102,264,0.631,161.4,1
2025-05-10,Referral,Mobile,130,116,283,0.366,212.4,1
2025-05-10,Referral,Tablet,15,12,66,0.47,54.5,0
2025-05-11,Organic Search,Desktop,827,747,2712,0.473,226.7,9
2025-05-11,Organic Search,Mobile,921,802,2432,0.683,182.5,17
2025-05-11,Organic Search,Tablet,197,186,717,0.332,81.3,4
2025-05-11,Paid Search,Desktop,268,217,895,0.398,198.5,2
2025-05-11,Paid Search,Mobile,465,389,1283,0.695,213.4,13
2025-05-11,Paid Search,Tablet,67,50,298,0.65,199.6,0
2025-05-11,Social,Desktop,550,465,1305,0.609,198.3,7
2025-05-11,Social,Mobile,515,402,1808,0.579,96.4,6
2025-05-11,Social,Tablet,91,78,334,0.325,185.9,2
2025-05-11,Direct,Desktop,282,246,738,0.487,179.4,2
2025-05-11,Direct,Mobile,313,259,869,0.471,91.0,7
2025-05-11,Direct,Tablet,57,44,199,0.613,220.1,1
2025-05-11,Email,Desktop,125,105,272,0.343,160.3,1
2025-05-11,Email,Mobile,166,142,400,0.325,138.9,4
2025-05-11,Email,Tablet,21,17,93,0.459,194.6,0
2025-05-11,Referral,Desktop,85,76,246,0.522,94.4,1
2025-05-11,Referral,Mobile,123,97,297,0.357,115.0,0
2025-05-11,Referral,Tablet,15,12,28,0.559,195.8,0
2025-05-12,Organic Search,Desktop,631,522,2514,0.61,172.1,13
2025-05-12,Organic Search,Mobile,913,702,2666,0.59,197.9,10
2025-05-12,Organic Search,Tablet,129,119,490,0.546,139.8,3
2025-05-12,Paid Search,Desktop,311,287,845,0.497,128.2,5
2025-05-12,Paid Search,Mobile,482,382,1426,0.399,144.4,7
2025-05-12,Paid Search,Tablet,65,60,269,0.318,237.1,0
2025-05-12,Social,Desktop,337,265,944,0.501,238.5,2
2025-05-12,Social,Mobile,367,328,1578,0.449,181.2,7
2025-05-12,Social,Tablet,79,64,298,0.669,49.6,0
2025-05-12,Direct,Desktop,287,222,1276,0.543,231.4,5
2025-05-12,Direct,Mobile,326,279,1018,0.624,175.8,4
2025-05-12,Direct,Tablet,38,35,92,0.467,190.3,1
2025-05-12,Email,Desktop,112,99,230,0.448,148.1,1
2025-05-12,Email,Mobile,118,97,482,0.427,98.9,3
2025-05-12,Email,Tablet,21,16,64,0.463,117.7,0
2025-05-12,Referral,Desktop,88,75,174,0.507,100.3,1
2025-05-12,Referral,Mobile,97,74,178,0.612,121.5,2
2025-05-12,Referral,Tablet,14,10,36,0.578,80.1,0
2025-05-13,Organic Search,Desktop,758,588,3239,0.469,210.3,11
2025-05-13,Organic Search,Mobile,1045,798,4465,0.622,178.3,6
2025-05-13,Organic Search,Tablet,134,106,400,0.314,163.6,2
2025-05-13,Paid Search,Desktop,216,177,744,0.468,229.3,5
2025-05-13,Paid Search,Mobile,456,409,1651,0.333,230.7,5
2025-05-13,Paid Search,Tablet,56,49,216,0.375,161.9,0
2025-05-13,Social,Desktop,329,263,1244,0.525,105.7,5
2025-05-13,Social,Mobile,505,409,2070,0.607,101.2,11
2025-05-13,Social,Tablet,72,63,308,0.412,130.8,2
2025-05-13,Direct,Desktop,219,185,527,0.698,232.7,3
2025-05-13,Direct,Mobile,374,340,1478,0.491,72.5,7
2025-05-13,Direct,Tablet,57,44,248,0.34,185.9,0
2025-05-13,Email,Desktop,82,70,339,0.553,136.9,0
2025-05-13,Email,Mobile,159,144,653,0.518,170.2,2
2025-05-13,Email,Tablet,19,17,68,0.656,158.4,0
2025-05-13,Referral,Desktop,82,69,281,0.358,165.7,2
2025-05-13,Referral,Mobile,98,77,350,0.563,88.9,2
2025-05-13,Referral,Tablet,14,12,33,0.401,235.2,0
2025-05-14,Organic Search,Desktop,781,590,3044,0.453,173.6,10
2025-05-14,Organic Search,Mobile,934,769,2286,0.496,159.0,20
2025-05-14,Organic Search,Tablet,181,159,439,0.695,124.1,5
2025-05-14,Paid Search,Desktop,298,281,1161,0.391,222.6,7
2025-05-14,Paid Search,Mobile,448,354,1779,0.566,84.6,9
2025-05-14,Paid Search,Tablet,59,54,228,0.569,45.9,0
2025-05-14,Social,Desktop,374,335,1618,0.613,133.0,9
2025-05-14,Social,Mobile,638,587,2637,0.503,215.6,7
2025-05-14,Social,Tablet,66,62,251,0.314,131.2,1
2025-05-14,Direct,Desktop,258,202,936,0.621,146.1,5
2025-05-14,Direct,Mobile,387,340,1705,0.445,120.4,8
2025-05-14,Direct,Tablet,50,41,176,0.428,211.5,1
2025-05-14,Email,Desktop,115,95,505,0.301,108.6,2
2025-05-14,Email,Mobile,141,115,422,0.445,224.3,1
2025-05-14,Email,Tablet,17,14,38,0.402,215.2,0
2025-05-14,Referral,Desktop,87,67,243,0.472,226.9,0
2025-05-14,Referral,Mobile,96,76,261,0.373,162.9,1
2025-05-14,Referral,Tablet,14,10,42,0.506,82.8,0
2025-05-15,Organic Search,Desktop,614,510,1520,0.696,200.7,11
2025-05-15,Organic Search,Mobile,963,766,2170,0.305,120.7,10
2025-05-15,Organic Search,Tablet,126,97,519,0.387,52.4,1
2025-05-15,Paid Search,Desktop,288,254,584,0.629,108.3,7
2025-05-15,Paid Search,Mobile,338,288,870,0.699,225.2,4
2025-05-15,Paid Search,Tablet,55,47,237,0.38,100.7,1
2025-05-15,Social,Desktop,413,309,1024,0.641,121.4,5
2025-05-15,Social,Mobile,549,503,1495,0.482,144.0,6
2025-05-15,Social,Tablet,80,63,231,0.32,218.6,1
2025-05-15,Direct,Desktop,236,183,570,0.608,93.5,3
2025-05-15,Direct,Mobile,299,256,1124,0.371,67.2,5
2025-05-15,Direct,Tablet,59,46,175,0.533,236.1,1
2025-05-15,Email,Desktop,98,89,351,0.575,114.6,2
2025-05-15,Email,Mobile,115,91,318,0.367,72.9,2
2025-05-15,Email,Tablet,23,21,60,0.413,147.8,0
2025-05-15,Referral,Desktop,66,50,122,0.683,112.9,0
2025-05-15,Referral,Mobile,90,84,221,0.379,51.2,1
2025-05-15,Referral,Tablet,13,12,36,0.315,175.9,0
2025-05-16,Organic Search,Desktop,715,551,2437,0.603,123.6,6
2025-05-16,Organic Search,Mobile,976,755,3157,0.573,99.5,16
2025-05-16,Organic Search,Tablet,142,117,457,0.485,201.8,4
2025-05-16,Paid Search,Desktop,300,281,910,0.345,109.2,4
2025-05-16,Paid Search,Mobile,374,290,1221,0.498,148.7,2
2025-05-16,Paid Search,Tablet,58,49,214,0.377,49.4,1
2025-05-16,Social,Desktop,267,245,1060,0.578,171.4,5
2025-05-16,Social,Mobile,434,382,1690,0.489,147.1,2
2025-05-16,Social,Tablet,86,72,207,0.475,117.4,1
2025-05-16,Direct,Desktop,284,226,814,0.574,80.9,2
2025-05-16,Direct,Mobile,283,215,1173,0.35,119.5,2
2025-05-16,Direct,Tablet,46,38,120,0.464,190.3,1
2025-05-16,Email,Desktop,77,69,278,0.37,75.2,1
2025-05-16,Email,Mobile,136,106,560,0.64,99.0,2
2025-05-16,Email,Tablet,21,17,45,0.537,223.4,0
2025-05-16,Referral,Desktop,89,79,372,0.642,194.8,1
2025-05-16,Referral,Mobile,96,72,194,0.316,75.1,1
2025-05-16,Referral,Tablet,19,14,49,0.4,183.4,0
2025-05-17,Organic Search,Desktop,855,655,3571,0.511,100.5,23
2025-05-17,Organic Search,Mobile,1141,868,3087,0.321,69.4,10
2025-05-17,Organic Search,Tablet,181,161,655,0.347,170.4,3
2025-05-17,Paid Search,Desktop,372,326,1124,0.375,48.6,2
2025-05-17,Paid Search,Mobile,392,366,1459,0.679,106.4,2
2025-05-17,Paid Search,Tablet,55,48,231,0.513,197.7,0
2025-05-17,Social,Desktop,392,347,1243,0.361,118.7,9
2025-05-17,Social,Mobile,545,506,1558,0.614,160.0,12
2025-05-17,Social,Tablet,100,82,316,0.659,161.2,2
2025-05-17,Direct,Desktop,272,230,1164,0.553,209.5,6
2025-05-17,Direct,Mobile,395,312,1728,0.496,52.0,2
2025-05-17,Direct,Tablet,67,53,273,0.34,178.9,1
2025-05-17,Email,Desktop,101,78,292,0.664,129.4,1
2025-05-17,Email,Mobile,155,120,629,0.63,110.7,4
2025-05-17,Email,Tablet,21,16,73,0.415,91.2,0
2025-05-17,Referral,Desktop,79,71,283,0.662,193.4,1
2025-05-17,Referral,Mobile,143,121,454,0.325,52.7,2
2025-05-17,Referral,Tablet,16,12,62,0.611,57.4,0
2025-05-18,Organic Search,Desktop,934,720,3816,0.38,197.0,18
2025-05-18,Organic Search,Mobile,1008,938,2072,0.509,179.3,21
2025-05-18,Organic Search,Tablet,186,143,674,0.548,159.5,1
2025-05-18,Paid Search,Desktop,340,299,1385,0.626,78.7,7
2025-05-18,Paid Search,Mobile,309,277,778,0.458,124.4,6
2025-05-18,Paid Search,Tablet,67,63,178,0.625,150.6,1
2025-05-18,Social,Desktop,517,481,1350,0.586,156.6,8
2025-05-18,Social,Mobile,594,547,1161,0.495,55.0,4
2025-05-18,Social,Tablet,72,60,321,0.521,89.9,2
2025-05-18,Direct,Desktop,238,185,782,0.623,217.1,4
2025-05-18,Direct,Mobile,345,286,748,0.394,63.0,10
2025-05-18,Direct,Tablet,64,55,225,0.651,232.8,0
2025-05-18,Email,Desktop,83,62,316,0.676,48.6,1
2025-05-18,Email,Mobile,150,135,483,0.624,90.4,1
2025-05-18,Email,Tablet,18,15,53,0.66,218.8,0
2025-05-18,Referral,Desktop,86,78,332,0.335,141.9,1
2025-05-18,Referral,Mobile,100,81,253,0.676,78.0,1
2025-05-18,Referral,Tablet,16,14,67,0.631,155.7,0
2025-05-19,Organic Search,Desktop,708,571,1567,0.669,181.8,6
2025-05-19,Organic Search,Mobile,1266,1053,2407,0.648,134.2,35
2025-05-19,Organic Search,Tablet,165,131,700,0.402,214.6,3
2025-05-19,Paid Search,Desktop,264,212,791,0.492,61.8,4
2025-05-19,Paid Search,Mobile,397,343,761,0.341,94.4,2
2025-05-19,Paid Search,Tablet,47,43,194,0.522,230.9,0
2025-05-19,Social,Desktop,366,301,942,0.694,73.0,8
2025-05-19,Social,Mobile,487,419,1048,0.553,195.7,4
2025-05-19,Social,Tablet,65,53,166,0.43,226.1,1
2025-05-19,Direct,Desktop,215,175,515,0.668,108.7,3
2025-05-19,Direct,Mobile,320,303,1185,0.675,141.8,2
2025-05-19,Direct,Tablet,55,45,104,0.364,184.8,1
2025-05-19,Email,Desktop,79,59,281,0.309,157.5,1
2025-05-19,Email,Mobile,124,111,451,0.555,163.3,3
2025-05-19,Email,Tablet,16,13,62,0.69,144.9,0
2025-05-19,Referral,Desktop,80,61,296,0.409,166.4,0
2025-05-19,Referral,Mobile,113,92,401,0.474,102.1,1
2025-05-19,Referral,Tablet,17,16,64,0.475,121.9,0
2025-05-20,Organic Search,Desktop,661,619,2796,0.599,82.6,8
2025-05-20,Organic Search,Mobile,1095,841,3183,0.324,159.0,9
2025-05-20,Organic Search,Tablet,149,132,378,0.45,107.7,0
2025-05-20,Paid Search,Desktop,300,228,700,0.569,83.5,8
2025-05-20,Paid Search,Mobile,415,360,1021,0.58,169.1,10
2025-05-20,Paid Search,Tablet,58,49,219,0.587,124.9,1
2025-05-20,Social,Desktop,271,211,631,0.432,93.9,3
2025-05-20,Social,Mobile,408,372,1624,0.508,109.6,11
2025-05-20,Social,Tablet,63,48,120,0.399,194.4,0
2025-05-20,Direct,Desktop,348,285,1268,0.461,117.1,1
2025-05-20,Direct,Mobile,342,297,1427,0.351,50.4,8
2025-05-20,Direct,Tablet,30,27,118,0.419,170.6,0
2025-05-20,Email,Desktop,125,116,266,0.45,126.9,1
2025-05-20,Email,Mobile,139,106,270,0.552,179.6,0
2025-05-20,Email,Tablet,21,19,46,0.432,70.9,0
2025-05-20,Referral,Desktop,78,67,246,0.585,212.9,2
2025-05-20,Referral,Mobile,111,93,358,0.696,49.8,2
2025-05-20,Referral,Tablet,19,17,55,0.344,221.1,0
2025-05-21,Organic Search,Desktop,655,517,2760,0.351,131.5,17
2025-05-21,Organic Search,Mobile,1104,1036,2569,0.351,119.2,26
2025-05-21,Organic Search,Tablet,155,143,519,0.465,85.5,3
2025-05-21,Paid Search,Desktop,221,169,438,0.682,225.5,4
2025-05-21,Paid Search,Mobile,228,184,485,0.576,179.2,2
2025-05-21,Paid Search,Tablet,51,41,207,0.669,58.8,0
2025-05-21,Social,Desktop,385,344,1297,0.455,211.4,4
2025-05-21,Social,Mobile,560,504,1634,0.353,132.6,8
2025-05-21,Social,Tablet,81,62,359,0.314,102.9,1
2025-05-21,Direct,Desktop,197,174,506,0.48,117.1,1
2025-05-21,Direct,Mobile,337,304,1147,0.605,162.1,2
2025-05-21,Direct,Tablet,44,38,188,0.632,189.2,1
2025-05-21,Email,Desktop,94,73,368,0.544,194.8,1
2025-05-21,Email,Mobile,131,100,521,0.336,135.8,1
2025-05-21,Email,Tablet,20,17,82,0.578,213.3,0
2025-05-21,Referral,Desktop,78,60,144,0.325,198.9,0
2025-05-21,Referral,Mobile,115,95,401,0.578,225.5,1
2025-05-21,Referral,Tablet,16,13,29,0.452,148.0,0
2025-05-22,Organic Search,Desktop,648,563,2822,0.439,238.3,9
2025-05-22,Organic Search,Mobile,912,831,2721,0.395,75.0,19
2025-05-22,Organic Search,Tablet,140,111,385,0.449,52.2,3
2025-05-22,Paid Search,Desktop,290,261,1130,0.655,47.5,6
2025-05-22,Paid Search,Mobile,425,354,1787,0.446,163.3,9
2025-05-22,Paid Search,Tablet,64,54,233,0.636,142.3,1
2025-05-22,Social,Desktop,383,348,798,0.58,112.4,3
2025-05-22,Social,Mobile,534,440,1338,0.57,63.1,11
2025-05-22,Social,Tablet,83,75,193,0.646,197.7,0
2025-05-22,Direct,Desktop,216,193,487,0.652,108.6,1
2025-05-22,Direct,Mobile,353,281,1477,0.649,50.5,5
2025-05-22,Direct,Tablet,58,53,256,0.559,207.1,1
2025-05-22,Email,Desktop,78,72,182,0.328,199.5,1
2025-05-22,Email,Mobile,134,117,437,0.654,95.5,3
2025-05-22,Email,Tablet,20,17,77,0.381,174.9,0
2025-05-22,Referral,Desktop,109,83,198,0.693,132.3,1
2025-05-22,Referral,Mobile,87,72,388,0.532,58.2,0
2025-05-22,Referral,Tablet,18,17,67,0.594,227.9,0
2025-05-23,Organic Search,Desktop,973,924,4194,0.341,48.3,18
2025-05-23,Organic Search,Mobile,731,648,2292,0.58,230.1,13
2025-05-23,Organic Search,Tablet,170,137,661,0.589,112.7,2
2025-05-23,Paid Search,Desktop,260,231,704,0.487,180.2,7
2025-05-23,Paid Search,Mobile,398,356,866,0.331,217.8,6
2025-05-23,Paid Search,Tablet,48,43,116,0.638,94.9,1
2025-05-23,Social,Desktop,436,414,1466,0.674,173.1,10
2025-05-23,Social,Mobile,447,397,1399,0.373,235.3,6
2025-05-23,Social,Tablet,69,61,174,0.349,45.3,0
2025-05-23,Direct,Desktop,190,176,758,0.646,231.2,2
2025-05-23,Direct,Mobile,317,272,948,0.689,159.2,7
2025-05-23,Direct,Tablet,46,38,112,0.335,118.4,1
2025-05-23,Email,Desktop,97,83,176,0.506,183.4,2
2025-05-23,Email,Mobile,134,107,501,0.422,214.2,2
2025-05-23,Email,Tablet,27,22,79,0.428,195.5,0
2025-05-23,Referral,Desktop,81,61,321,0.59,171.9,0
2025-05-23,Referral,Mobile,102,87,381,0.312,205.4,1
2025-05-23,Referral,Tablet,17,13,32,0.446,198.9,0
2025-05-24,Organic Search,Desktop,665,518,2932,0.31,193.2,3
2025-05-24,Organic Search,Mobile,1080,829,4441,0.417,118.8,32
2025-05-24,Organic Search,Tablet,183,147,456,0.546,229.9,1
2025-05-24,Paid Search,Desktop,277,232,911,0.419,164.3,3
2025-05-24,Paid Search,Mobile,434,347,1200,0.606,103.7,7
2025-05-24,Paid Search,Tablet,60,50,256,0.348,66.3,0
2025-05-24,Social,Desktop,340,277,1425,0.538,116.2,3
2025-05-24,Social,Mobile,482,431,1125,0.685,165.1,9
2025-05-24,Social,Tablet,92,86,233,0.676,155.5,2
2025-05-24,Direct,Desktop,237,208,611,0.694,213.9,2
2025-05-24,Direct,Mobile,247,218,750,0.381,162.0,5
2025-05-24,Direct,Tablet,55,48,183,0.309,131.7,0
2025-05-24,Email,Desktop,136,110,272,0.468,225.6,1
2025-05-24,Email,Mobile,135,104,494,0.595,121.9,0
2025-05-24,Email,Tablet,26,19,77,0.325,168.1,0
2025-05-24,Referral,Desktop,80,75,155,0.352,161.3,0
2025-05-24,Referral,Mobile,118,103,271,0.554,222.4,1
2025-05-24,Referral,Tablet,16,13,39,0.442,157.7,0
2025-05-25,Organic Search,Desktop,1017,812,3974,0.614,156.2,26
2025-05-25,Organic Search,Mobile,1185,938,2683,0.568,221.5,12
2025-05-25,Organic Search,Tablet,164,133,484,0.687,152.0,4
2025-05-25,Paid Search,Desktop,350,285,803,0.687,91.0,9
2025-05-25,Paid Search,Mobile,372,338,854,0.33,108.0,6
2025-05-25,Paid Search,Tablet,67,53,203,0.416,230.9,1
2025-05-25,Social,Desktop,450,404,980,0.342,105.9,9
2025-05-25,Social,Mobile,573,505,1602,0.338,181.4,9
2025-05-25,Social,Tablet,68,59,210,0.67,207.1,1
2025-05-25,Direct,Desktop,264,200,479,0.395,85.6,2
2025-05-25,Direct,Mobile,267,249,1184,0.632,108.4,4
2025-05-25,Direct,Tablet,59,44,206,0.528,85.3,0
2025-05-25,Email,Desktop,85,77,371,0.529,194.3,0
2025-05-25,Email,Mobile,162,146,383,0.417,238.1,4
2025-05-25,Email,Tablet,22,17,78,0.304,173.7,0
2025-05-25,Referral,Desktop,90,83,228,0.664,60.3,2
2025-05-25,Referral,Mobile,107,84,312,0.397,229.7,1
2025-05-25,Referral,Tablet,17,14,40,0.575,184.3,0
2025-05-26,Organic Search,Desktop,783,735,1476,0.614,111.5,4
2025-05-26,Organic Search,Mobile,979,740,3225,0.621,164.2,28
2025-05-26,Organic Search,Tablet,139,117,252,0.456,197.6,3
2025-05-26,Paid Search,Desktop,250,220,592,0.676,238.2,2
2025-05-26,Paid Search,Mobile,427,386,1441,0.546,72.2,3
2025-05-26,Paid Search,Tablet,66,51,198,0.419,127.2,1
2025-05-26,Social,Desktop,396,347,1759,0.424,239.3,11
2025-05-26,Social,Mobile,424,374,1603,0.477,175.2,2
2025-05-26,Social,Tablet,67,52,139,0.656,64.4,0
2025-05-26,Direct,Desktop,237,179,1038,0.587,178.3,4
2025-05-26,Direct,Mobile,197,185,597,0.633,81.4,5
2025-05-26,Direct,Tablet,40,33,82,0.629,200.5,1
2025-05-26,Email,Desktop,112,97,362,0.32,72.9,1
2025-05-26,Email,Mobile,150,130,563,0.548,86.9,1
2025-05-26,Email,Tablet,21,16,61,0.301,168.1,0
2025-05-26,Referral,Desktop,82,71,149,0.692,59.2,0
2025-05-26,Referral,Mobile,98,84,183,0.409,163.5,2
2025-05-26,Referral,Tablet,19,17,65,0.689,130.5,0
2025-05-27,Organic Search,Desktop,829,707,2665,0.583,167.2,22
2025-05-27,Organic Search,Mobile,891,823,3352,0.436,57.5,21
2025-05-27,Organic Search,Tablet,151,127,635,0.4,174.7,4
2025-05-27,Paid Search,Desktop,270,239,563,0.474,142.3,3
2025-05-27,Paid Search,Mobile,359,299,1524,0.402,167.3,5
2025-05-27,Paid Search,Tablet,65,52,158,0.669,125.7,0
2025-05-27,Social,Desktop,472,367,1882,0.615,121.9,5
2025-05-27,Social,Mobile,440,359,1303,0.612,110.9,7
2025-05-27,Social,Tablet,69,52,210,0.465,166.2,1
2025-05-27,Direct,Desktop,218,179,464,0.656,136.9,3
2025-05-27,Direct,Mobile,382,330,1280,0.59,226.0,9
2025-05-27,Direct,Tablet,42,33,101,0.573,147.9,0
2025-05-27,Email,Desktop,83,71,318,0.459,143.7,1
2025-05-27,Email,Mobile,117,104,495,0.41,154.5,3
2025-05-27,Email,Tablet,20,16,69,0.379,157.1,0
2025-05-27,Referral,Desktop,72,65,275,0.602,130.5,0
2025-05-27,Referral,Mobile,99,77,420,0.543,112.3,1
2025-05-27,Referral,Tablet,14,11,36,0.535,184.1,0
2025-05-28,Organic Search,Desktop,890,677,2171,0.405,57.4,11
2025-05-28,Organic Search,Mobile,773,732,1667,0.324,146.6,18
2025-05-28,Organic Search,Tablet,139,108,582,0.472,208.4,2
2025-05-28,Paid Search,Desktop,304,228,893,0.544,224.0,7
2025-05-28,Paid Search,Mobile,342,280,1300,0.43,198.3,3
2025-05-28,Paid Search,Tablet,70,54,181,0.36,92.7,1
2025-05-28,Social,Desktop,397,373,957,0.328,119.1,2
2025-05-28,Social,Mobile,572,513,2307,0.3,98.7,2
2025-05-28,Social,Tablet,69,54,145,0.377,184.4,2
2025-05-28,Direct,Desktop,313,237,1232,0.692,220.0,4
2025-05-28,Direct,Mobile,295,233,1324,0.401,238.4,4
2025-05-28,Direct,Tablet,62,46,230,0.418,158.3,1
2025-05-28,Email,Desktop,94,88,312,0.579,237.1,2
2025-05-28,Email,Mobile,136,121,293,0.344,89.3,1
2025-05-28,Email,Tablet,22,20,89,0.501,80.9,0
2025-05-28,Referral,Desktop,76,61,182,0.552,124.6,1
2025-05-28,Referral,Mobile,132,107,469,0.323,195.2,2
2025-05-28,Referral,Tablet,19,15,76,0.46,205.9,0
2025-05-29,Organic Search,Desktop,725,569,1788,0.494,97.5,13
2025-05-29,Organic Search,Mobile,693,556,1683,0.359,211.6,6
2025-05-29,Organic Search,Tablet,180,163,736,0.462,159.2,4
2025-05-29,Paid Search,Desktop,243,225,766,0.42,231.6,7
2025-05-29,Paid Search,Mobile,393,319,1111,0.319,237.7,7
2025-05-29,Paid Search,Tablet,59,54,179,0.507,114.0,0
2025-05-29,Social,Desktop,325,262,1335,0.379,149.3,3
2025-05-29,Social,Mobile,374,328,709,0.417,228.5,5
2025-05-29,Social,Tablet,74,66,305,0.663,158.6,0
2025-05-29,Direct,Desktop,221,202,434,0.537,140.3,5
2025-05-29,Direct,Mobile,363,330,1493,0.416,115.8,2
2025-05-29,Direct,Tablet,53,46,198,0.6,85.5,0
2025-05-29,Email,Desktop,117,110,388,0.695,99.4,3
2025-05-29,Email,Mobile,147,130,645,0.474,87.1,3
2025-05-29,Email,Tablet,17,14,34,0.611,155.9,0
2025-05-29,Referral,Desktop,88,70,330,0.654,54.1,2
2025-05-29,Referral,Mobile,98,84,257,0.581,191.4,1
2025-05-29,Referral,Tablet,14,13,30,0.321,202.1,0
2025-05-30,Organic Search,Desktop,643,502,1169,0.484,158.7,17
2025-05-30,Organic Search,Mobile,1060,960,2230,0.518,56.7,30
2025-05-30,Organic Search,Tablet,114,102,476,0.65,175.5,3
2025-05-30,Paid Search,Desktop,271,256,1094,0.412,149.9,4
2025-05-30,Paid Search,Mobile,361,331,1598,0.645,103.0,7
2025-05-30,Paid Search,Tablet,56,51,240,0.585,219.9,1
2025-05-30,Social,Desktop,357,320,966,0.315,86.1,2
2025-05-30,Social,Mobile,495,418,1109,0.419,121.7,14
2025-05-30,Social,Tablet,77,58,202,0.493,210.0,0
2025-05-30,Direct,Desktop,202,185,790,0.423,127.5,1
2025-05-30,Direct,Mobile,365,288,1548,0.684,185.4,3
2025-05-30,Direct,Tablet,63,53,216,0.655,219.6,1
2025-05-30,Email,Desktop,112,86,353,0.554,131.5,1
2025-05-30,Email,Mobile,154,144,580,0.572,149.3,3
2025-05-30,Email,Tablet,19,14,34,0.543,142.4,0
2025-05-30,Referral,Desktop,65,50,236,0.496,158.9,1
2025-05-30,Referral,Mobile,121,104,394,0.323,132.9,2
2025-05-30,Referral,Tablet,15,13,52,0.32,210.9,0
2025-05-31,Organic Search,Desktop,795,641,2529,0.38,125.6,21
2025-05-31,Organic Search,Mobile,843,784,3084,0.467,140.7,14
2025-05-31,Organic Search,Tablet,155,116,349,0.369,229.3,2
2025-05-31,Paid Search,Desktop,363,321,1003,0.452,153.5,3
2025-05-31,Paid Search,Mobile,377,339,1347,0.473,148.7,7
2025-05-31,Paid Search,Tablet,49,39,88,0.394,205.1,1
2025-05-31,Social,Desktop,353,269,800,0.655,156.7,9
2025-05-31,Social,Mobile,562,476,1985,0.59,218.5,8
2025-05-31,Social,Tablet,95,74,316,0.676,117.7,1
2025-05-31,Direct,Desktop,213,169,892,0.332,222.1,3
2025-05-31,Direct,Mobile,323,256,737,0.552,153.1,2
2025-05-31,Direct,Tablet,69,56,238,0.446,210.7,2
2025-05-31,Email,Desktop,102,96,274,0.491,191.4,1
2025-05-31,Email,Mobile,172,139,619,0.651,183.7,2
2025-05-31,Email,Tablet,18,16,58,0.523,51.5,0
2025-05-31,Referral,Desktop,85,70,191,0.573,89.1,1
2025-05-31,Referral,Mobile,127,115,481,0.422,158.5,3
2025-05-31,Referral,Tablet,20,18,49,0.558,86.5,0
2025-06-01,Organic Search,Desktop,825,773,2534,0.577,205.4,23
2025-06-01,Organic Search,Mobile,1062,959,3089,0.302,161.8,27
2025-06-01,Organic Search,Tablet,192,158,394,0.699,130.6,5
2025-06-01,Paid Search,Desktop,346,325,1193,0.503,218.4,3
2025-06-01,Paid Search,Mobile,513,421,1818,0.35,219.2,4
2025-06-01,Paid Search,Tablet,72,62,207,0.454,231.6,1
2025-06-01,Social,Desktop,457,419,1274,0.56,115.3,5
2025-06-01,Social,Mobile,520,450,1686,0.456,205.8,6
2025-06-01,Social,Tablet,97,90,366,0.452,231.5,1
2025-06-01,Direct,Desktop,353,330,935,0.699,71.2,1
2025-06-01,Direct,Mobile,371,289,1663,0.336,74.5,8
2025-06-01,Direct,Tablet,51,43,210,0.363,169.3,0
2025-06-01,Email,Desktop,115,103,248,0.38,93.2,2
2025-06-01,Email,Mobile,115,103,299,0.381,166.7,3
2025-06-01,Email,Tablet,22,20,73,0.449,112.9,0
2025-06-01,Referral,Desktop,107,96,469,0.608,57.2,2
2025-06-01,Referral,Mobile,115,101,408,0.327,186.7,1
2025-06-01,Referral,Tablet,15,11,40,0.364,160.8,0
2025-06-02,Organic Search,Desktop,674,507,2333,0.52,127.4,12
2025-06-02,Organic Search,Mobile,776,587,1948,0.311,100.7,12
2025-06-02,Organic Search,Tablet,158,126,574,0.608,87.0,3
2025-06-02,Paid Search,Desktop,243,203,973,0.518,225.1,6
2025-06-02,Paid Search,Mobile,351,300,1403,0.476,57.0,5
2025-06-02,Paid Search,Tablet,66,51,292,0.4,159.0,0
2025-06-02,Social,Desktop,338,266,1439,0.343,91.3,7
2025-06-02,Social,Mobile,444,393,1430,0.366,89.1,8
2025-06-02,Social,Tablet,74,59,133,0.676,153.9,1
2025-06-02,Direct,Desktop,220,183,458,0.565,219.2,1
2025-06-02,Direct,Mobile,348,262,1371,0.359,141.2,3
2025-06-02,Direct,Tablet,46,35,91,0.503,212.4,1
2025-06-02,Email,Desktop,106,90,285,0.472,234.7,2
2025-06-02,Email,Mobile,183,152,403,0.541,63.9,3
2025-06-02,Email,Tablet,19,14,43,0.337,151.0,0
2025-06-02,Referral,Desktop,95,80,248,0.58,214.6,0
2025-06-02,Referral,Mobile,143,108,638,0.367,56.3,2
2025-06-02,Referral,Tablet,22,20,65,0.349,136.7,0
2025-06-03,Organic Search,Desktop,984,821,4067,0.552,117.5,21
2025-06-03,Organic Search,Mobile,962,754,3858,0.647,83.5,28
2025-06-03,Organic Search,Tablet,181,137,657,0.593,181.9,5
2025-06-03,Paid Search,Desktop,297,235,927,0.474,92.7,4
2025-06-03,Paid Search,Mobile,347,277,890,0.312,111.3,3
2025-06-03,Paid Search,Tablet,67,62,153,0.442,78.3,1
2025-06-03,Social,Desktop,310,239,672,0.486,102.4,6
2025-06-03,Social,Mobile,531,402,1148,0.385,116.1,14
2025-06-03,Social,Tablet,74,57,324,0.584,68.6,2
2025-06-03,Direct,Desktop,303,275,799,0.44,211.9,7
2025-06-03,Direct,Mobile,210,196,395,0.463,124.0,4
2025-06-03,Direct,Tablet,44,34,104,0.491,85.5,0
2025-06-03,Email,Desktop,122,111,412,0.447,110.4,2
2025-06-03,Email,Mobile,136,102,298,0.36,228.0,2
2025-06-03,Email,Tablet,18,15,60,0.358,133.8,0
2025-06-03,Referral,Desktop,85,71,275,0.327,125.0,1
2025-06-03,Referral,Mobile,135,128,412,0.629,113.5,3
2025-06-03,Referral,Tablet,14,13,46,0.63,202.5,0
2025-06-04,Organic Search,Desktop,657,594,2021,0.55,73.1,14
2025-06-04,Organic Search,Mobile,850,714,1928,0.557,238.9,12
2025-06-04,Organic Search,Tablet,126,100,419,0.42,90.4,2
2025-06-04,Paid Search,Desktop,341,265,1523,0.384,188.0,3
2025-06-04,Paid Search,Mobile,306,269,1245,0.455,224.7,9
2025-06-04,Paid Search,Tablet,73,65,288,0.325,61.5,1
2025-06-04,Social,Desktop,351,263,1004,0.572,118.7,6
2025-06-04,Social,Mobile,472,367,1325,0.673,235.9,14
2025-06-04,Social,Tablet,73,62,218,0.477,45.6,1
2025-06-04,Direct,Desktop,348,310,739,0.362,117.0,8
2025-06-04,Direct,Mobile,301,273,883,0.389,79.0,8
2025-06-04,Direct,Tablet,49,39,164,0.689,192.5,0
2025-06-04,Email,Desktop,101,90,251,0.543,138.9,0
2025-06-04,Email,Mobile,118,102,435,0.523,151.0,2
2025-06-04,Email,Tablet,20,15,37,0.456,82.5,0
2025-06-04,Referral,Desktop,77,66,338,0.598,176.8,0
2025-06-04,Referral,Mobile,104,87,356,0.365,80.7,0
2025-06-04,Referral,Tablet,15,11,45,0.559,126.3,0
2025-06-05,Organic Search,Desktop,806,661,2687,0.584,124.9,18
2025-06-05,Organic Search,Mobile,872,782,2905,0.686,219.0,10
2025-06-05,Organic Search,Tablet,141,121,436,0.55,174.0,1
2025-06-05,Paid Search,Desktop,263,198,961,0.642,162.1,7
2025-06-05,Paid Search,Mobile,304,246,723,0.57,96.6,4
2025-06-05,Paid Search,Tablet,70,61,203,0.525,85.6,2
2025-06-05,Social,Desktop,360,335,1364,0.413,46.1,8
2025-06-05,Social,Mobile,492,443,2203,0.381,223.5,13
2025-06-05,Social,Tablet,47,42,179,0.553,195.3,1
2025-06-05,Direct,Desktop,244,189,903,0.6,180.9,3
2025-06-05,Direct,Mobile,348,290,1118,0.302,170.9,7
2025-06-05,Direct,Tablet,57,46,132,0.346,147.5,0
2025-06-05,Email,Desktop,120,108,408,0.691,72.1,2
2025-06-05,Email,Mobile,158,120,388,0.585,198.2,4
2025-06-05,Email,Tablet,28,22,63,0.531,93.7,0
2025-06-05,Referral,Desktop,92,77,212,0.459,176.0,2
2025-06-05,Referral,Mobile,100,88,443,0.477,108.8,1
2025-06-05,Referral,Tablet,18,16,74,0.685,141.7,0
2025-06-06,Organic Search,Desktop,803,651,1529,0.602,133.3,13
2025-06-06,Organic Search,Mobile,1004,858,2801,0.545,200.9,19
2025-06-06,Organic Search,Tablet,138,123,432,0.37,229.4,1
2025-06-06,Paid Search,Desktop,255,227,1144,0.518,126.9,2
2025-06-06,Paid Search,Mobile,460,368,1893,0.644,124.1,7
2025-06-06,Paid Search,Tablet,54,45,162,0.332,102.5,1
2025-06-06,Social,Desktop,365,323,1216,0.323,132.3,5
2025-06-06,Social,Mobile,600,478,1805,0.358,220.7,3
2025-06-06,Social,Tablet,75,57,224,0.666,86.7,1
2025-06-06,Direct,Desktop,225,192,567,0.328,119.1,5
2025-06-06,Direct,Mobile,225,200,532,0.54,63.3,6
2025-06-06,Direct,Tablet,44,40,109,0.423,139.5,0
2025-06-06,Email,Desktop,116,94,478,0.307,112.4,1
2025-06-06,Email,Mobile,138,115,400,0.377,157.2,2
2025-06-06,Email,Tablet,23,18,74,0.477,183.4,0
2025-06-06,Referral,Desktop,90,69,295,0.325,131.7,2
2025-06-06,Referral,Mobile,105,85,211,0.322,202.3,1
2025-06-06,Referral,Tablet,18,16,51,0.629,130.0,0
2025-06-07,Organic Search,Desktop,835,721,2377,0.625,124.7,18
2025-06-07,Organic Search,Mobile,1063,806,3239,0.462,173.4,14
2025-06-07,Organic Search,Tablet,184,153,346,0.439,225.9,4
2025-06-07,Paid Search,Desktop,366,339,1573,0.326,208.6,7
2025-06-07,Paid Search,Mobile,361,339,1494,0.699,112.3,1
2025-06-07,Paid Search,Tablet,60,56,143,0.663,190.1,1
2025-06-07,Social,Desktop,410,374,1368,0.652,200.5,9
2025-06-07,Social,Mobile,540,510,2319,0.592,178.4,8
2025-06-07,Social,Tablet,88,83,326,0.698,204.4,1
2025-06-07,Direct,Desktop,250,232,613,0.445,64.7,5
2025-06-07,Direct,Mobile,351,290,1236,0.389,131.0,6
2025-06-07,Direct,Tablet,51,48,148,0.633,110.3,1
2025-06-07,Email,Desktop,104,79,463,0.324,140.1,1
2025-06-07,Email,Mobile,128,100,465,0.463,98.7,3
2025-06-07,Email,Tablet,17,13,45,0.519,206.9,0
2025-06-07,Referral,Desktop,83,76,293,0.392,157.1,1
2025-06-07,Referral,Mobile,124,115,360,0.364,236.9,1
2025-06-07,Referral,Tablet,19,17,68,0.312,238.5,0
2025-06-08,Organic Search,Desktop,895,695,2089,0.642,103.6,9
2025-06-08,Organic Search,Mobile,975,922,2544,0.519,163.0,5
2025-06-08,Organic Search,Tablet,217,177,610,0.623,71.0,6
2025-06-08,Paid Search,Desktop,356,320,1099,0.305,176.1,7
2025-06-08,Paid Search,Mobile,471,359,881,0.534,51.7,8
2025-06-08,Paid Search,Tablet,54,42,213,0.616,108.5,0
2025-06-08,Social,Desktop,489,388,923,0.53,138.4,11
2025-06-08,Social,Mobile,843,672,2220,0.611,200.4,24
2025-06-08,Social,Tablet,98,77,409,0.573,104.0,1
2025-06-08,Direct,Desktop,347,318,1532,0.388,137.4,2
2025-06-08,Direct,Mobile,369,322,929,0.345,51.3,2
2025-06-08,Direct,Tablet,67,62,222,0.503,194.9,1
2025-06-08,Email,Desktop,126,112,442,0.671,104.0,3
2025-06-08,Email,Mobile,142,126,631,0.619,165.1,1
2025-06-08,Email,Tablet,23,17,80,0.318,185.9,0
2025-06-08,Referral,Desktop,83,75,193,0.518,156.3,1
2025-06-08,Referral,Mobile,103,97,191,0.562,47.5,2
2025-06-08,Referral,Tablet,15,11,59,0.617,97.9,0
2025-06-09,Organic Search,Desktop,716,616,2713,0.493,163.6,8
2025-06-09,Organic Search,Mobile,1144,883,3405,0.385,52.4,6
2025-06-09,Organic Search,Tablet,179,167,739,0.382,49.6,0
2025-06-09,Paid Search,Desktop,293,227,690,0.567,128.0,3
2025-06-09,Paid Search,Mobile,414,344,790,0.601,75.5,3
2025-06-09,Paid Search,Tablet,66,54,294,0.639,179.3,1
2025-06-09,Social,Desktop,361,301,904,0.544,87.2,4
2025-06-09,Social,Mobile,611,516,2654,0.482,63.0,5
2025-06-09,Social,Tablet,87,67,325,0.302,130.5,2
2025-06-09,Direct,Desktop,236,185,884,0.537,163.9,6
2025-06-09,Direct,Mobile,265,249,479,0.57,189.7,7
2025-06-09,Direct,Tablet,65,55,283,0.403,159.5,1
2025-06-09,Email,Desktop,101,84,207,0.603,82.2,2
2025-06-09,Email,Mobile,125,112,485,0.51,162.0,3
2025-06-09,Email,Tablet,16,14,63,0.641,168.2,0
2025-06-09,Referral,Desktop,87,74,176,0.539,117.3,1
2025-06-09,Referral,Mobile,104,88,326,0.422,69.4,2
2025-06-09,Referral,Tablet,16,14,46,0.67,136.2,0
2025-06-10,Organic Search,Desktop,764,581,2841,0.677,162.9,7
2025-06-10,Organic Search,Mobile,1107,837,2676,0.609,238.1,24
2025-06-10,Organic Search,Tablet,125,94,529,0.517,222.0,3
2025-06-10,Paid Search,Desktop,299,256,907,0.529,225.2,4
2025-06-10,Paid Search,Mobile,437,371,919,0.586,237.7,10
2025-06-10,Paid Search,Tablet,56,42,105,0.492,45.1,0
2025-06-10,Social,Desktop,384,302,1309,0.64,101.0,6
2025-06-10,Social,Mobile,563,452,2411,0.447,137.3,12
2025-06-10,Social,Tablet,78,64,308,0.541,202.4,1
2025-06-10,Direct,Desktop,325,247,1252,0.677,70.3,3
2025-06-10,Direct,Mobile,302,226,880,0.615,228.5,5
2025-06-10,Direct,Tablet,45,35,127,0.614,72.3,0
2025-06-10,Email,Desktop,99,77,203,0.426,165.8,1
2025-06-10,Email,Mobile,133,123,547,0.354,69.1,2
2025-06-10,Email,Tablet,23,20,76,0.49,206.9,0
2025-06-10,Referral,Desktop,92,73,174,0.554,220.6,1
2025-06-10,Referral,Mobile,119,94,497,0.441,203.3,2
2025-06-10,Referral,Tablet,16,12,43,0.689,92.3,0
2025-06-11,Organic Search,Desktop,741,609,3058,0.524,79.3,5
2025-06-11,Organic Search,Mobile,743,647,2127,0.686,218.9,17
2025-06-11,Organic Search,Tablet,184,154,680,0.659,224.0,4
2025-06-11,Paid Search,Desktop,360,289,937,0.663,73.6,5
2025-06-11,Paid Search,Mobile,452,380,1977,0.471,179.7,7
2025-06-11,Paid Search,Tablet,48,39,188,0.605,138.9,0
2025-06-11,Social,Desktop,378,288,1341,0.406,171.9,2
2025-06-11,Social,Mobile,533,414,2307,0.518,109.8,15
2025-06-11,Social,Tablet,86,68,349,0.308,165.3,1
2025-06-11,Direct,Desktop,276,246,1210,0.513,236.1,2
2025-06-11,Direct,Mobile,343,297,903,0.35,192.6,9
2025-06-11,Direct,Tablet,50,42,213,0.607,54.1,0
2025-06-11,Email,Desktop,102,88,360,0.437,89.2,2
2025-06-11,Email,Mobile,136,111,371,0.392,123.1,2
2025-06-11,Email,Tablet,16,14,61,0.326,96.7,0
2025-06-11,Referral,Desktop,71,57,199,0.427,194.0,1
2025-06-11,Referral,Mobile,135,106,454,0.381,111.3,2
2025-06-11,Referral,Tablet,15,14,34,0.511,118.2,0
2025-06-12,Organic Search,Desktop,748,562,1470,0.408,154.1,8
2025-06-12,Organic Search,Mobile,767,591,3178,0.393,229.1,21
2025-06-12,Organic Search,Tablet,147,130,375,0.4,49.0,2
2025-06-12,Paid Search,Desktop,246,222,727,0.463,94.9,6
2025-06-12,Paid Search,Mobile,201,151,445,0.617,214.9,1
2025-06-12,Paid Search,Tablet,64,50,159,0.433,212.4,0
2025-06-12,Social,Desktop,463,427,1258,0.692,229.3,3
2025-06-12,Social,Mobile,489,436,1443,0.472,80.5,5
2025-06-12,Social,Tablet,65,60,149,0.629,114.8,0
2025-06-12,Direct,Desktop,255,224,863,0.386,130.6,6
2025-06-12,Direct,Mobile,288,273,1164,0.34,138.5,6
2025-06-12,Direct,Tablet,49,42,194,0.38,171.5,1
2025-06-12,Email,Desktop,103,86,340,0.545,116.2,2
2025-06-12,Email,Mobile,141,131,342,0.424,238.8,3
2025-06-12,Email,Tablet,23,17,54,0.474,169.5,0
2025-06-12,Referral,Desktop,97,86,300,0.522,165.9,1
2025-06-12,Referral,Mobile,126,114,287,0.458,196.6,1
2025-06-12,Referral,Tablet,17,15,49,0.392,86.1,0
2025-06-13,Organic Search,Desktop,923,800,2410,0.423,232.4,20
2025-06-13,Organic Search,Mobile,1076,1001,2733,0.698,135.0,32
2025-06-13,Organic Search,Tablet,157,136,549,0.574,190.6,2
2025-06-13,Paid Search,Desktop,230,189,830,0.614,109.9,4
2025-06-13,Paid Search,Mobile,329,294,900,0.397,202.5,8
2025-06-13,Paid Search,Tablet,57,49,112,0.493,228.7,0
2025-06-13,Social,Desktop,426,354,1308,0.347,122.4,6
2025-06-13,Social,Mobile,465,378,1307,0.438,79.8,5
2025-06-13,Social,Tablet,73,64,314,0.532,217.1,1
2025-06-13,Direct,Desktop,226,207,833,0.517,187.1,3
2025-06-13,Direct,Mobile,353,265,848,0.4,234.3,4
2025-06-13,Direct,Tablet,57,51,190,0.43,220.6,0
2025-06-13,Email,Desktop,112,102,470,0.455,82.9,0
2025-06-13,Email,Mobile,137,109,563,0.654,177.6,2
2025-06-13,Email,Tablet,16,13,71,0.391,230.9,0
2025-06-13,Referral,Desktop,98,79,404,0.364,125.2,1
2025-06-13,Referral,Mobile,140,124,356,0.451,83.3,1
2025-06-13,Referral,Tablet,21,19,46,0.332,151.6,0
2025-06-14,Organic Search,Desktop,689,645,1611,0.559,125.3,12
2025-06-14,Organic Search,Mobile,1183,925,4781,0.481,48.0,27
2025-06-14,Organic Search,Tablet,157,121,366,0.577,136.8,2
2025-06-14,Paid Search,Desktop,295,266,671,0.669,79.9,1
2025-06-14,Paid Search,Mobile,486,402,941,0.405,64.6,10
2025-06-14,Paid Search,Tablet,66,61,212,0.646,151.3,1
2025-06-14,Social,Desktop,486,451,1412,0.374,213.4,10
2025-06-14,Social,Mobile,575,513,2043,0.637,201.5,5
2025-06-14,Social,Tablet,82,73,181,0.505,203.6,1
2025-06-14,Direct,Desktop,360,337,1614,0.458,148.4,4
2025-06-14,Direct,Mobile,384,301,1674,0.564,190.0,6
2025-06-14,Direct,Tablet,58,50,219,0.32,238.6,1
2025-06-14,Email,Desktop,120,92,502,0.424,184.5,1
2025-06-14,Email,Mobile,150,117,637,0.481,174.8,1
2025-06-14,Email,Tablet,20,16,86,0.466,192.5,0
2025-06-14,Referral,Desktop,74,60,273,0.565,201.1,2
2025-06-14,Referral,Mobile,110,103,427,0.663,197.5,2
2025-06-14,Referral,Tablet,20,18,60,0.425,100.4,0
2025-06-15,Organic Search,Desktop,849,682,2681,0.307,56.3,5
2025-06-15,Organic Search,Mobile,1180,886,3033,0.687,103.9,24
2025-06-15,Organic Search,Tablet,166,157,366,0.526,93.1,4
2025-06-15,Paid Search,Desktop,338,312,1279,0.318,98.5,7
2025-06-15,Paid Search,Mobile,439,356,1581,0.672,172.7,12
2025-06-15,Paid Search,Tablet,67,52,195,0.357,217.1,1
2025-06-15,Social,Desktop,418,322,1282,0.511,222.1,4
2025-06-15,Social,Mobile,672,600,2260,0.455,116.7,16
2025-06-15,Social,Tablet,108,92,422,0.339,154.7,1
2025-06-15,Direct,Desktop,305,246,932,0.516,224.1,4
2025-06-15,Direct,Mobile,380,354,961,0.532,115.2,9
2025-06-15,Direct,Tablet,59,48,209,0.56,122.0,1
2025-06-15,Email,Desktop,107,96,314,0.489,163.5,2
2025-06-15,Email,Mobile,127,116,532,0.673,154.7,2
2025-06-15,Email,Tablet,25,19,61,0.633,145.6,0
2025-06-15,Referral,Desktop,78,66,275,0.566,69.4,1
2025-06-15,Referral,Mobile,137,103,460,0.368,130.5,3
2025-06-15,Referral,Tablet,16,14,55,0.583,217.4,0
2025-06-16,Organic Search,Desktop,783,685,2517,0.561,205.3,18
2025-06-16,Organic Search,Mobile,1117,1042,2521,0.443,201.8,30
2025-06-16,Organic Search,Tablet,159,136,384,0.534,127.8,3
2025-06-16,Paid Search,Desktop,370,302,1622,0.314,93.6,6
2025-06-16,Paid Search,Mobile,360,336,1497,0.533,158.3,8
2025-06-16,Paid Search,Tablet,57,44,252,0.588,62.6,0
2025-06-16,Social,Desktop,399,336,1225,0.561,168.6,9
2025-06-16,Social,Mobile,506,472,924,0.46,233.8,10
2025-06-16,Social,Tablet,108,87,370,0.647,161.6,0
2025-06-16,Direct,Desktop,302,242,840,0.41,190.2,4
2025-06-16,Direct,Mobile,277,236,804,0.378,101.5,7
2025-06-16,Direct,Tablet,54,40,146,0.507,158.7,1
2025-06-16,Email,Desktop,120,104,456,0.617,92.6,2
2025-06-16,Email,Mobile,106,80,451,0.476,184.1,1
2025-06-16,Email,Tablet,18,15,72,0.607,225.0,0
2025-06-16,Referral,Desktop,81,73,284,0.458,108.9,0
2025-06-16,Referral,Mobile,108,86,319,0.431,171.5,1
2025-06-16,Referral,Tablet,17,12,52,0.476,200.9,0
2025-06-17,Organic Search,Desktop,857,677,3838,0.396,162.4,20
2025-06-17,Organic Search,Mobile,1056,804,3868,0.639,159.1,23
2025-06-17,Organic Search,Tablet,144,112,516,0.404,139.3,3
2025-06-17,Paid Search,Desktop,345,261,1171,0.374,106.2,4
2025-06-17,Paid Search,Mobile,339,265,1395,0.384,105.1,2
2025-06-17,Paid Search,Tablet,61,54,213,0.641,237.9,0
2025-06-17,Social,Desktop,388,294,1183,0.7,179.8,5
2025-06-17,Social,Mobile,516,455,2307,0.339,235.3,12
2025-06-17,Social,Tablet,82,75,221,0.385,56.8,1
2025-06-17,Direct,Desktop,255,224,982,0.349,173.4,2
2025-06-17,Direct,Mobile,318,291,778,0.427,165.3,5
2025-06-17,Direct,Tablet,49,41,108,0.549,188.5,1
2025-06-17,Email,Desktop,119,90,435,0.399,189.2,0
2025-06-17,Email,Mobile,130,105,306,0.367,171.2,3
2025-06-17,Email,Tablet,23,20,74,0.632,182.0,0
2025-06-17,Referral,Desktop,80,69,180,0.363,231.4,2
2025-06-17,Referral,Mobile,114,92,498,0.47,162.7,1
2025-06-17,Referral,Tablet,16,12,42,0.645,132.6,0
2025-06-18,Organic Search,Desktop,687,592,2562,0.574,139.4,15
2025-06-18,Organic Search,Mobile,973,845,3726,0.628,217.7,7
2025-06-18,Organic Search,Tablet,134,120,380,0.48,134.8,2
2025-06-18,Paid Search,Desktop,325,251,691,0.553,153.9,9
2025-06-18,Paid Search,Mobile,349,312,1428,0.36,86.1,9
2025-06-18,Paid Search,Tablet,49,46,130,0.669,104.0,0
2025-06-18,Social,Desktop,341,294,1264,0.634,111.9,5
2025-06-18,Social,Mobile,400,372,1165,0.503,60.0,7
2025-06-18,Social,Tablet,71,53,262,0.665,188.9,1
2025-06-18,Direct,Desktop,247,210,540,0.313,222.1,3
2025-06-18,Direct,Mobile,348,264,910,0.355,63.3,5
2025-06-18,Direct,Tablet,55,43,114,0.574,168.9,0
2025-06-18,Email,Desktop,145,117,335,0.403,74.7,1
2025-06-18,Email,Mobile,150,140,652,0.512,198.6,2
2025-06-18,Email,Tablet,19,17,61,0.384,219.8,0
2025-06-18,Referral,Desktop,88,69,285,0.445,127.5,1
2025-06-18,Referral,Mobile,109,96,401,0.642,230.5,0
2025-06-18,Referral,Tablet,20,15,84,0.381,185.6,0
2025-06-19,Organic Search,Desktop,865,792,2574,0.497,45.5,20
2025-06-19,Organic Search,Mobile,794,747,1695,0.639,232.9,14
2025-06-19,Organic Search,Tablet,150,121,427,0.568,98.2,1
2025-06-19,Paid Search,Desktop,231,210,478,0.306,65.3,5
2025-06-19,Paid Search,Mobile,416,366,1087,0.33,190.0,3
2025-06-19,Paid Search,Tablet,52,48,192,0.553,101.7,0
2025-06-19,Social,Desktop,360,273,1583,0.321,104.9,5
2025-06-19,Social,Mobile,462,386,1534,0.39,97.2,8
2025-06-19,Social,Tablet,73,60,276,0.363,52.3,2
2025-06-19,Direct,Desktop,272,243,522,0.517,238.4,3
2025-06-19,Direct,Mobile,297,270,1204,0.388,230.4,1
2025-06-19,Direct,Tablet,42,32,89,0.5,203.8,1
2025-06-19,Email,Desktop,98,85,322,0.595,81.0,2
2025-06-19,Email,Mobile,136,123,268,0.659,59.9,0
2025-06-19,Email,Tablet,19,15,70,0.43,110.1,0
2025-06-19,Referral,Desktop,86,72,385,0.697,163.0,2
2025-06-19,Referral,Mobile,118,110,346,0.33,177.1,2
2025-06-19,Referral,Tablet,22,18,74,0.545,57.8,0
2025-06-20,Organic Search,Desktop,729,641,2874,0.601,46.8,8
2025-06-20,Organic Search,Mobile,1000,803,2310,0.375,99.0,28
2025-06-20,Organic Search,Tablet,175,135,783,0.356,127.7,1
2025-06-20,Paid Search,Desktop,254,220,698,0.693,218.8,3
2025-06-20,Paid Search,Mobile,514,441,1853,0.593,77.3,13
2025-06-20,Paid Search,Tablet,51,38,92,0.586,223.8,1
2025-06-20,Social,Desktop,444,354,1300,0.356,220.4,3
2025-06-20,Social,Mobile,460,360,1203,0.353,237.1,3
2025-06-20,Social,Tablet,55,46,168,0.685,114.2,0
2025-06-20,Direct,Desktop,270,254,1100,0.372,215.1,3
2025-06-20,Direct,Mobile,341,259,963,0.312,164.0,8
2025-06-20,Direct,Tablet,57,51,191,0.313,129.7,0
2025-06-20,Email,Desktop,78,73,228,0.603,200.6,1
2025-06-20,Email,Mobile,120,101,367,0.677,94.3,1
2025-06-20,Email,Tablet,22,20,43,0.427,59.3,0
2025-06-20,Referral,Desktop,98,85,260,0.627,153.7,2
2025-06-20,Referral,Mobile,103,84,211,0.652,110.2,2
2025-06-20,Referral,Tablet,15,13,61,0.433,121.5,0
2025-06-21,Organic Search,Desktop,1053,837,2581,0.634,210.8,11
2025-06-21,Organic Search,Mobile,1385,1208,3500,0.519,65.6,37
2025-06-21,Organic Search,Tablet,177,141,561,0.388,149.6,4
2025-06-21,Paid Search,Desktop,250,189,1053,0.375,132.7,6
2025-06-21,Paid Search,Mobile,439,374,1016,0.578,116.3,4
2025-06-21,Paid Search,Tablet,72,61,213,0.667,144.1,1
2025-06-21,Social,Desktop,375,307,999,0.494,101.1,3
2025-06-21,Social,Mobile,595,488,1537,0.397,239.2,3
2025-06-21,Social,Tablet,89,74,182,0.482,230.4,0
2025-06-21,Direct,Desktop,259,230,499,0.569,55.7,6
2025-06-21,Direct,Mobile,399,319,1181,0.461,75.5,5
2025-06-21,Direct,Tablet,62,53,261,0.305,168.4,1
2025-06-21,Email,Desktop,137,103,585,0.59,116.3,1
2025-06-21,Email,Mobile,150,118,526,0.344,225.0,4
2025-06-21,Email,Tablet,23,19,43,0.684,139.6,0
2025-06-21,Referral,Desktop,92,76,288,0.66,141.8,2
2025-06-21,Referral,Mobile,116,91,316,0.672,96.8,2
2025-06-21,Referral,Tablet,17,15,55,0.305,179.5,0
2025-06-22,Organic Search,Desktop,874,783,1673,0.537,132.6,11
2025-06-22,Organic Search,Mobile,1009,777,2258,0.489,144.3,11
2025-06-22,Organic Search,Tablet,143,108,410,0.543,138.1,2
2025-06-22,Paid Search,Desktop,258,203,830,0.675,91.3,2
2025-06-22,Paid Search,Mobile,482,433,1760,0.549,94.0,12
2025-06-22,Paid Search,Tablet,67,62,216,0.403,139.0,1
2025-06-22,Social,Desktop,479,400,1290,0.53,206.6,12
2025-06-22,Social,Mobile,471,359,1499,0.616,80.5,4
2025-06-22,Social,Tablet,75,56,179,0.363,139.7,2
2025-06-22,Direct,Desktop,305,275,894,0.516,232.8,8
2025-06-22,Direct,Mobile,363,290,1384,0.654,98.9,5
2025-06-22,Direct,Tablet,53,41,202,0.473,69.8,0
2025-06-22,Email,Desktop,94,82,278,0.579,93.6,1
2025-06-22,Email,Mobile,188,160,689,0.543,198.7,5
2025-06-22,Email,Tablet,19,16,81,0.634,81.7,0
2025-06-22,Referral,Desktop,88,72,305,0.573,225.3,1
2025-06-22,Referral,Mobile,117,106,395,0.47,75.1,2
2025-06-22,Referral,Tablet,19,16,41,0.538,155.5,0
2025-06-23,Organic Search,Desktop,915,742,3316,0.494,103.1,21
2025-06-23,Organic Search,Mobile,863,723,2580,0.409,57.2,7
2025-06-23,Organic Search,Tablet,194,160,674,0.64,202.5,1
2025-06-23,Paid Search,Desktop,216,202,831,0.611,131.7,2
2025-06-23,Paid Search,Mobile,366,295,1078,0.679,146.3,8
2025-06-23,Paid Search,Tablet,47,35,135,0.445,131.9,0
2025-06-23,Social,Desktop,309,269,887,0.441,95.3,4
2025-06-23,Social,Mobile,522,474,1399,0.55,192.3,3
2025-06-23,Social,Tablet,73,61,279,0.675,171.2,1
2025-06-23,Direct,Desktop,260,216,1054,0.564,65.9,2
2025-06-23,Direct,Mobile,328,308,1028,0.643,114.7,4
2025-06-23,Direct,Tablet,58,51,173,0.439,116.0,0
2025-06-23,Email,Desktop,96,80,324,0.334,224.6,2
2025-06-23,Email,Mobile,144,118,318,0.505,84.1,3
2025-06-23,Email,Tablet,24,18,65,0.341,77.3,0
2025-06-23,Referral,Desktop,83,71,223,0.466,85.4,1
2025-06-23,Referral,Mobile,130,118,394,0.34,223.4,3
2025-06-23,Referral,Tablet,16,12,64,0.483,116.7,0
2025-06-24,Organic Search,Desktop,656,545,2268,0.693,59.2,13
2025-06-24,Organic Search,Mobile,837,754,3625,0.325,47.4,8
2025-06-24,Organic Search,Tablet,143,134,634,0.487,88.0,3
2025-06-24,Paid Search,Desktop,254,213,632,0.347,92.7,2
2025-06-24,Paid Search,Mobile,469,379,1753,0.604,224.3,5
2025-06-24,Paid Search,Tablet,49,38,178,0.484,106.7,0
2025-06-24,Social,Desktop,457,417,1999,0.428,177.5,5
2025-06-24,Social,Mobile,520,422,1652,0.455,224.6,13
2025-06-24,Social,Tablet,69,63,287,0.647,186.0,1
2025-06-24,Direct,Desktop,291,249,896,0.439,215.9,3
2025-06-24,Direct,Mobile,273,224,516,0.536,69.1,3
2025-06-24,Direct,Tablet,39,29,169,0.33,195.2,0
2025-06-24,Email,Desktop,81,74,284,0.389,66.0,2
2025-06-24,Email,Mobile,131,111,319,0.639,83.1,1
2025-06-24,Email,Tablet,22,18,86,0.456,178.4,0
2025-06-24,Referral,Desktop,79,63,285,0.667,157.5,1
2025-06-24,Referral,Mobile,108,97,470,0.384,76.7,1
2025-06-24,Referral,Tablet,21,16,60,0.66,115.0,0
2025-06-25,Organic Search,Desktop,820,719,3083,0.498,203.0,14
2025-06-25,Organic Search,Mobile,1012,890,2470,0.603,174.4,12
2025-06-25,Organic Search,Tablet,145,110,348,0.51,174.5,3
2025-06-25,Paid Search,Desktop,280,264,1164,0.522,182.6,7
2025-06-25,Paid Search,Mobile,379,310,1161,0.69,204.9,9
2025-06-25,Paid Search,Tablet,58,45,150,0.688,135.5,0
2025-06-25,Social,Desktop,408,354,1473,0.428,239.0,2
2025-06-25,Social,Mobile,545,484,1464,0.594,95.6,3
2025-06-25,Social,Tablet,75,65,265,0.525,161.8,1
2025-06-25,Direct,Desktop,242,199,717,0.494,233.1,1
2025-06-25,Direct,Mobile,401,354,780,0.574,214.3,4
2025-06-25,Direct,Tablet,47,43,89,0.467,234.7,0
2025-06-25,Email,Desktop,85,71,178,0.6,77.1,1
2025-06-25,Email,Mobile,160,141,323,0.493,125.3,2
2025-06-25,Email,Tablet,22,17,82,0.434,209.5,0
2025-06-25,Referral,Desktop,87,70,314,0.377,87.5,1
2025-06-25,Referral,Mobile,82,67,152,0.439,145.8,2
2025-06-25,Referral,Tablet,18,14,77,0.542,79.7,0
2025-06-26,Organic Search,Desktop,822,775,3491,0.638,123.8,17
2025-06-26,Organic Search,Mobile,879,700,2351,0.351,187.6,11
2025-06-26,Organic Search,Tablet,165,153,355,0.682,154.1,3
2025-06-26,Paid Search,Desktop,283,261,898,0.653,115.9,5
2025-06-26,Paid Search,Mobile,376,348,1334,0.321,177.5,8
2025-06-26,Paid Search,Tablet,71,67,283,0.324,204.6,1
2025-06-26,Social,Desktop,390,338,1275,0.686,51.5,5
2025-06-26,Social,Mobile,433,388,1909,0.557,210.3,9
2025-06-26,Social,Tablet,82,67,341,0.525,190.4,1
2025-06-26,Direct,Desktop,255,241,1064,0.642,144.1,4
2025-06-26,Direct,Mobile,374,306,1631,0.401,236.5,8
2025-06-26,Direct,Tablet,52,43,194,0.455,45.0,0
2025-06-26,Email,Desktop,103,85,444,0.491,171.9,1
2025-06-26,Email,Mobile,123,100,481,0.334,230.7,2
2025-06-26,Email,Tablet,23,19,102,0.476,202.2,0
2025-06-26,Referral,Desktop,89,74,306,0.434,210.0,2
2025-06-26,Referral,Mobile,116,93,381,0.329,71.4,1
2025-06-26,Referral,Tablet,14,10,29,0.547,118.5,0
2025-06-27,Organic Search,Desktop,869,759,3785,0.564,170.2,24
2025-06-27,Organic Search,Mobile,1006,762,2215,0.312,154.7,9
2025-06-27,Organic Search,Tablet,156,139,650,0.654,133.0,1
2025-06-27,Paid Search,Desktop,359,290,1016,0.349,132.6,6
2025-06-27,Paid Search,Mobile,428,364,1142,0.4,229.8,6
2025-06-27,Paid Search,Tablet,55,44,131,0.65,84.6,1
2025-06-27,Social,Desktop,390,328,1665,0.535,213.0,4
2025-06-27,Social,Mobile,523,480,1356,0.534,151.7,10
2025-06-27,Social,Tablet,86,78,285,0.356,98.0,2
2025-06-27,Direct,Desktop,247,187,888,0.338,101.4,6
2025-06-27,Direct,Mobile,330,293,1198,0.531,163.1,3
2025-06-27,Direct,Tablet,57,47,187,0.495,63.4,0
2025-06-27,Email,Desktop,99,84,305,0.645,90.8,2
2025-06-27,Email,Mobile,164,133,420,0.593,118.9,1
2025-06-27,Email,Tablet,17,12,35,0.598,190.6,0
2025-06-27,Referral,Desktop,111,93,390,0.529,84.7,0
2025-06-27,Referral,Mobile,85,79,221,0.652,231.2,0
2025-06-27,Referral,Tablet,17,13,56,0.68,179.6,0
2025-06-28,Organic Search,Desktop,850,684,2787,0.553,198.4,19
2025-06-28,Organic Search,Mobile,1208,1113,2693,0.34,69.6,6
2025-06-28,Organic Search,Tablet,185,171,472,0.63,116.9,5
2025-06-28,Paid Search,Desktop,343,306,993,0.58,160.1,8
2025-06-28,Paid Search,Mobile,442,399,1418,0.659,108.6,8
2025-06-28,Paid Search,Tablet,73,67,145,0.652,50.2,1
2025-06-28,Social,Desktop,413,358,1501,0.423,173.4,9
2025-06-28,Social,Mobile,503,421,1542,0.564,80.5,10
2025-06-28,Social,Tablet,83,70,239,0.666,213.7,1
2025-06-28,Direct,Desktop,332,298,1344,0.686,128.4,4
2025-06-28,Direct,Mobile,328,287,1184,0.594,45.2,6
2025-06-28,Direct,Tablet,65,53,263,0.48,147.8,1
2025-06-28,Email,Desktop,125,110,438,0.5,115.9,1
2025-06-28,Email,Mobile,116,108,232,0.694,46.0,0
2025-06-28,Email,Tablet,27,24,75,0.388,73.5,0
2025-06-28,Referral,Desktop,99,77,383,0.541,186.2,1
2025-06-28,Referral,Mobile,107,81,238,0.571,60.7,2
2025-06-28,Referral,Tablet,19,16,67,0.518,151.1,0
2025-06-29,Organic Search,Desktop,885,819,3665,0.633,154.6,24
2025-06-29,Organic Search,Mobile,1062,1006,4542,0.609,90.6,24
2025-06-29,Organic Search,Tablet,125,109,231,0.68,195.4,1
2025-06-29,Paid Search,Desktop,323,274,1449,0.359,63.3,5
2025-06-29,Paid Search,Mobile,400,324,1541,0.319,112.3,10
2025-06-29,Paid Search,Tablet,78,63,252,0.562,61.5,0
2025-06-29,Social,Desktop,439,381,866,0.506,45.9,11
2025-06-29,Social,Mobile,504,454,1499,0.317,129.4,13
2025-06-29,Social,Tablet,67,51,233,0.449,54.3,0
2025-06-29,Direct,Desktop,287,256,602,0.449,134.5,7
2025-06-29,Direct,Mobile,313,289,632,0.431,92.7,9
2025-06-29,Direct,Tablet,51,38,171,0.433,175.1,1
2025-06-29,Email,Desktop,121,103,237,0.522,232.8,3
2025-06-29,Email,Mobile,151,115,481,0.626,88.3,2
2025-06-29,Email,Tablet,29,25,69,0.301,68.7,0
2025-06-29,Referral,Desktop,98,76,321,0.396,207.2,2
2025-06-29,Referral,Mobile,119,112,387,0.687,199.9,2
2025-06-29,Referral,Tablet,19,15,65,0.467,56.7,0
2025-06-30,Organic Search,Desktop,748,627,2314,0.352,58.6,19
2025-06-30,Organic Search,Mobile,1216,933,2927,0.612,117.7,29
2025-06-30,Organic Search,Tablet,184,142,611,0.501,140.9,0
2025-06-30,Paid Search,Desktop,368,305,1452,0.525,209.6,5
2025-06-30,Paid Search,Mobile,353,314,705,0.437,220.0,8
2025-06-30,Paid Search,Tablet,68,55,124,0.637,112.9,1
2025-06-30,Social,Desktop,355,314,1087,0.624,151.2,4
2025-06-30,Social,Mobile,540,481,1536,0.65,46.5,5
2025-06-30,Social,Tablet,63,47,257,0.475,69.0,0
2025-06-30,Direct,Desktop,236,199,538,0.498,156.5,6
2025-06-30,Direct,Mobile,340,273,964,0.524,205.4,4
2025-06-30,Direct,Tablet,56,47,225,0.472,152.1,1
2025-06-30,Email,Desktop,95,82,377,0.453,94.2,2
2025-06-30,Email,Mobile,189,169,633,0.471,66.1,2
2025-06-30,Email,Tablet,20,16,74,0.684,161.5,0
2025-06-30,Referral,Desktop,98,82,297,0.358,202.8,1
2025-06-30,Referral,Mobile,95,80,390,0.416,220.9,2
2025-06-30,Referral,Tablet,15,11,41,0.473,170.3,0
2025-07-01,Organic Search,Desktop,899,680,2224,0.593,156.3,17
2025-07-01,Organic Search,Mobile,1525,1445,4890,0.638,211.1,29
2025-07-01,Organic Search,Tablet,148,127,454,0.356,136.1,1
2025-07-01,Paid Search,Desktop,274,240,819,0.366,99.8,6
2025-07-01,Paid Search,Mobile,304,261,782,0.667,66.4,3
2025-07-01,Paid Search,Tablet,46,34,101,0.599,80.0,1
2025-07-01,Social,Desktop,429,397,1797,0.499,205.2,9
2025-07-01,Social,Mobile,587,495,1685,0.417,109.5,7
2025-07-01,Social,Tablet,95,81,330,0.696,234.9,1
2025-07-01,Direct,Desktop,249,222,880,0.48,181.1,7
2025-07-01,Direct,Mobile,391,361,1085,0.51,111.1,2
2025-07-01,Direct,Tablet,42,32,93,0.611,165.3,0
2025-07-01,Email,Desktop,119,101,220,0.386,126.5,1
2025-07-01,Email,Mobile,133,104,255,0.516,102.7,0
2025-07-01,Email,Tablet,21,17,79,0.303,235.9,0
2025-07-01,Referral,Desktop,80,69,160,0.478,112.7,1
2025-07-01,Referral,Mobile,109,85,320,0.6,154.4,1
2025-07-01,Referral,Tablet,16,12,61,0.501,59.5,0
2025-07-02,Organic Search,Desktop,864,749,1803,0.476,218.5,12
2025-07-02,Organic Search,Mobile,1036,806,3662,0.515,66.2,16
2025-07-02,Organic Search,Tablet,143,109,359,0.392,193.6,0
2025-07-02,Paid Search,Desktop,262,211,806,0.354,156.8,2
2025-07-02,Paid Search,Mobile,472,401,1984,0.55,215.5,9
2025-07-02,Paid Search,Tablet,57,50,140,0.653,216.4,1
2025-07-02,Social,Desktop,297,262,884,0.676,223.6,1
2025-07-02,Social,Mobile,608,477,1155,0.442,100.2,7
2025-07-02,Social,Tablet,70,56,157,0.613,88.6,2
2025-07-02,Direct,Desktop,282,221,880,0.563,93.6,4
2025-07-02,Direct,Mobile,377,338,1114,0.466,94.3,8
2025-07-02,Direct,Tablet,48,37,168,0.466,100.0,0
2025-07-02,Email,Desktop,119,103,285,0.388,95.7,1
2025-07-02,Email,Mobile,141,121,531,0.362,229.8,2
2025-07-02,Email,Tablet,19,16,63,0.605,221.8,0
2025-07-02,Referral,Desktop,88,76,207,0.616,197.1,1
2025-07-02,Referral,Mobile,127,108,463,0.438,114.6,3
2025-07-02,Referral,Tablet,18,14,40,0.349,79.4,0
2025-07-03,Organic Search,Desktop,641,535,2325,0.498,99.9,9
2025-07-03,Organic Search,Mobile,854,706,2093,0.59,121.5,10
2025-07-03,Organic Search,Tablet,145,129,619,0.39,103.1,4
2025-07-03,Paid Search,Desktop,322,255,647,0.315,216.0,4
2025-07-03,Paid Search,Mobile,400,377,1517,0.353,190.3,5
2025-07-03,Paid Search,Tablet,61,54,184,0.507,201.4,1
2025-07-03,Social,Desktop,452,411,1158,0.534,164.2,4
2025-07-03,Social,Mobile,481,430,1236,0.693,98.2,8
2025-07-03,Social,Tablet,66,51,148,0.504,112.2,1
2025-07-03,Direct,Desktop,270,207,859,0.506,111.6,2
2025-07-03,Direct,Mobile,304,241,1350,0.556,92.1,9
2025-07-03,Direct,Tablet,54,41,191,0.599,238.5,1
2025-07-03,Email,Desktop,118,106,441,0.644,178.1,2
2025-07-03,Email,Mobile,131,115,237,0.553,131.9,3
2025-07-03,Email,Tablet,24,21,48,0.63,78.2,0
2025-07-03,Referral,Desktop,93,85,250,0.483,67.6,0
2025-07-03,Referral,Mobile,114,98,321,0.496,168.5,2
2025-07-03,Referral,Tablet,18,16,58,0.478,89.9,0
2025-07-04,Organic Search,Desktop,1010,929,4475,0.58,179.7,20
2025-07-04,Organic Search,Mobile,897,720,2718,0.42,105.7,25
2025-07-04,Organic Search,Tablet,153,138,526,0.526,197.4,2
2025-07-04,Paid Search,Desktop,305,251,752,0.677,213.4,5
2025-07-04,Paid Search,Mobile,310,239,593,0.429,98.9,6
2025-07-04,Paid Search,Tablet,61,47,262,0.426,164.6,0
2025-07-04,Social,Desktop,404,380,1603,0.667,163.3,4
2025-07-04,Social,Mobile,506,439,2051,0.631,54.9,12
2025-07-04,Social,Tablet,79,68,223,0.465,225.5,0
2025-07-04,Direct,Desktop,266,205,796,0.425,98.9,6
2025-07-04,Direct,Mobile,371,293,1211,0.304,183.8,2
2025-07-04,Direct,Tablet,61,46,148,0.536,128.4,1
2025-07-04,Email,Desktop,107,88,458,0.46,229.2,1
2025-07-04,Email,Mobile,168,148,574,0.561,228.7,3
2025-07-04,Email,Tablet,17,13,38,0.505,237.5,0
2025-07-04,Referral,Desktop,68,56,280,0.419,231.4,0
2025-07-04,Referral,Mobile,103,86,392,0.302,215.0,3
2025-07-04,Referral,Tablet,16,14,39,0.657,163.4,0
2025-07-05,Organic Search,Desktop,897,808,3992,0.666,234.9,22
2025-07-05,Organic Search,Mobile,811,609,1996,0.386,90.8,22
2025-07-05,Organic Search,Tablet,171,161,707,0.579,222.0,2
2025-07-05,Paid Search,Desktop,279,253,959,0.567,120.6,2
2025-07-05,Paid Search,Mobile,372,297,1157,0.442,86.5,4
2025-07-05,Paid Search,Tablet,57,53,232,0.575,161.3,0
2025-07-05,Social,Desktop,500,399,1828,0.514,184.1,5
2025-07-05,Social,Mobile,530,466,1074,0.578,236.7,10
2025-07-05,Social,Tablet,84,77,267,0.648,125.7,2
2025-07-05,Direct,Desktop,238,218,524,0.582,229.2,1
2025-07-05,Direct,Mobile,356,326,1296,0.418,199.1,3
2025-07-05,Direct,Tablet,50,41,222,0.366,160.2,0
2025-07-05,Email,Desktop,129,98,287,0.464,98.7,2
2025-07-05,Email,Mobile,143,118,511,0.661,84.6,3
2025-07-05,Email,Tablet,25,23,75,0.632,132.5,0
2025-07-05,Referral,Desktop,107,92,426,0.494,97.6,2
2025-07-05,Referral,Mobile,126,107,519,0.478,101.3,3
2025-07-05,Referral,Tablet,17,14,48,0.538,222.9,0
2025-07-06,Organic Search,Desktop,869,777,3320,0.568,61.8,17
2025-07-06,Organic Search,Mobile,1004,915,2294,0.69,72.0,22
2025-07-06,Organic Search,Tablet,168,154,754,0.304,85.2,2
2025-07-06,Paid Search,Desktop,382,320,1527,0.482,218.4,9
2025-07-06,Paid Search,Mobile,443,356,1443,0.448,178.8,6
2025-07-06,Paid Search,Tablet,58,51,157,0.56,97.1,1
2025-07-06,Social,Desktop,352,298,1406,0.316,94.2,6
2025-07-06,Social,Mobile,602,502,1893,0.345,200.1,16
2025-07-06,Social,Tablet,83,65,211,0.619,178.3,0
2025-07-06,Direct,Desktop,294,224,780,0.568,73.9,3
2025-07-06,Direct,Mobile,399,315,857,0.605,127.1,5
2025-07-06,Direct,Tablet,65,49,218,0.424,201.4,0
2025-07-06,Email,Desktop,115,98,316,0.506,147.6,1
2025-07-06,Email,Mobile,134,118,460,0.553,210.5,2
2025-07-06,Email,Tablet,21,18,81,0.529,72.1,0
2025-07-06,Referral,Desktop,92,72,374,0.41,154.0,1
2025-07-06,Referral,Mobile,124,108,346,0.619,110.6,1
2025-07-06,Referral,Tablet,19,17,60,0.352,97.1,0
2025-07-07,Organic Search,Desktop,816,714,2033,0.43,130.2,24
2025-07-07,Organic Search,Mobile,849,672,3583,0.505,78.2,23
2025-07-07,Organic Search,Tablet,152,127,414,0.663,225.2,3
2025-07-07,Paid Search,Desktop,282,233,1024,0.6,171.4,6
2025-07-07,Paid Search,Mobile,351,269,1304,0.548,132.1,7
2025-07-07,Paid Search,Tablet,59,54,162,0.423,230.7,0
2025-07-07,Social,Desktop,512,396,1654,0.602,216.2,8
2025-07-07,Social,Mobile,557,520,1620,0.609,96.3,3
2025-07-07,Social,Tablet,95,87,367,0.43,96.5,0
2025-07-07,Direct,Desktop,274,256,757,0.633,70.2,7
2025-07-07,Direct,Mobile,346,273,861,0.694,104.8,2
2025-07-07,Direct,Tablet,57,46,217,0.382,209.7,1
2025-07-07,Email,Desktop,88,75,338,0.626,46.2,2
2025-07-07,Email,Mobile,112,86,461,0.695,103.1,3
2025-07-07,Email,Tablet,23,17,48,0.551,121.3,0
2025-07-07,Referral,Desktop,77,69,246,0.543,89.0,1
2025-07-07,Referral,Mobile,126,109,267,0.521,158.2,3
2025-07-07,Referral,Tablet,18,16,44,0.528,131.3,0
2025-07-08,Organic Search,Desktop,798,616,3486,0.549,97.0,12
2025-07-08,Organic Search,Mobile,1163,1030,2499,0.54,121.2,7
2025-07-08,Organic Search,Tablet,183,145,378,0.604,86.1,3
2025-07-08,Paid Search,Desktop,366,296,1371,0.675,60.7,3
2025-07-08,Paid Search,Mobile,328,284,785,0.578,61.4,5
2025-07-08,Paid Search,Tablet,61,56,129,0.563,71.9,0
2025-07-08,Social,Desktop,428,368,932,0.473,171.9,4
2025-07-08,Social,Mobile,419,323,1146,0.415,214.9,8
2025-07-08,Social,Tablet,59,54,236,0.455,238.1,1
2025-07-08,Direct,Desktop,251,226,639,0.417,109.0,6
2025-07-08,Direct,Mobile,342,269,1509,0.433,49.4,7
2025-07-08,Direct,Tablet,45,40,181,0.557,148.5,1
2025-07-08,Email,Desktop,87,71,325,0.689,71.2,2
2025-07-08,Email,Mobile,116,106,368,0.658,197.7,0
2025-07-08,Email,Tablet,21,19,43,0.613,51.2,0
2025-07-08,Referral,Desktop,77,67,221,0.647,238.9,1
2025-07-08,Referral,Mobile,116,109,318,0.383,148.2,0
2025-07-08,Referral,Tablet,16,15,42,0.556,122.1,0
2025-07-09,Organic Search,Desktop,738,623,1510,0.484,161.1,16
2025-07-09,Organic Search,Mobile,1156,910,3893,0.627,108.7,17
2025-07-09,Organic Search,Tablet,150,119,361,0.469,164.3,2
2025-07-09,Paid Search,Desktop,332,289,1054,0.547,83.5,5
2025-07-09,Paid Search,Mobile,451,377,1654,0.38,58.8,9
2025-07-09,Paid Search,Tablet,72,56,209,0.641,156.6,1
2025-07-09,Social,Desktop,383,355,1522,0.388,64.8,2
2025-07-09,Social,Mobile,522,430,2047,0.417,203.3,10
2025-07-09,Social,Tablet,85,74,279,0.315,80.4,0
2025-07-09,Direct,Desktop,253,226,513,0.585,65.0,2
2025-07-09,Direct,Mobile,325,263,1431,0.35,49.9,2
2025-07-09,Direct,Tablet,43,34,179,0.525,119.1,0
2025-07-09,Email,Desktop,106,99,239,0.577,201.7,2
2025-07-09,Email,Mobile,164,123,718,0.495,71.4,2
2025-07-09,Email,Tablet,22,16,76,0.543,47.1,0
2025-07-09,Referral,Desktop,100,80,310,0.46,203.9,2
2025-07-09,Referral,Mobile,154,143,290,0.61,192.6,4
2025-07-09,Referral,Tablet,16,14,41,0.519,214.1,0
2025-07-10,Organic Search,Desktop,769,635,1989,0.654,203.9,19
2025-07-10,Organic Search,Mobile,1210,1117,4844,0.482,214.3,9
2025-07-10,Organic Search,Tablet,165,151,337,0.49,55.0,3
2025-07-10,Paid Search,Desktop,324,284,1097,0.408,84.9,5
2025-07-10,Paid Search,Mobile,425,328,1019,0.579,135.2,9
2025-07-10,Paid Search,Tablet,66,50,250,0.417,77.3,1
2025-07-10,Social,Desktop,365,281,1201,0.393,178.1,5
2025-07-10,Social,Mobile,490,403,1831,0.506,203.0,6
2025-07-10,Social,Tablet,85,80,310,0.556,53.0,0
2025-07-10,Direct,Desktop,229,179,808,0.628,108.9,6
2025-07-10,Direct,Mobile,409,388,1788,0.562,78.8,5
2025-07-10,Direct,Tablet,42,35,145,0.398,211.9,0
2025-07-10,Email,Desktop,90,75,174,0.361,84.2,1
2025-07-10,Email,Mobile,147,127,633,0.404,119.2,3
2025-07-10,Email,Tablet,22,16,72,0.345,69.9,0
2025-07-10,Referral,Desktop,98,76,246,0.465,111.5,0
2025-07-10,Referral,Mobile,114,106,224,0.506,132.7,3
2025-07-10,Referral,Tablet,17,14,69,0.451,90.9,0
2025-07-11,Organic Search,Desktop,581,548,1627,0.4,120.8,6
2025-07-11,Organic Search,Mobile,1142,890,4528,0.586,50.9,23
2025-07-11,Organic Search,Tablet,194,147,862,0.435,167.7,3
2025-07-11,Paid Search,Desktop,310,235,1099,0.449,218.1,1
2025-07-11,Paid Search,Mobile,421,390,1846,0.525,64.0,5
2025-07-11,Paid Search,Tablet,62,50,163,0.323,140.9,0
2025-07-11,Social,Desktop,447,350,1755,0.456,227.4,12
2025-07-11,Social,Mobile,559,431,1868,0.434,63.2,4
2025-07-11,Social,Tablet,57,44,144,0.648,86.0,0
2025-07-11,Direct,Desktop,277,235,1234,0.63,90.1,8
2025-07-11,Direct,Mobile,317,295,1139,0.61,206.5,6
2025-07-11,Direct,Tablet,59,47,169,0.358,104.8,1
2025-07-11,Email,Desktop,117,89,313,0.531,149.7,1
2025-07-11,Email,Mobile,133,120,266,0.632,60.0,3
2025-07-11,Email,Tablet,28,25,121,0.651,216.3,0
2025-07-11,Referral,Desktop,85,68,331,0.446,181.7,0
2025-07-11,Referral,Mobile,99,76,208,0.353,200.2,1
2025-07-11,Referral,Tablet,17,12,73,0.365,181.1,0
2025-07-12,Organic Search,Desktop,758,663,3117,0.56,203.8,10
2025-07-12,Organic Search,Mobile,1181,1046,4787,0.696,196.0,6
2025-07-12,Organic Search,Tablet,154,136,428,0.369,103.1,2
2025-07-12,Paid Search,Desktop,235,206,754,0.487,129.3,5
2025-07-12,Paid Search,Mobile,410,340,1809,0.524,185.4,9
2025-07-12,Paid Search,Tablet,64,48,122,0.665,139.7,1
2025-07-12,Social,Desktop,423,395,1135,0.597,111.6,4
2025-07-12,Social,Mobile,687,596,3079,0.519,158.4,18
2025-07-12,Social,Tablet,89,68,308,0.643,210.4,2
2025-07-12,Direct,Desktop,276,241,1229,0.467,161.3,5
2025-07-12,Direct,Mobile,254,195,1063,0.496,139.1,1
2025-07-12,Direct,Tablet,60,50,191,0.667,155.8,1
2025-07-12,Email,Desktop,121,96,439,0.501,111.3,1
2025-07-12,Email,Mobile,159,128,574,0.662,48.8,3
2025-07-12,Email,Tablet,23,20,81,0.421,227.7,0
2025-07-12,Referral,Desktop,81,67,361,0.642,124.0,1
2025-07-12,Referral,Mobile,103,88,243,0.605,76.1,2
2025-07-12,Referral,Tablet,19,16,49,0.475,123.0,0
2025-07-13,Organic Search,Desktop,591,477,1311,0.538,83.1,16
2025-07-13,Organic Search,Mobile,1223,989,3046,0.621,58.0,7
2025-07-13,Organic Search,Tablet,162,151,716,0.538,58.1,1
2025-07-13,Paid Search,Desktop,314,268,1294,0.428,191.6,2
2025-07-13,Paid Search,Mobile,376,285,993,0.598,176.5,5
2025-07-13,Paid Search,Tablet,63,56,146,0.32,134.3,1
2025-07-13,Social,Desktop,417,376,1417,0.669,60.5,3
2025-07-13,Social,Mobile,481,377,1847,0.553,225.7,8
2025-07-13,Social,Tablet,52,39,138,0.647,70.6,0
2025-07-13,Direct,Desktop,275,258,960,0.363,114.9,7
2025-07-13,Direct,Mobile,386,344,1498,0.498,202.2,4
2025-07-13,Direct,Tablet,62,47,200,0.442,170.7,1
2025-07-13,Email,Desktop,111,86,425,0.475,236.9,1
2025-07-13,Email,Mobile,154,124,345,0.423,195.3,2
2025-07-13,Email,Tablet,24,18,47,0.651,58.7,0
2025-07-13,Referral,Desktop,91,71,287,0.613,47.7,2
2025-07-13,Referral,Mobile,126,99,545,0.617,183.2,2
2025-07-13,Referral,Tablet,20,16,87,0.326,143.3,0
2025-07-14,Organic Search,Desktop,963,792,2814,0.474,63.1,15
2025-07-14,Organic Search,Mobile,975,774,1893,0.463,51.7,5
2025-07-14,Organic Search,Tablet,149,133,458,0.478,48.4,3
2025-07-14,Paid Search,Desktop,317,266,948,0.363,68.6,2
2025-07-14,Paid Search,Mobile,494,393,1358,0.675,90.6,10
2025-07-14,Paid Search,Tablet,67,63,171,0.55,169.9,1
2025-07-14,Social,Desktop,472,373,2029,0.414,94.4,13
2025-07-14,Social,Mobile,547,439,1902,0.615,197.5,5
2025-07-14,Social,Tablet,77,60,218,0.636,215.2,2
2025-07-14,Direct,Desktop,282,239,667,0.408,60.4,7
2025-07-14,Direct,Mobile,283,250,1067,0.358,95.6,2
2025-07-14,Direct,Tablet,46,37,201,0.45,132.8,1
2025-07-14,Email,Desktop,120,90,401,0.684,55.8,0
2025-07-14,Email,Mobile,140,105,562,0.326,200.4,2
2025-07-14,Email,Tablet,23,17,95,0.668,166.6,0
2025-07-14,Referral,Desktop,98,75,220,0.35,205.9,1
2025-07-14,Referral,Mobile,131,115,299,0.301,155.8,3
2025-07-14,Referral,Tablet,17,14,53,0.309,221.0,0
2025-07-15,Organic Search,Desktop,630,591,2820,0.613,193.4,14
2025-07-15,Organic Search,Mobile,998,889,4316,0.328,238.8,8
2025-07-15,Organic Search,Tablet,108,95,351,0.427,104.7,1
2025-07-15,Paid Search,Desktop,307,254,568,0.441,123.8,1
2025-07-15,Paid Search,Mobile,396,351,1006,0.608,115.5,7
2025-07-15,Paid Search,Tablet,69,53,303,0.698,214.4,1
2025-07-15,Social,Desktop,435,343,1261,0.396,72.7,8
2025-07-15,Social,Mobile,524,400,2183,0.533,190.8,4
2025-07-15,Social,Tablet,82,66,211,0.332,54.2,0
2025-07-15,Direct,Desktop,201,186,805,0.686,150.8,3
2025-07-15,Direct,Mobile,345,321,1482,0.499,67.2,1
2025-07-15,Direct,Tablet,53,41,151,0.471,236.5,1
2025-07-15,Email,Desktop,109,88,483,0.482,57.3,2
2025-07-15,Email,Mobile,161,142,697,0.585,178.8,3
2025-07-15,Email,Tablet,18,15,74,0.696,83.2,0
2025-07-15,Referral,Desktop,86,68,195,0.465,116.7,0
2025-07-15,Referral,Mobile,123,103,330,0.467,117.9,3
2025-07-15,Referral,Tablet,17,15,35,0.351,45.1,0
2025-07-16,Organic Search,Desktop,583,466,2099,0.408,193.4,17
2025-07-16,Organic Search,Mobile,823,664,3675,0.69,162.1,15
2025-07-16,Organic Search,Tablet,136,120,515,0.565,229.6,2
2025-07-16,Paid Search,Desktop,306,288,606,0.416,60.6,2
2025-07-16,Paid Search,Mobile,441,333,1590,0.324,212.7,6
2025-07-16,Paid Search,Tablet,55,49,206,0.498,238.5,0
2025-07-16,Social,Desktop,381,332,851,0.656,110.1,3
2025-07-16,Social,Mobile,497,399,1626,0.647,85.4,3
2025-07-16,Social,Tablet,70,62,281,0.604,98.2,1
2025-07-16,Direct,Desktop,289,222,1149,0.653,86.3,1
2025-07-16,Direct,Mobile,355,270,1457,0.321,176.9,7
2025-07-16,Direct,Tablet,59,45,246,0.452,80.8,0
2025-07-16,Email,Desktop,78,67,198,0.366,238.2,1
2025-07-16,Email,Mobile,152,135,683,0.461,75.2,2
2025-07-16,Email,Tablet,20,16,41,0.545,95.2,0
2025-07-16,Referral,Desktop,99,81,257,0.451,131.6,1
2025-07-16,Referral,Mobile,117,97,233,0.46,56.6,1
2025-07-16,Referral,Tablet,20,16,86,0.66,69.2,0
2025-07-17,Organic Search,Desktop,938,773,3447,0.644,226.1,18
2025-07-17,Organic Search,Mobile,1087,924,2234,0.678,204.7,18
2025-07-17,Organic Search,Tablet,152,117,572,0.508,145.3,0
2025-07-17,Paid Search,Desktop,285,225,792,0.518,199.3,7
2025-07-17,Paid Search,Mobile,374,340,988,0.523,78.8,9
2025-07-17,Paid Search,Tablet,67,63,246,0.307,149.1,0
2025-07-17,Social,Desktop,430,355,1681,0.417,127.1,3
2025-07-17,Social,Mobile,552,517,1455,0.684,78.9,3
2025-07-17,Social,Tablet,62,50,144,0.352,153.8,0
2025-07-17,Direct,Desktop,319,270,727,0.462,106.8,2
2025-07-17,Direct,Mobile,489,382,1654,0.425,89.6,5
2025-07-17,Direct,Tablet,46,39,196,0.649,176.0,1
2025-07-17,Email,Desktop,105,85,422,0.469,117.2,1
2025-07-17,Email,Mobile,150,114,573,0.542,89.6,4
2025-07-17,Email,Tablet,22,19,70,0.35,64.1,0
2025-07-17,Referral,Desktop,104,82,225,0.544,160.4,2
2025-07-17,Referral,Mobile,120,105,286,0.4,138.5,3
2025-07-17,Referral,Tablet,15,12,56,0.302,120.4,0
2025-07-18,Organic Search,Desktop,883,820,2466,0.414,148.0,22
2025-07-18,Organic Search,Mobile,1078,895,2601,0.684,215.0,29
2025-07-18,Organic Search,Tablet,185,139,667,0.425,204.1,4
2025-07-18,Paid Search,Desktop,368,326,937,0.379,226.9,6
2025-07-18,Paid Search,Mobile,406,330,907,0.493,221.6,2
2025-07-18,Paid Search,Tablet,71,66,166,0.661,125.8,0
2025-07-18,Social,Desktop,437,380,1168,0.508,153.1,2
2025-07-18,Social,Mobile,373,303,1269,0.57,146.7,8
2025-07-18,Social,Tablet,73,62,290,0.535,54.8,1
2025-07-18,Direct,Desktop,277,234,1098,0.68,203.7,2
2025-07-18,Direct,Mobile,320,256,611,0.567,121.5,5
2025-07-18,Direct,Tablet,48,39,98,0.653,195.1,1
2025-07-18,Email,Desktop,107,95,479,0.652,85.6,0
2025-07-18,Email,Mobile,158,123,342,0.692,54.8,1
2025-07-18,Email,Tablet,24,21,107,0.444,206.1,0
2025-07-18,Referral,Desktop,79,62,330,0.56,111.1,1
2025-07-18,Referral,Mobile,95,86,343,0.406,58.5,0
2025-07-18,Referral,Tablet,15,14,39,0.36,109.5,0
2025-07-19,Organic Search,Desktop,883,746,2458,0.528,82.7,22
2025-07-19,Organic Search,Mobile,1115,1031,2971,0.63,131.2,9
2025-07-19,Organic Search,Tablet,104,83,358,0.451,232.0,2
2025-07-19,Paid Search,Desktop,355,283,1379,0.691,127.0,2
2025-07-19,Paid Search,Mobile,413,344,1305,0.318,151.0,2
2025-07-19,Paid Search,Tablet,67,62,146,0.582,176.0,0
2025-07-19,Social,Desktop,456,416,1471,0.698,232.5,4
2025-07-19,Social,Mobile,591,541,1547,0.59,99.1,12
2025-07-19,Social,Tablet,95,85,330,0.443,239.4,1
2025-07-19,Direct,Desktop,312,251,1336,0.654,235.8,6
2025-07-19,Direct,Mobile,340,278,1182,0.327,92.0,6
2025-07-19,Direct,Tablet,60,54,259,0.432,136.6,1
2025-07-19,Email,Desktop,123,97,404,0.499,215.6,2
2025-07-19,Email,Mobile,185,155,368,0.538,111.9,4
2025-07-19,Email,Tablet,26,23,62,0.553,214.9,0
2025-07-19,Referral,Desktop,80,72,332,0.615,144.6,0
2025-07-19,Referral,Mobile,130,105,249,0.697,168.7,3
2025-07-19,Referral,Tablet,18,13,59,0.495,183.7,0
2025-07-20,Organic Search,Desktop,912,758,2329,0.413,189.7,17
2025-07-20,Organic Search,Mobile,1230,932,2295,0.427,53.7,33
2025-07-20,Organic Search,Tablet,183,143,519,0.492,188.4,1
2025-07-20,Paid Search,Desktop,330,306,786,0.324,109.3,4
2025-07-20,Paid Search,Mobile,347,328,939,0.387,110.7,4
2025-07-20,Paid Search,Tablet,74,59,238,0.626,87.5,2
2025-07-20,Social,Desktop,460,410,1713,0.53,219.2,7
2025-07-20,Social,Mobile,560,476,1636,0.34,146.5,10
2025-07-20,Social,Tablet,82,72,276,0.469,235.1,0
2025-07-20,Direct,Desktop,252,207,498,0.662,211.9,4
2025-07-20,Direct,Mobile,297,265,846,0.351,80.4,4
2025-07-20,Direct,Tablet,47,38,115,0.482,85.6,0
2025-07-20,Email,Desktop,103,87,387,0.421,181.4,2
2025-07-20,Email,Mobile,156,134,453,0.56,102.7,3
2025-07-20,Email,Tablet,15,12,41,0.613,79.0,0
2025-07-20,Referral,Desktop,91,81,199,0.54,153.1,1
2025-07-20,Referral,Mobile,119,94,272,0.517,237.3,2
2025-07-20,Referral,Tablet,17,15,57,0.368,183.3,0
2025-07-21,Organic Search,Desktop,604,492,2466,0.503,53.5,12
2025-07-21,Organic Search,Mobile,553,476,2097,0.332,189.5,9
2025-07-21,Organic Search,Tablet,137,122,500,0.305,70.7,2
2025-07-21,Paid Search,Desktop,312,248,1290,0.599,230.6,9
2025-07-21,Paid Search,Mobile,421,323,1840,0.42,118.4,7
2025-07-21,Paid Search,Tablet,61,52,199,0.302,104.3,0
2025-07-21,Social,Desktop,337,264,1001,0.448,101.9,8
2025-07-21,Social,Mobile,521,487,1766,0.476,239.8,2
2025-07-21,Social,Tablet,85,65,256,0.415,111.0,1
2025-07-21,Direct,Desktop,336,307,910,0.514,175.3,5
2025-07-21,Direct,Mobile,336,280,885,0.39,88.3,4
2025-07-21,Direct,Tablet,47,42,130,0.322,210.8,0
2025-07-21,Email,Desktop,123,113,530,0.642,129.7,2
2025-07-21,Email,Mobile,127,95,507,0.566,190.4,2
2025-07-21,Email,Tablet,21,16,57,0.334,169.7,0
2025-07-21,Referral,Desktop,86,70,190,0.573,97.0,1
2025-07-21,Referral,Mobile,125,106,413,0.623,139.7,3
2025-07-21,Referral,Tablet,16,14,47,0.324,75.3,0
2025-07-22,Organic Search,Desktop,831,666,1520,0.523,156.4,21
2025-07-22,Organic Search,Mobile,805,640,1698,0.374,69.3,12
2025-07-22,Organic Search,Tablet,176,142,768,0.534,80.4,4
2025-07-22,Paid Search,Desktop,298,224,1125,0.462,197.0,3
2025-07-22,Paid Search,Mobile,405,310,819,0.601,211.8,8
2025-07-22,Paid Search,Tablet,58,45,193,0.54,78.0,0
2025-07-22,Social,Desktop,320,257,751,0.564,110.2,3
2025-07-22,Social,Mobile,448,407,1540,0.391,104.3,11
2025-07-22,Social,Tablet,77,67,224,0.561,238.7,1
2025-07-22,Direct,Desktop,239,223,948,0.354,207.7,4
2025-07-22,Direct,Mobile,346,287,676,0.516,205.9,5
2025-07-22,Direct,Tablet,64,57,284,0.351,238.7,0
2025-07-22,Email,Desktop,105,80,358,0.343,62.5,2
2025-07-22,Email,Mobile,155,126,572,0.404,111.9,2
2025-07-22,Email,Tablet,17,14,75,0.606,194.3,0
2025-07-22,Referral,Desktop,89,83,328,0.449,61.0,2
2025-07-22,Referral,Mobile,100,85,326,0.601,151.6,1
2025-07-22,Referral,Tablet,17,12,38,0.592,81.8,0
2025-07-23,Organic Search,Desktop,900,697,4034,0.335,72.3,24
2025-07-23,Organic Search,Mobile,1147,953,4092,0.354,202.2,15
2025-07-23,Organic Search,Tablet,123,96,477,0.427,191.8,0
2025-07-23,Paid Search,Desktop,376,303,1078,0.368,202.9,4
2025-07-23,Paid Search,Mobile,304,257,878,0.462,99.6,7
2025-07-23,Paid Search,Tablet,63,50,243,0.667,126.1,1
2025-07-23,Social,Desktop,412,374,1646,0.568,166.6,11
2025-07-23,Social,Mobile,523,418,1954,0.641,236.8,15
2025-07-23,Social,Tablet,73,61,205,0.607,69.0,0
2025-07-23,Direct,Desktop,225,201,718,0.671,77.1,4
2025-07-23,Direct,Mobile,363,325,1062,0.418,87.1,7
2025-07-23,Direct,Tablet,51,39,129,0.337,184.3,0
2025-07-23,Email,Desktop,123,92,546,0.484,127.0,2
2025-07-23,Email,Mobile,126,115,377,0.633,79.9,1
2025-07-23,Email,Tablet,19,17,38,0.604,113.4,0
2025-07-23,Referral,Desktop,78,64,223,0.662,65.2,0
2025-07-23,Referral,Mobile,132,104,243,0.532,237.5,2
2025-07-23,Referral,Tablet,18,15,77,0.545,165.2,0
2025-07-24,Organic Search,Desktop,670,530,2660,0.658,209.7,20
2025-07-24,Organic Search,Mobile,665,522,2565,0.422,92.7,11
2025-07-24,Organic Search,Tablet,162,145,607,0.476,195.6,2
2025-07-24,Paid Search,Desktop,302,237,758,0.374,202.3,5
2025-07-24,Paid Search,Mobile,457,356,1372,0.582,148.8,2
2025-07-24,Paid Search,Tablet,76,61,246,0.533,216.5,1
2025-07-24,Social,Desktop,328,266,1458,0.584,184.8,4
2025-07-24,Social,Mobile,603,566,2511,0.389,191.5,12
2025-07-24,Social,Tablet,85,63,173,0.541,71.1,1
2025-07-24,Direct,Desktop,246,195,999,0.313,199.0,5
2025-07-24,Direct,Mobile,364,315,1372,0.582,205.8,8
2025-07-24,Direct,Tablet,50,42,203,0.551,141.8,1
2025-07-24,Email,Desktop,97,80,260,0.689,135.9,1
2025-07-24,Email,Mobile,136,103,350,0.462,216.8,0
2025-07-24,Email,Tablet,21,16,91,0.424,80.4,0
2025-07-24,Referral,Desktop,97,84,323,0.665,111.3,2
2025-07-24,Referral,Mobile,134,115,325,0.451,171.0,2
2025-07-24,Referral,Tablet,17,12,66,0.579,81.2,0
2025-07-25,Organic Search,Desktop,742,557,1404,0.613,90.9,14
2025-07-25,Organic Search,Mobile,1126,949,2145,0.697,208.9,10
2025-07-25,Organic Search,Tablet,140,128,513,0.351,97.4,2
2025-07-25,Paid Search,Desktop,389,296,1673,0.598,216.6,2
2025-07-25,Paid Search,Mobile,481,394,2003,0.619,92.4,7
2025-07-25,Paid Search,Tablet,72,57,278,0.654,128.6,1
2025-07-25,Social,Desktop,343,273,1330,0.615,144.5,4
2025-07-25,Social,Mobile,557,471,2127,0.473,214.9,14
2025-07-25,Social,Tablet,94,82,380,0.474,206.3,0
2025-07-25,Direct,Desktop,294,222,1080,0.611,190.9,4
2025-07-25,Direct,Mobile,296,248,720,0.551,172.9,3
2025-07-25,Direct,Tablet,51,46,208,0.679,196.2,1
2025-07-25,Email,Desktop,104,90,354,0.612,111.0,1
2025-07-25,Email,Mobile,162,153,546,0.446,211.0,1
2025-07-25,Email,Tablet,21,19,93,0.472,144.4,0
2025-07-25,Referral,Desktop,88,73,269,0.359,108.3,0
2025-07-25,Referral,Mobile,105,93,355,0.32,79.7,1
2025-07-25,Referral,Tablet,17,13,70,0.582,122.2,0
2025-07-26,Organic Search,Desktop,779,651,2433,0.381,108.3,6
2025-07-26,Organic Search,Mobile,910,694,3983,0.302,203.4,21
2025-07-26,Organic Search,Tablet,119,89,236,0.494,89.4,2
2025-07-26,Paid Search,Desktop,321,300,1024,0.473,217.4,9
2025-07-26,Paid Search,Mobile,463,359,1070,0.423,75.7,12
2025-07-26,Paid Search,Tablet,58,51,207,0.618,69.4,0
2025-07-26,Social,Desktop,418,360,850,0.6,49.5,10
2025-07-26,Social,Mobile,513,406,1006,0.504,175.9,3
2025-07-26,Social,Tablet,77,63,322,0.512,238.3,1
2025-07-26,Direct,Desktop,254,235,879,0.352,171.2,2
2025-07-26,Direct,Mobile,387,358,1322,0.61,185.2,5
2025-07-26,Direct,Tablet,63,53,230,0.467,88.0,1
2025-07-26,Email,Desktop,131,123,245,0.353,165.7,2
2025-07-26,Email,Mobile,152,119,286,0.462,236.0,1
2025-07-26,Email,Tablet,29,24,53,0.394,176.2,0
2025-07-26,Referral,Desktop,121,93,401,0.684,206.6,3
2025-07-26,Referral,Mobile,136,117,594,0.46,59.6,3
2025-07-26,Referral,Tablet,18,16,46,0.407,109.9,0
2025-07-27,Organic Search,Desktop,912,821,2741,0.552,75.0,9
2025-07-27,Organic Search,Mobile,811,638,2908,0.419,98.6,6
2025-07-27,Organic Search,Tablet,208,192,634,0.415,120.8,4
2025-07-27,Paid Search,Desktop,308,232,1319,0.326,47.0,5
2025-07-27,Paid Search,Mobile,423,379,1349,0.328,51.9,4
2025-07-27,Paid Search,Tablet,67,57,163,0.679,100.8,0
2025-07-27,Social,Desktop,361,329,1552,0.692,110.2,3
2025-07-27,Social,Mobile,560,454,1496,0.564,123.8,6
2025-07-27,Social,Tablet,79,69,161,0.683,74.4,2
2025-07-27,Direct,Desktop,309,270,1116,0.512,209.1,7
2025-07-27,Direct,Mobile,399,341,1127,0.4,187.1,7
2025-07-27,Direct,Tablet,64,54,283,0.334,135.7,1
2025-07-27,Email,Desktop,133,103,328,0.671,150.5,2
2025-07-27,Email,Mobile,163,122,445,0.309,173.7,2
2025-07-27,Email,Tablet,27,23,117,0.619,175.7,0
2025-07-27,Referral,Desktop,91,72,379,0.405,157.9,0
2025-07-27,Referral,Mobile,122,108,417,0.33,166.9,1
2025-07-27,Referral,Tablet,18,13,69,0.425,85.5,0
2025-07-28,Organic Search,Desktop,784,730,1739,0.495,77.2,6
2025-07-28,Organic Search,Mobile,730,656,1391,0.385,185.4,15
2025-07-28,Organic Search,Tablet,140,108,341,0.507,196.5,3
2025-07-28,Paid Search,Desktop,327,265,789,0.307,217.5,8
2025-07-28,Paid Search,Mobile,491,437,2013,0.383,87.5,12
2025-07-28,Paid Search,Tablet,65,52,148,0.414,200.2,0
2025-07-28,Social,Desktop,414,368,855,0.399,99.4,5
2025-07-28,Social,Mobile,505,467,1064,0.428,162.7,8
2025-07-28,Social,Tablet,84,63,165,0.537,224.1,0
2025-07-28,Direct,Desktop,298,252,1249,0.308,119.2,2
2025-07-28,Direct,Mobile,263,212,1005,0.521,123.6,4
2025-07-28,Direct,Tablet,55,41,186,0.433,77.8,1
2025-07-28,Email,Desktop,97,79,183,0.344,78.8,1
2025-07-28,Email,Mobile,180,142,719,0.567,188.8,4
2025-07-28,Email,Tablet,20,16,64,0.329,57.5,0
2025-07-28,Referral,Desktop,77,72,207,0.5,112.0,0
2025-07-28,Referral,Mobile,115,106,305,0.392,126.5,1
2025-07-28,Referral,Tablet,19,14,41,0.499,126.6,0
2025-07-29,Organic Search,Desktop,768,641,3054,0.499,235.9,6
2025-07-29,Organic Search,Mobile,1077,897,2394,0.61,194.7,23
2025-07-29,Organic Search,Tablet,174,147,362,0.413,216.8,2
2025-07-29,Paid Search,Desktop,315,273,1172,0.496,124.6,6
2025-07-29,Paid Search,Mobile,307,265,1334,0.566,89.1,8
2025-07-29,Paid Search,Tablet,67,53,143,0.389,104.6,1
2025-07-29,Social,Desktop,362,307,1439,0.662,132.8,2
2025-07-29,Social,Mobile,502,471,1459,0.315,114.4,6
2025-07-29,Social,Tablet,77,67,174,0.48,71.2,1
2025-07-29,Direct,Desktop,172,133,674,0.446,211.1,4
2025-07-29,Direct,Mobile,317,295,832,0.441,208.5,6
2025-07-29,Direct,Tablet,52,39,227,0.345,223.0,0
2025-07-29,Email,Desktop,96,72,389,0.43,172.7,0
2025-07-29,Email,Mobile,141,119,353,0.61,233.2,3
2025-07-29,Email,Tablet,14,13,45,0.422,171.9,0
2025-07-29,Referral,Desktop,86,68,354,0.586,198.2,0
2025-07-29,Referral,Mobile,123,93,397,0.312,166.0,2
2025-07-29,Referral,Tablet,17,12,71,0.518,74.3,0
2025-07-30,Organic Search,Desktop,694,632,3096,0.304,87.4,14
2025-07-30,Organic Search,Mobile,1145,1063,4905,0.338,67.5,26
2025-07-30,Organic Search,Tablet,151,117,345,0.382,112.4,1
2025-07-30,Paid Search,Desktop,303,234,838,0.453,115.8,1
2025-07-30,Paid Search,Mobile,399,374,851,0.687,66.3,10
2025-07-30,Paid Search,Tablet,47,37,92,0.489,207.6,1
2025-07-30,Social,Desktop,324,253,1033,0.667,227.5,5
2025-07-30,Social,Mobile,530,476,1504,0.36,144.1,10
2025-07-30,Social,Tablet,70,55,251,0.661,146.1,1
2025-07-30,Direct,Desktop,236,178,868,0.673,175.1,6
2025-07-30,Direct,Mobile,305,273,1191,0.495,228.6,3
2025-07-30,Direct,Tablet,53,40,183,0.333,190.5,1
2025-07-30,Email,Desktop,97,73,412,0.622,58.4,2
2025-07-30,Email,Mobile,139,105,393,0.411,220.1,1
2025-07-30,Email,Tablet,20,18,59,0.482,144.4,0
2025-07-30,Referral,Desktop,83,66,353,0.349,46.8,2
2025-07-30,Referral,Mobile,107,101,436,0.663,190.0,1
2025-07-30,Referral,Tablet,18,14,62,0.606,143.8,0
2025-07-31,Organic Search,Desktop,885,776,2253,0.379,144.1,14
2025-07-31,Organic Search,Mobile,984,886,3596,0.543,96.6,4
2025-07-31,Organic Search,Tablet,157,140,336,0.458,98.0,1
2025-07-31,Paid Search,Desktop,314,245,1063,0.508,163.0,1
2025-07-31,Paid Search,Mobile,450,378,1268,0.431,54.7,9
2025-07-31,Paid Search,Tablet,64,60,214,0.313,122.4,0
2025-07-31,Social,Desktop,489,423,1371,0.558,230.6,5
2025-07-31,Social,Mobile,438,330,1606,0.617,150.5,8
2025-07-31,Social,Tablet,75,57,168,0.572,66.1,2
2025-07-31,Direct,Desktop,288,237,1225,0.378,214.5,7
2025-07-31,Direct,Mobile,313,257,689,0.558,165.1,4
2025-07-31,Direct,Tablet,49,43,220,0.369,122.3,1
2025-07-31,Email,Desktop,118,106,294,0.57,97.8,3
2025-07-31,Email,Mobile,137,128,249,0.556,66.8,3
2025-07-31,Email,Tablet,19,16,46,0.674,180.4,0
2025-07-31,Referral,Desktop,83,78,179,0.523,52.0,2
2025-07-31,Referral,Mobile,109,82,477,0.624,62.0,0
2025-07-31,Referral,Tablet,21,19,90,0.34,158.6,0
2025-08-01,Organic Search,Desktop,811,621,1608,0.677,214.1,9
2025-08-01,Organic Search,Mobile,1232,988,3766,0.635,69.7,31
2025-08-01,Organic Search,Tablet,181,147,588,0.486,46.1,2
2025-08-01,Paid Search,Desktop,292,226,825,0.598,213.2,7
2025-08-01,Paid Search,Mobile,380,292,1146,0.461,107.1,4
2025-08-01,Paid Search,Tablet,60,56,179,0.42,206.6,1
2025-08-01,Social,Desktop,384,311,1000,0.368,56.4,6
2025-08-01,Social,Mobile,583,483,1432,0.597,67.9,11
2025-08-01,Social,Tablet,106,98,376,0.516,122.6,2
2025-08-01,Direct,Desktop,268,251,587,0.575,101.3,6
2025-08-01,Direct,Mobile,377,324,1630,0.321,128.6,10
2025-08-01,Direct,Tablet,48,36,88,0.357,178.9,1
2025-08-01,Email,Desktop,136,110,327,0.601,72.8,3
2025-08-01,Email,Mobile,158,123,339,0.62,229.6,1
2025-08-01,Email,Tablet,25,20,76,0.449,173.2,0
2025-08-01,Referral,Desktop,90,75,288,0.671,96.9,2
2025-08-01,Referral,Mobile,129,122,307,0.665,83.2,2
2025-08-01,Referral,Tablet,15,13,66,0.39,55.4,0
2025-08-02,Organic Search,Desktop,938,889,2116,0.637,57.7,17
2025-08-02,Organic Search,Mobile,1240,1067,2814,0.544,134.6,21
2025-08-02,Organic Search,Tablet,167,127,525,0.421,119.0,2
2025-08-02,Paid Search,Desktop,323,303,1190,0.676,115.7,3
2025-08-02,Paid Search,Mobile,491,424,1868,0.609,77.4,13
2025-08-02,Paid Search,Tablet,78,62,142,0.455,189.7,0
2025-08-02,Social,Desktop,502,468,1798,0.617,152.2,13
2025-08-02,Social,Mobile,547,457,1591,0.453,75.2,4
2025-08-02,Social,Tablet,98,82,383,0.32,84.3,0
2025-08-02,Direct,Desktop,313,285,1355,0.632,235.6,3
2025-08-02,Direct,Mobile,382,341,750,0.385,203.8,3
2025-08-02,Direct,Tablet,61,48,160,0.404,78.2,1
2025-08-02,Email,Desktop,121,102,499,0.471,147.5,0
2025-08-02,Email,Mobile,205,170,644,0.386,235.9,4
2025-08-02,Email,Tablet,22,18,61,0.575,191.6,0
2025-08-02,Referral,Desktop,101,79,227,0.608,214.0,1
2025-08-02,Referral,Mobile,104,82,284,0.596,139.6,2
2025-08-02,Referral,Tablet,17,15,52,0.466,68.1,0
2025-08-03,Organic Search,Desktop,830,661,3283,0.534,131.1,5
2025-08-03,Organic Search,Mobile,1198,1127,3674,0.48,126.7,10
2025-08-03,Organic Search,Tablet,179,142,614,0.624,182.2,5
2025-08-03,Paid Search,Desktop,323,254,1338,0.369,207.5,6
2025-08-03,Paid Search,Mobile,452,345,1832,0.57,66.4,5
2025-08-03,Paid Search,Tablet,87,66,221,0.502,214.5,2
2025-08-03,Social,Desktop,328,296,1362,0.302,147.0,4
2025-08-03,Social,Mobile,627,553,2594,0.399,110.8,14
2025-08-03,Social,Tablet,95,85,279,0.594,221.2,0
2025-08-03,Direct,Desktop,352,271,1018,0.503,219.4,3
2025-08-03,Direct,Mobile,409,340,1444,0.612,141.3,5
2025-08-03,Direct,Tablet,60,49,135,0.47,199.0,1
2025-08-03,Email,Desktop,154,142,510,0.423,188.8,3
2025-08-03,Email,Mobile,188,156,601,0.318,225.3,3
2025-08-03,Email,Tablet,29,22,106,0.634,98.3,0
2025-08-03,Referral,Desktop,108,88,477,0.378,72.7,0
2025-08-03,Referral,Mobile,117,100,336,0.632,158.7,1
2025-08-03,Referral,Tablet,16,14,66,0.536,90.7,0
2025-08-04,Organic Search,Desktop,840,737,3326,0.444,88.6,9
2025-08-04,Organic Search,Mobile,1308,1009,2919,0.411,189.5,21
2025-08-04,Organic Search,Tablet,109,86,396,0.357,196.0,1
2025-08-04,Paid Search,Desktop,309,273,1246,0.32,63.0,5
2025-08-04,Paid Search,Mobile,383,346,1053,0.694,213.2,3
2025-08-04,Paid Search,Tablet,56,49,142,0.682,205.4,0
2025-08-04,Social,Desktop,372,306,1007,0.623,233.5,5
2025-08-04,Social,Mobile,516,459,1524,0.44,153.0,7
2025-08-04,Social,Tablet,95,89,418,0.486,106.5,1
2025-08-04,Direct,Desktop,289,234,1225,0.374,124.8,5
2025-08-04,Direct,Mobile,310,264,1307,0.579,178.6,3
2025-08-04,Direct,Tablet,43,34,131,0.536,167.7,1
2025-08-04,Email,Desktop,127,103,300,0.633,236.6,0
2025-08-04,Email,Mobile,118,93,377,0.459,208.0,1
2025-08-04,Email,Tablet,21,18,64,0.532,169.2,0
2025-08-04,Referral,Desktop,94,75,315,0.461,149.0,1
2025-08-04,Referral,Mobile,117,88,299,0.495,117.6,3
2025-08-04,Referral,Tablet,19,17,47,0.474,219.2,0
2025-08-05,Organic Search,Desktop,804,717,3610,0.669,235.1,8
2025-08-05,Organic Search,Mobile,1191,1117,4018,0.331,75.8,22
2025-08-05,Organic Search,Tablet,148,121,434,0.461,97.1,3
2025-08-05,Paid Search,Desktop,315,287,945,0.496,133.4,2
2025-08-05,Paid Search,Mobile,413,370,1009,0.429,140.8,8
2025-08-05,Paid Search,Tablet,83,62,357,0.418,224.6,1
2025-08-05,Social,Desktop,294,261,605,0.506,102.0,3
2025-08-05,Social,Mobile,454,381,1692,0.552,46.5,11
2025-08-05,Social,Tablet,80,71,232,0.477,120.6,1
2025-08-05,Direct,Desktop,268,241,1000,0.396,86.0,6
2025-08-05,Direct,Mobile,365,341,933,0.481,218.0,4
2025-08-05,Direct,Tablet,63,48,269,0.571,211.0,1
2025-08-05,Email,Desktop,124,111,228,0.573,222.2,3
2025-08-05,Email,Mobile,174,158,735,0.474,137.9,3
2025-08-05,Email,Tablet,22,16,89,0.6,236.4,0
2025-08-05,Referral,Desktop,93,75,209,0.438,152.2,1
2025-08-05,Referral,Mobile,142,111,476,0.632,154.3,1
2025-08-05,Referral,Tablet,20,16,37,0.618,144.6,0
2025-08-06,Organic Search,Desktop,678,571,1325,0.691,179.9,7
2025-08-06,Organic Search,Mobile,1058,847,3098,0.372,92.2,10
2025-08-06,Organic Search,Tablet,153,144,645,0.676,108.0,1
2025-08-06,Paid Search,Desktop,275,256,858,0.448,53.1,7
2025-08-06,Paid Search,Mobile,486,370,1935,0.389,172.4,10
2025-08-06,Paid Search,Tablet,69,55,272,0.439,70.3,1
2025-08-06,Social,Desktop,363,334,706,0.367,185.2,1
2025-08-06,Social,Mobile,555,424,1742,0.467,105.4,8
2025-08-06,Social,Tablet,86,79,375,0.618,217.5,2
2025-08-06,Direct,Desktop,292,250,694,0.434,193.5,7
2025-08-06,Direct,Mobile,415,340,928,0.359,87.7,6
2025-08-06,Direct,Tablet,49,36,126,0.513,82.6,0
2025-08-06,Email,Desktop,106,86,213,0.503,136.8,2
2025-08-06,Email,Mobile,132,117,549,0.328,87.4,2
2025-08-06,Email,Tablet,25,20,58,0.538,225.4,0
2025-08-06,Referral,Desktop,97,85,255,0.393,180.5,1
2025-08-06,Referral,Mobile,114,88,439,0.408,208.6,1
2025-08-06,Referral,Tablet,18,16,69,0.334,110.2,0
2025-08-07,Organic Search,Desktop,810,751,2855,0.584,123.8,8
2025-08-07,Organic Search,Mobile,1033,777,2687,0.561,90.4,14
2025-08-07,Organic Search,Tablet,177,141,632,0.491,210.2,4
2025-08-07,Paid Search,Desktop,380,334,1447,0.589,210.0,8
2025-08-07,Paid Search,Mobile,389,307,1370,0.523,98.4,11
2025-08-07,Paid Search,Tablet,52,49,201,0.364,174.9,0
2025-08-07,Social,Desktop,407,372,1413,0.51,229.2,7
2025-08-07,Social,Mobile,479,434,2052,0.531,54.3,9
2025-08-07,Social,Tablet,85,63,362,0.38,76.7,2
2025-08-07,Direct,Desktop,281,218,1224,0.494,211.9,4
2025-08-07,Direct,Mobile,382,330,1460,0.54,233.8,11
2025-08-07,Direct,Tablet,52,47,149,0.551,192.4,0
2025-08-07,Email,Desktop,143,121,325,0.473,50.8,1
2025-08-07,Email,Mobile,129,104,303,0.4,211.3,0
2025-08-07,Email,Tablet,26,20,67,0.661,154.2,0
2025-08-07,Referral,Desktop,93,80,381,0.68,134.5,2
2025-08-07,Referral,Mobile,105,96,195,0.595,68.9,1
2025-08-07,Referral,Tablet,20,17,48,0.513,200.8,0
2025-08-08,Organic Search,Desktop,668,547,1234,0.576,75.1,4
2025-08-08,Organic Search,Mobile,1033,775,3781,0.636,73.0,28
2025-08-08,Organic Search,Tablet,176,143,551,0.525,221.2,1
2025-08-08,Paid Search,Desktop,308,273,901,0.335,49.2,5
2025-08-08,Paid Search,Mobile,506,411,1458,0.641,207.9,4
2025-08-08,Paid Search,Tablet,64,51,166,0.623,235.9,1
2025-08-08,Social,Desktop,323,296,875,0.603,132.3,8
2025-08-08,Social,Mobile,689,598,1629,0.6,164.0,4
2025-08-08,Social,Tablet,80,70,174,0.402,72.9,1
2025-08-08,Direct,Desktop,301,250,852,0.432,153.0,8
2025-08-08,Direct,Mobile,364,292,1178,0.357,203.7,5
2025-08-08,Direct,Tablet,55,51,105,0.304,230.7,0
2025-08-08,Email,Desktop,118,109,377,0.655,187.1,0
2025-08-08,Email,Mobile,143,113,544,0.426,175.1,3
2025-08-08,Email,Tablet,29,22,105,0.42,87.8,0
2025-08-08,Referral,Desktop,98,90,204,0.443,229.7,1
2025-08-08,Referral,Mobile,119,98,454,0.34,54.3,1
2025-08-08,Referral,Tablet,17,13,74,0.336,59.3,0
2025-08-09,Organic Search,Desktop,822,695,2223,0.58,72.0,23
2025-08-09,Organic Search,Mobile,1151,994,4161,0.637,74.5,13
2025-08-09,Organic Search,Tablet,192,163,747,0.551,99.3,1
2025-08-09,Paid Search,Desktop,341,269,625,0.366,47.0,5
2025-08-09,Paid Search,Mobile,580,495,1461,0.375,220.5,9
2025-08-09,Paid Search,Tablet,72,59,217,0.511,144.3,2
2025-08-09,Social,Desktop,412,388,902,0.395,117.7,4
2025-08-09,Social,Mobile,560,523,1395,0.643,50.4,8
2025-08-09,Social,Tablet,84,72,224,0.512,214.0,0
2025-08-09,Direct,Desktop,283,248,1183,0.668,178.7,3
2025-08-09,Direct,Mobile,391,352,1001,0.47,222.8,4
2025-08-09,Direct,Tablet,60,49,147,0.522,64.2,0
2025-08-09,Email,Desktop,120,107,299,0.541,78.7,2
2025-08-09,Email,Mobile,155,117,653,0.602,224.2,4
2025-08-09,Email,Tablet,29,23,120,0.328,117.1,0
2025-08-09,Referral,Desktop,111,101,304,0.443,154.3,2
2025-08-09,Referral,Mobile,121,108,303,0.539,239.0,3
2025-08-09,Referral,Tablet,23,21,73,0.507,185.4,0
2025-08-10,Organic Search,Desktop,953,766,3566,0.463,147.1,24
2025-08-10,Organic Search,Mobile,1131,888,4404,0.312,45.4,26
2025-08-10,Organic Search,Tablet,208,177,567,0.621,174.9,4
2025-08-10,Paid Search,Desktop,334,251,1105,0.692,215.1,2
2025-08-10,Paid Search,Mobile,491,400,1196,0.475,53.6,9
2025-08-10,Paid Search,Tablet,82,77,285,0.66,175.2,0
2025-08-10,Social,Desktop,421,375,1618,0.517,222.0,9
2025-08-10,Social,Mobile,600,518,1655,0.513,194.3,14
2025-08-10,Social,Tablet,94,83,189,0.402,74.8,1
2025-08-10,Direct,Desktop,335,255,1269,0.342,228.8,7
2025-08-10,Direct,Mobile,377,344,1285,0.59,140.5,2
2025-08-10,Direct,Tablet,46,40,132,0.357,192.6,0
2025-08-10,Email,Desktop,145,129,586,0.579,180.9,1
2025-08-10,Email,Mobile,150,123,359,0.694,63.2,1
2025-08-10,Email,Tablet,26,21,98,0.485,167.3,0
2025-08-10,Referral,Desktop,123,92,365,0.473,126.4,3
2025-08-10,Referral,Mobile,119,96,246,0.322,168.0,0
2025-08-10,Referral,Tablet,22,19,70,0.471,84.5,0
2025-08-11,Organic Search,Desktop,841,711,3782,0.424,123.1,13
2025-08-11,Organic Search,Mobile,1166,1048,2323,0.501,140.1,17
2025-08-11,Organic Search,Tablet,126,96,264,0.334,70.7,2
2025-08-11,Paid Search,Desktop,319,253,984,0.399,151.1,1
2025-08-11,Paid Search,Mobile,364,284,727,0.597,222.1,10
2025-08-11,Paid Search,Tablet,45,33,171,0.393,102.1,0
2025-08-11,Social,Desktop,426,375,1774,0.371,180.8,7
2025-08-11,Social,Mobile,489,402,1284,0.631,207.7,12
2025-08-11,Social,Tablet,61,54,226,0.425,136.4,1
2025-08-11,Direct,Desktop,232,211,580,0.559,213.0,1
2025-08-11,Direct,Mobile,382,313,1148,0.683,222.0,3
2025-08-11,Direct,Tablet,47,39,143,0.51,178.4,1
2025-08-11,Email,Desktop,107,85,452,0.408,62.2,2
2025-08-11,Email,Mobile,166,134,727,0.621,203.2,3
2025-08-11,Email,Tablet,25,19,60,0.629,63.4,0
2025-08-11,Referral,Desktop,80,65,229,0.53,87.9,0
2025-08-11,Referral,Mobile,127,115,266,0.371,89.7,1
2025-08-11,Referral,Tablet,21,19,92,0.32,111.4,0
2025-08-12,Organic Search,Desktop,845,788,2062,0.657,191.1,17
2025-08-12,Organic Search,Mobile,1169,1096,3997,0.613,58.4,27
2025-08-12,Organic Search,Tablet,164,147,723,0.563,195.9,3
2025-08-12,Paid Search,Desktop,294,252,872,0.305,85.3,4
2025-08-12,Paid Search,Mobile,374,341,784,0.588,115.0,1
2025-08-12,Paid Search,Tablet,67,59,235,0.339,176.9,0
2025-08-12,Social,Desktop,416,384,1606,0.493,232.0,3
2025-08-12,Social,Mobile,575,528,1919,0.356,209.9,15
2025-08-12,Social,Tablet,70,57,145,0.628,94.6,1
2025-08-12,Direct,Desktop,230,209,436,0.693,128.3,4
2025-08-12,Direct,Mobile,375,286,1458,0.421,81.0,6
2025-08-12,Direct,Tablet,59,46,184,0.453,134.9,1
2025-08-12,Email,Desktop,88,67,305,0.677,89.8,1
2025-08-12,Email,Mobile,159,135,434,0.385,66.4,3
2025-08-12,Email,Tablet,25,21,106,0.631,212.4,0
2025-08-12,Referral,Desktop,71,61,190,0.583,206.1,0
2025-08-12,Referral,Mobile,88,80,290,0.47,223.7,2
2025-08-12,Referral,Tablet,21,19,53,0.32,229.5,0
2025-08-13,Organic Search,Desktop,888,746,1724,0.624,119.6,15
2025-08-13,Organic Search,Mobile,909,693,2673,0.342,56.4,7
2025-08-13,Organic Search,Tablet,127,102,314,0.634,111.4,1
2025-08-13,Paid Search,Desktop,274,249,1013,0.555,206.3,5
2025-08-13,Paid Search,Mobile,458,392,1624,0.336,110.0,11
2025-08-13,Paid Search,Tablet,73,56,303,0.5,216.0,1
2025-08-13,Social,Desktop,379,314,1523,0.458,155.9,9
2025-08-13,Social,Mobile,468,435,1557,0.682,157.9,11
2025-08-13,Social,Tablet,79,70,324,0.586,58.3,0
2025-08-13,Direct,Desktop,255,220,923,0.422,148.5,1
2025-08-13,Direct,Mobile,411,352,881,0.376,237.3,10
2025-08-13,Direct,Tablet,57,45,196,0.585,211.5,0
2025-08-13,Email,Desktop,130,117,428,0.545,217.6,2
2025-08-13,Email,Mobile,145,135,620,0.4,182.9,4
2025-08-13,Email,Tablet,21,19,61,0.6,58.4,0
2025-08-13,Referral,Desktop,101,83,313,0.334,119.8,0
2025-08-13,Referral,Mobile,106,100,337,0.385,172.9,1
2025-08-13,Referral,Tablet,22,17,89,0.566,164.9,0
2025-08-14,Organic Search,Desktop,699,527,2012,0.572,111.8,10
2025-08-14,Organic Search,Mobile,1090,945,3347,0.661,103.2,18
2025-08-14,Organic Search,Tablet,160,151,446,0.426,214.5,3
2025-08-14,Paid Search,Desktop,286,253,675,0.647,216.0,4
2025-08-14,Paid Search,Mobile,350,281,684,0.611,103.0,8
2025-08-14,Paid Search,Tablet,58,46,142,0.417,65.3,0
2025-08-14,Social,Desktop,444,389,1807,0.446,170.0,8
2025-08-14,Social,Mobile,531,451,1290,0.402,116.2,8
2025-08-14,Social,Tablet,74,63,328,0.463,191.3,2
2025-08-14,Direct,Desktop,260,201,1003,0.617,207.0,2
2025-08-14,Direct,Mobile,399,307,1561,0.43,173.5,6
2025-08-14,Direct,Tablet,53,49,169,0.557,170.0,0
2025-08-14,Email,Desktop,113,89,441,0.42,202.2,2
2025-08-14,Email,Mobile,174,148,512,0.372,50.7,5
2025-08-14,Email,Tablet,27,25,64,0.566,236.0,0
2025-08-14,Referral,Desktop,90,76,162,0.633,175.7,1
2025-08-14,Referral,Mobile,132,122,276,0.483,88.9,3
2025-08-14,Referral,Tablet,15,13,51,0.341,91.4,0
2025-08-15,Organic Search,Desktop,1053,897,4701,0.373,54.4,24
2025-08-15,Organic Search,Mobile,705,581,1819,0.409,234.2,9
2025-08-15,Organic Search,Tablet,177,155,542,0.444,79.0,2
2025-08-15,Paid Search,Desktop,394,370,1330,0.577,148.2,7
2025-08-15,Paid Search,Mobile,425,396,1181,0.487,169.4,11
2025-08-15,Paid Search,Tablet,67,62,296,0.44,159.9,1
2025-08-15,Social,Desktop,412,354,1486,0.307,169.8,7
2025-08-15,Social,Mobile,383,329,1395,0.441,211.0,3
2025-08-15,Social,Tablet,92,79,408,0.578,204.7,2
2025-08-15,Direct,Desktop,307,274,1292,0.535,119.7,4
2025-08-15,Direct,Mobile,339,274,901,0.44,190.9,6
2025-08-15,Direct,Tablet,55,47,194,0.421,154.5,1
2025-08-15,Email,Desktop,114,101,313,0.365,224.8,2
2025-08-15,Email,Mobile,124,109,394,0.541,179.8,1
2025-08-15,Email,Tablet,20,15,41,0.519,141.1,0
2025-08-15,Referral,Desktop,90,67,259,0.403,65.9,2
2025-08-15,Referral,Mobile,106,95,399,0.427,74.7,1
2025-08-15,Referral,Tablet,16,13,52,0.434,87.1,0
2025-08-16,Organic Search,Desktop,714,650,3185,0.38,64.5,14
2025-08-16,Organic Search,Mobile,1372,1201,6057,0.333,141.9,23
2025-08-16,Organic Search,Tablet,176,150,461,0.633,175.8,3
2025-08-16,Paid Search,Desktop,276,228,620,0.326,94.0,3
2025-08-16,Paid Search,Mobile,453,377,1396,0.433,227.7,4
2025-08-16,Paid Search,Tablet,73,63,169,0.633,128.5,1
2025-08-16,Social,Desktop,427,389,1566,0.48,185.7,5
2025-08-16,Social,Mobile,554,468,1724,0.307,146.0,12
2025-08-16,Social,Tablet,84,77,353,0.326,99.0,1
2025-08-16,Direct,Desktop,284,267,1271,0.477,127.1,4
2025-08-16,Direct,Mobile,369,326,672,0.461,239.9,9
2025-08-16,Direct,Tablet,64,53,185,0.37,222.1,0
2025-08-16,Email,Desktop,106,99,417,0.586,188.3,0
2025-08-16,Email,Mobile,169,158,318,0.64,61.6,2
2025-08-16,Email,Tablet,28,25,89,0.538,119.1,0
2025-08-16,Referral,Desktop,111,86,275,0.526,180.6,2
2025-08-16,Referral,Mobile,143,108,330,0.688,202.5,0
2025-08-16,Referral,Tablet,20,18,38,0.638,146.0,0
2025-08-17,Organic Search,Desktop,733,571,3106,0.378,102.9,6
2025-08-17,Organic Search,Mobile,1075,819,2782,0.527,105.4,20
2025-08-17,Organic Search,Tablet,177,144,354,0.356,89.8,4
2025-08-17,Paid Search,Desktop,352,283,1199,0.385,71.4,4
2025-08-17,Paid Search,Mobile,556,491,1006,0.522,185.2,12
2025-08-17,Paid Search,Tablet,73,66,207,0.348,54.3,1
2025-08-17,Social,Desktop,438,409,1440,0.406,153.8,11
2025-08-17,Social,Mobile,557,469,1580,0.378,89.8,11
2025-08-17,Social,Tablet,78,63,186,0.444,96.2,1
2025-08-17,Direct,Desktop,275,223,607,0.469,105.5,2
2025-08-17,Direct,Mobile,408,340,1275,0.504,84.3,5
2025-08-17,Direct,Tablet,69,58,197,0.375,231.1,1
2025-08-17,Email,Desktop,148,120,481,0.406,57.6,2
2025-08-17,Email,Mobile,165,125,367,0.503,59.0,3
2025-08-17,Email,Tablet,23,21,97,0.343,117.4,0
2025-08-17,Referral,Desktop,103,88,415,0.419,68.0,1
2025-08-17,Referral,Mobile,126,96,294,0.614,215.8,1
2025-08-17,Referral,Tablet,22,16,69,0.636,53.1,0
2025-08-18,Organic Search,Desktop,757,623,1901,0.361,89.1,19
2025-08-18,Organic Search,Mobile,979,889,3412,0.327,110.2,14
2025-08-18,Organic Search,Tablet,127,108,562,0.582,104.5,0
2025-08-18,Paid Search,Desktop,280,217,648,0.692,60.3,4
2025-08-18,Paid Search,Mobile,466,414,1514,0.348,196.9,7
2025-08-18,Paid Search,Tablet,73,64,249,0.676,190.7,1
2025-08-18,Social,Desktop,373,330,1452,0.634,207.1,11
2025-08-18,Social,Mobile,569,462,2420,0.429,124.5,8
2025-08-18,Social,Tablet,96,86,223,0.686,57.7,2
2025-08-18,Direct,Desktop,288,229,889,0.371,179.7,2
2025-08-18,Direct,Mobile,407,321,1180,0.693,175.5,11
2025-08-18,Direct,Tablet,72,66,255,0.318,61.7,1
2025-08-18,Email,Desktop,112,88,479,0.525,129.1,1
2025-08-18,Email,Mobile,119,103,487,0.691,96.8,3
2025-08-18,Email,Tablet,22,16,40,0.606,77.5,0
2025-08-18,Referral,Desktop,79,64,269,0.495,218.0,0
2025-08-18,Referral,Mobile,142,111,397,0.662,108.4,2
2025-08-18,Referral,Tablet,17,13,56,0.389,109.5,0
2025-08-19,Organic Search,Desktop,979,802,3139,0.634,82.6,11
2025-08-19,Organic Search,Mobile,945,844,2364,0.672,160.3,20
2025-08-19,Organic Search,Tablet,174,132,735,0.504,152.7,5
2025-08-19,Paid Search,Desktop,300,228,1338,0.525,177.6,4
2025-08-19,Paid Search,Mobile,387,360,955,0.357,140.2,4
2025-08-19,Paid Search,Tablet,71,67,284,0.41,45.8,1
2025-08-19,Social,Desktop,442,373,1867,0.33,82.4,9
2025-08-19,Social,Mobile,571,505,1350,0.653,102.8,12
2025-08-19,Social,Tablet,59,51,158,0.461,203.3,1
2025-08-19,Direct,Desktop,232,219,661,0.681,152.1,3
2025-08-19,Direct,Mobile,360,323,1117,0.349,209.7,3
2025-08-19,Direct,Tablet,57,52,232,0.534,199.6,1
2025-08-19,Email,Desktop,122,97,247,0.436,211.6,2
2025-08-19,Email,Mobile,149,120,610,0.649,235.8,1
2025-08-19,Email,Tablet,22,20,62,0.59,99.6,0
2025-08-19,Referral,Desktop,89,70,241,0.335,56.0,2
2025-08-19,Referral,Mobile,84,71,338,0.524,64.7,1
2025-08-19,Referral,Tablet,17,14,51,0.66,210.3,0
2025-08-20,Organic Search,Desktop,952,756,1890,0.454,213.0,27
2025-08-20,Organic Search,Mobile,1112,934,2522,0.601,133.7,24
2025-08-20,Organic Search,Tablet,168,143,362,0.525,65.1,4
2025-08-20,Paid Search,Desktop,258,195,675,0.527,194.3,1
2025-08-20,Paid Search,Mobile,374,294,984,0.532,119.3,2
2025-08-20,Paid Search,Tablet,55,50,153,0.545,80.3,0
2025-08-20,Social,Desktop,401,376,1348,0.605,188.8,3
2025-08-20,Social,Mobile,516,461,1818,0.38,52.2,15
2025-08-20,Social,Tablet,90,84,241,0.686,173.8,1
2025-08-20,Direct,Desktop,304,246,1051,0.522,178.3,6
2025-08-20,Direct,Mobile,372,281,1314,0.447,48.3,7
2025-08-20,Direct,Tablet,67,56,151,0.526,80.3,1
2025-08-20,Email,Desktop,115,100,443,0.44,139.9,3
2025-08-20,Email,Mobile,150,123,573,0.498,201.0,1
2025-08-20,Email,Tablet,22,18,84,0.514,71.9,0
2025-08-20,Referral,Desktop,90,82,181,0.437,66.0,0
2025-08-20,Referral,Mobile,113,106,253,0.502,72.5,0
2025-08-20,Referral,Tablet,20,18,49,0.64,74.3,0
2025-08-21,Organic Search,Desktop,858,748,2508,0.685,206.3,14
2025-08-21,Organic Search,Mobile,1135,905,3916,0.635,92.8,33
2025-08-21,Organic Search,Tablet,177,155,731,0.407,112.2,3
2025-08-21,Paid Search,Desktop,299,262,1197,0.664,236.7,6
2025-08-21,Paid Search,Mobile,391,294,1671,0.457,230.0,9
2025-08-21,Paid Search,Tablet,68,57,236,0.423,62.1,0
2025-08-21,Social,Desktop,394,344,1272,0.436,135.1,7
2025-08-21,Social,Mobile,608,520,1627,0.347,128.0,4
2025-08-21,Social,Tablet,95,73,267,0.622,78.5,1
2025-08-21,Direct,Desktop,245,226,653,0.606,78.2,2
2025-08-21,Direct,Mobile,409,381,1384,0.409,61.7,7
2025-08-21,Direct,Tablet,54,44,196,0.328,128.2,1
2025-08-21,Email,Desktop,107,80,403,0.512,79.0,3
2025-08-21,Email,Mobile,179,140,688,0.555,186.4,0
2025-08-21,Email,Tablet,24,19,107,0.624,167.9,0
2025-08-21,Referral,Desktop,110,94,317,0.305,85.9,1
2025-08-21,Referral,Mobile,109,92,440,0.461,122.9,2
2025-08-21,Referral,Tablet,18,15,37,0.651,169.8,0
2025-08-22,Organic Search,Desktop,812,659,1466,0.698,96.6,4
2025-08-22,Organic Search,Mobile,817,642,3120,0.372,130.0,16
2025-08-22,Organic Search,Tablet,201,157,893,0.516,45.1,5
2025-08-22,Paid Search,Desktop,357,307,961,0.615,187.7,5
2025-08-22,Paid Search,Mobile,366,286,731,0.603,141.0,8
2025-08-22,Paid Search,Tablet,75,66,144,0.425,106.1,0
2025-08-22,Social,Desktop,400,322,1283,0.326,96.7,2
2025-08-22,Social,Mobile,493,428,1405,0.407,231.4,13
2025-08-22,Social,Tablet,75,60,267,0.594,181.8,1
2025-08-22,Direct,Desktop,282,257,944,0.542,47.4,3
2025-08-22,Direct,Mobile,407,334,995,0.566,115.7,6
2025-08-22,Direct,Tablet,51,38,187,0.43,184.8,0
2025-08-22,Email,Desktop,123,95,337,0.357,239.8,2
2025-08-22,Email,Mobile,171,145,447,0.498,224.9,3
2025-08-22,Email,Tablet,16,13,49,0.447,55.1,0
2025-08-22,Referral,Desktop,101,77,236,0.66,193.7,2
2025-08-22,Referral,Mobile,133,118,539,0.596,149.4,1
2025-08-22,Referral,Tablet,17,15,38,0.307,187.3,0
2025-08-23,Organic Search,Desktop,726,619,2520,0.64,190.4,6
2025-08-23,Organic Search,Mobile,1286,1136,3771,0.477,149.1,33
2025-08-23,Organic Search,Tablet,172,152,328,0.474,178.3,2
2025-08-23,Paid Search,Desktop,312,272,661,0.381,69.1,5
2025-08-23,Paid Search,Mobile,467,391,1485,0.684,139.6,3
2025-08-23,Paid Search,Tablet,55,49,243,0.403,76.5,1
2025-08-23,Social,Desktop,432,370,1017,0.336,64.1,4
2025-08-23,Social,Mobile,625,559,2271,0.68,203.4,17
2025-08-23,Social,Tablet,103,88,343,0.395,48.3,1
2025-08-23,Direct,Desktop,266,217,749,0.538,96.7,1
2025-08-23,Direct,Mobile,374,291,957,0.616,236.8,2
2025-08-23,Direct,Tablet,66,52,287,0.465,162.6,0
2025-08-23,Email,Desktop,116,87,395,0.473,212.2,1
2025-08-23,Email,Mobile,146,129,553,0.619,111.6,4
2025-08-23,Email,Tablet,22,16,76,0.494,187.9,0
2025-08-23,Referral,Desktop,129,113,495,0.548,66.5,1
2025-08-23,Referral,Mobile,139,126,461,0.632,163.7,1
2025-08-23,Referral,Tablet,16,13,37,0.446,50.1,0
2025-08-24,Organic Search,Desktop,997,765,1885,0.301,60.0,13
2025-08-24,Organic Search,Mobile,1471,1154,4508,0.309,101.4,7
2025-08-24,Organic Search,Tablet,171,156,485,0.617,157.2,2
2025-08-24,Paid Search,Desktop,390,340,1122,0.384,101.5,2
2025-08-24,Paid Search,Mobile,518,443,1185,0.571,204.0,3
2025-08-24,Paid Search,Tablet,70,58,139,0.614,118.7,0
2025-08-24,Social,Desktop,502,473,1166,0.68,86.3,9
2025-08-24,Social,Mobile,616,488,2168,0.533,169.0,3
2025-08-24,Social,Tablet,80,60,199,0.318,116.6,1
2025-08-24,Direct,Desktop,322,246,873,0.412,67.7,8
2025-08-24,Direct,Mobile,397,371,1496,0.441,153.6,9
2025-08-24,Direct,Tablet,55,42,177,0.657,138.0,0
2025-08-24,Email,Desktop,109,82,462,0.665,52.4,2
2025-08-24,Email,Mobile,146,137,418,0.474,99.8,2
2025-08-24,Email,Tablet,23,19,44,0.654,204.7,0
2025-08-24,Referral,Desktop,104,82,276,0.425,55.2,1
2025-08-24,Referral,Mobile,130,116,446,0.667,228.5,2
2025-08-24,Referral,Tablet,21,15,71,0.611,137.0,0
2025-08-25,Organic Search,Desktop,778,639,1414,0.374,203.5,10
2025-08-25,Organic Search,Mobile,1076,923,4446,0.572,79.9,27
2025-08-25,Organic Search,Tablet,195,177,582,0.494,161.7,2
2025-08-25,Paid Search,Desktop,404,344,1160,0.343,168.6,3
2025-08-25,Paid Search,Mobile,463,375,1753,0.321,178.1,7
2025-08-25,Paid Search,Tablet,60,46,251,0.692,101.8,0
2025-08-25,Social,Desktop,494,456,1796,0.543,214.2,6
2025-08-25,Social,Mobile,431,402,1861,0.665,239.5,4
2025-08-25,Social,Tablet,95,73,353,0.522,151.4,2
2025-08-25,Direct,Desktop,305,285,749,0.58,186.7,8
2025-08-25,Direct,Mobile,354,273,1309,0.397,113.8,9
2025-08-25,Direct,Tablet,65,51,243,0.504,148.9,1
2025-08-25,Email,Desktop,114,100,236,0.509,139.8,2
2025-08-25,Email,Mobile,147,116,400,0.645,145.7,3
2025-08-25,Email,Tablet,23,18,87,0.661,159.6,0
2025-08-25,Referral,Desktop,95,89,276,0.528,89.3,0
2025-08-25,Referral,Mobile,123,97,359,0.484,174.0,1
2025-08-25,Referral,Tablet,17,14,53,0.654,135.2,0
2025-08-26,Organic Search,Desktop,888,687,2787,0.615,104.4,12
2025-08-26,Organic Search,Mobile,1106,876,2209,0.519,67.6,13
2025-08-26,Organic Search,Tablet,148,129,520,0.394,130.3,2
2025-08-26,Paid Search,Desktop,389,357,1247,0.408,88.4,2
2025-08-26,Paid Search,Mobile,359,287,802,0.325,216.6,3
2025-08-26,Paid Search,Tablet,45,34,87,0.564,119.1,0
2025-08-26,Social,Desktop,372,345,1414,0.345,131.3,6
2025-08-26,Social,Mobile,528,458,1837,0.59,119.4,3
2025-08-26,Social,Tablet,91,77,355,0.469,49.6,1
2025-08-26,Direct,Desktop,232,218,446,0.359,237.1,3
2025-08-26,Direct,Mobile,376,293,677,0.678,132.9,7
2025-08-26,Direct,Tablet,56,46,101,0.62,193.0,1
2025-08-26,Email,Desktop,105,89,340,0.366,228.5,2
2025-08-26,Email,Mobile,146,114,510,0.375,128.2,1
2025-08-26,Email,Tablet,24,18,79,0.336,121.9,0
2025-08-26,Referral,Desktop,72,67,205,0.685,207.7,1
2025-08-26,Referral,Mobile,98,79,343,0.476,115.2,0
2025-08-26,Referral,Tablet,19,16,53,0.439,142.4,0
2025-08-27,Organic Search,Desktop,903,827,1759,0.484,89.2,18
2025-08-27,Organic Search,Mobile,1012,859,3577,0.386,226.0,17
2025-08-27,Organic Search,Tablet,176,160,767,0.507,118.7,4
2025-08-27,Paid Search,Desktop,232,198,488,0.588,191.0,1
2025-08-27,Paid Search,Mobile,435,387,1806,0.313,212.9,10
2025-08-27,Paid Search,Tablet,63,53,195,0.534,214.3,0
2025-08-27,Social,Desktop,390,339,1619,0.551,214.3,7
2025-08-27,Social,Mobile,578,474,2098,0.59,195.6,16
2025-08-27,Social,Tablet,72,61,189,0.625,147.2,0
2025-08-27,Direct,Desktop,260,242,612,0.396,190.0,7
2025-08-27,Direct,Mobile,405,374,766,0.439,149.9,4
2025-08-27,Direct,Tablet,67,60,239,0.649,51.9,1
2025-08-27,Email,Desktop,98,84,313,0.661,161.5,2
2025-08-27,Email,Mobile,174,140,685,0.678,184.3,2
2025-08-27,Email,Tablet,22,17,92,0.356,138.2,0
2025-08-27,Referral,Desktop,86,69,360,0.369,122.3,0
2025-08-27,Referral,Mobile,110,102,418,0.548,74.0,2
2025-08-27,Referral,Tablet,14,10,35,0.388,76.3,0
2025-08-28,Organic Search,Desktop,897,702,3882,0.643,217.1,13
2025-08-28,Organic Search,Mobile,1056,918,3230,0.548,190.2,11
2025-08-28,Organic Search,Tablet,204,157,868,0.458,231.6,5
2025-08-28,Paid Search,Desktop,260,199,550,0.603,135.5,4
2025-08-28,Paid Search,Mobile,355,269,1070,0.304,154.5,6
2025-08-28,Paid Search,Tablet,55,45,243,0.646,147.0,1
2025-08-28,Social,Desktop,395,309,1297,0.622,45.6,10
2025-08-28,Social,Mobile,449,375,869,0.666,45.3,11
2025-08-28,Social,Tablet,95,80,406,0.658,206.0,0
2025-08-28,Direct,Desktop,244,204,907,0.417,153.2,4
2025-08-28,Direct,Mobile,349,296,1568,0.498,96.3,2
2025-08-28,Direct,Tablet,79,67,208,0.436,169.0,0
2025-08-28,Email,Desktop,128,96,550,0.373,76.9,1
2025-08-28,Email,Mobile,129,111,439,0.536,96.4,3
2025-08-28,Email,Tablet,17,13,36,0.643,69.2,0
2025-08-28,Referral,Desktop,99,83,370,0.677,129.9,0
2025-08-28,Referral,Mobile,141,123,489,0.627,57.2,1
2025-08-28,Referral,Tablet,18,17,64,0.337,192.0,0
2025-08-29,Organic Search,Desktop,929,862,2123,0.484,175.4,13
2025-08-29,Organic Search,Mobile,940,751,1909,0.632,121.3,26
2025-08-29,Organic Search,Tablet,143,130,378,0.622,214.3,3
2025-08-29,Paid Search,Desktop,275,213,812,0.466,161.2,2
2025-08-29,Paid Search,Mobile,512,414,1035,0.543,181.8,7
2025-08-29,Paid Search,Tablet,51,46,173,0.476,228.2,1
2025-08-29,Social,Desktop,328,247,941,0.615,183.7,5
2025-08-29,Social,Mobile,467,428,1635,0.493,108.4,5
2025-08-29,Social,Tablet,88,79,165,0.606,211.1,1
2025-08-29,Direct,Desktop,307,254,1109,0.412,235.0,8
2025-08-29,Direct,Mobile,306,279,627,0.67,46.4,9
2025-08-29,Direct,Tablet,53,40,237,0.41,164.1,0
2025-08-29,Email,Desktop,107,95,258,0.351,204.6,3
2025-08-29,Email,Mobile,144,126,504,0.358,83.5,2
2025-08-29,Email,Tablet,21,19,52,0.324,146.9,0
2025-08-29,Referral,Desktop,69,54,131,0.544,83.5,1
2025-08-29,Referral,Mobile,108,92,350,0.566,209.9,3
2025-08-29,Referral,Tablet,13,10,40,0.684,77.4,0
2025-08-30,Organic Search,Desktop,871,687,2765,0.432,132.2,17
2025-08-30,Organic Search,Mobile,1037,955,4123,0.671,123.6,25
2025-08-30,Organic Search,Tablet,196,154,723,0.462,73.1,2
2025-08-30,Paid Search,Desktop,362,276,826,0.584,226.1,5
2025-08-30,Paid Search,Mobile,379,342,1332,0.535,164.6,4
2025-08-30,Paid Search,Tablet,65,50,287,0.572,110.1,1
2025-08-30,Social,Desktop,489,370,1433,0.372,131.9,10
2025-08-30,Social,Mobile,564,453,1417,0.562,74.0,11
2025-08-30,Social,Tablet,81,62,328,0.348,116.2,1
2025-08-30,Direct,Desktop,248,222,817,0.317,184.0,4
2025-08-30,Direct,Mobile,413,350,1821,0.563,65.5,3
2025-08-30,Direct,Tablet,48,42,128,0.607,84.1,1
2025-08-30,Email,Desktop,148,119,654,0.497,80.9,3
2025-08-30,Email,Mobile,132,122,292,0.385,134.7,2
2025-08-30,Email,Tablet,23,19,49,0.544,192.2,0
2025-08-30,Referral,Desktop,98,76,289,0.345,152.6,0
2025-08-30,Referral,Mobile,145,111,262,0.479,76.7,2
2025-08-30,Referral,Tablet,22,18,51,0.369,202.3,0
2025-08-31,Organic Search,Desktop,889,772,3256,0.506,229.9,6
2025-08-31,Organic Search,Mobile,866,775,3048,0.657,193.9,23
2025-08-31,Organic Search,Tablet,237,199,815,0.654,188.9,6
2025-08-31,Paid Search,Desktop,282,222,583,0.543,189.5,4
2025-08-31,Paid Search,Mobile,544,493,1763,0.621,222.2,11
2025-08-31,Paid Search,Tablet,77,63,178,0.622,145.2,1
2025-08-31,Social,Desktop,389,316,1715,0.435,94.9,2
2025-08-31,Social,Mobile,538,434,1625,0.637,187.1,10
2025-08-31,Social,Tablet,107,84,326,0.443,175.6,3
2025-08-31,Direct,Desktop,302,272,607,0.34,113.7,6
2025-08-31,Direct,Mobile,411,379,1257,0.394,213.2,5
2025-08-31,Direct,Tablet,62,52,241,0.589,182.4,1
2025-08-31,Email,Desktop,90,78,190,0.693,239.3,0
2025-08-31,Email,Mobile,151,122,481,0.486,97.6,3
2025-08-31,Email,Tablet,25,22,77,0.628,75.5,0
2025-08-31,Referral,Desktop,83,74,254,0.387,211.5,0
2025-08-31,Referral,Mobile,114,108,337,0.636,107.7,2
2025-08-31,Referral,Tablet,18,16,64,0.485,214.0,0
2025-09-01,Organic Search,Desktop,848,638,2331,0.697,62.8,15
2025-09-01,Organic Search,Mobile,911,773,1863,0.683,82.9,5
2025-09-01,Organic Search,Tablet,153,115,294,0.387,103.9,4
2025-09-01,Paid Search,Desktop,305,279,995,0.395,227.9,3
2025-09-01,Paid Search,Mobile,422,350,1063,0.502,80.0,5
2025-09-01,Paid Search,Tablet,56,48,150,0.302,236.2,1
2025-09-01,Social,Desktop,377,333,1558,0.638,202.9,8
2025-09-01,Social,Mobile,496,390,1578,0.639,195.7,2
2025-09-01,Social,Tablet,69,52,291,0.422,82.9,1
2025-09-01,Direct,Desktop,276,252,774,0.602,136.0,4
2025-09-01,Direct,Mobile,357,335,1082,0.312,70.1,8
2025-09-01,Direct,Tablet,44,39,80,0.436,111.5,0
2025-09-01,Email,Desktop,114,100,439,0.639,88.8,1
2025-09-01,Email,Mobile,126,111,329,0.448,45.5,3
2025-09-01,Email,Tablet,23,20,60,0.605,200.8,0
2025-09-01,Referral,Desktop,93,83,390,0.378,111.1,0
2025-09-01,Referral,Mobile,114,93,412,0.35,137.0,2
2025-09-01,Referral,Tablet,23,18,102,0.335,210.2,0
2025-09-02,Organic Search,Desktop,881,716,2140,0.69,176.8,22
2025-09-02,Organic Search,Mobile,1208,1068,2598,0.426,208.7,16
2025-09-02,Organic Search,Tablet,148,111,603,0.372,198.8,3
2025-09-02,Paid Search,Desktop,264,204,999,0.444,206.9,7
2025-09-02,Paid Search,Mobile,470,443,1683,0.316,153.6,11
2025-09-02,Paid Search,Tablet,51,42,212,0.577,141.2,1
2025-09-02,Social,Desktop,402,359,764,0.49,78.5,11
2025-09-02,Social,Mobile,465,350,1070,0.42,65.8,12
2025-09-02,Social,Tablet,60,47,200,0.566,79.6,0
2025-09-02,Direct,Desktop,219,177,529,0.684,201.8,2
2025-09-02,Direct,Mobile,409,384,1344,0.407,222.6,10
2025-09-02,Direct,Tablet,47,40,88,0.452,181.5,0
2025-09-02,Email,Desktop,114,96,512,0.581,203.2,3
2025-09-02,Email,Mobile,118,101,420,0.681,64.9,1
2025-09-02,Email,Tablet,22,19,57,0.484,170.5,0
2025-09-02,Referral,Desktop,93,85,396,0.519,89.1,2
2025-09-02,Referral,Mobile,114,92,237,0.527,220.2,1
2025-09-02,Referral,Tablet,15,13,64,0.59,167.5,0
2025-09-03,Organic Search,Desktop,643,570,1583,0.677,147.3,13
2025-09-03,Organic Search,Mobile,866,717,2824,0.695,97.4,6
2025-09-03,Organic Search,Tablet,147,123,344,0.537,210.4,1
2025-09-03,Paid Search,Desktop,304,234,576,0.655,191.0,1
2025-09-03,Paid Search,Mobile,344,304,983,0.309,239.1,6
2025-09-03,Paid Search,Tablet,56,44,168,0.349,192.4,1
2025-09-03,Social,Desktop,493,393,1986,0.389,222.3,4
2025-09-03,Social,Mobile,460,396,974,0.561,129.5,10
2025-09-03,Social,Tablet,70,52,264,0.543,232.7,1
2025-09-03,Direct,Desktop,233,220,760,0.453,81.4,2
2025-09-03,Direct,Mobile,349,264,1568,0.569,116.2,4
2025-09-03,Direct,Tablet,56,52,248,0.455,236.5,0
2025-09-03,Email,Desktop,85,74,304,0.513,191.4,1
2025-09-03,Email,Mobile,135,125,376,0.577,134.5,2
2025-09-03,Email,Tablet,22,18,73,0.449,150.3,0
2025-09-03,Referral,Desktop,92,72,326,0.447,104.0,2
2025-09-03,Referral,Mobile,110,84,249,0.323,117.5,1
2025-09-03,Referral,Tablet,20,16,50,0.459,173.9,0
2025-09-04,Organic Search,Desktop,853,767,2328,0.653,87.7,15
2025-09-04,Organic Search,Mobile,1067,992,2780,0.49,79.3,19
2025-09-04,Organic Search,Tablet,166,128,650,0.41,201.2,1
2025-09-04,Paid Search,Desktop,262,226,936,0.589,185.0,2
2025-09-04,Paid Search,Mobile,368,341,1182,0.618,224.9,10
2025-09-04,Paid Search,Tablet,65,51,268,0.416,126.1,1
2025-09-04,Social,Desktop,466,395,1117,0.548,97.7,7
2025-09-04,Social,Mobile,521,428,2336,0.58,216.7,13
2025-09-04,Social,Tablet,70,64,309,0.406,169.9,1
2025-09-04,Direct,Desktop,247,202,612,0.503,189.9,4
2025-09-04,Direct,Mobile,253,211,871,0.332,47.8,5
2025-09-04,Direct,Tablet,53,45,106,0.623,66.0,1
2025-09-04,Email,Desktop,109,97,293,0.641,178.8,2
2025-09-04,Email,Mobile,143,117,259,0.562,155.0,3
2025-09-04,Email,Tablet,26,19,88,0.309,77.4,0
2025-09-04,Referral,Desktop,114,100,290,0.648,48.8,2
2025-09-04,Referral,Mobile,115,97,313,0.644,154.1,1
2025-09-04,Referral,Tablet,17,15,30,0.632,49.4,0
2025-09-05,Organic Search,Desktop,921,795,2129,0.484,92.8,7
2025-09-05,Organic Search,Mobile,1149,1086,3667,0.457,189.6,17
2025-09-05,Organic Search,Tablet,153,140,466,0.676,99.4,2
2025-09-05,Paid Search,Desktop,312,284,719,0.608,67.5,5
2025-09-05,Paid Search,Mobile,309,244,766,0.473,87.7,3
2025-09-05,Paid Search,Tablet,49,40,152,0.45,149.4,0
2025-09-05,Social,Desktop,468,389,907,0.638,67.8,12
2025-09-05,Social,Mobile,629,539,1826,0.5,163.3,5
2025-09-05,Social,Tablet,90,69,312,0.642,66.4,2
2025-09-05,Direct,Desktop,271,218,664,0.621,156.4,4
2025-09-05,Direct,Mobile,287,258,967,0.61,200.0,4
2025-09-05,Direct,Tablet,44,33,160,0.597,109.8,0
2025-09-05,Email,Desktop,114,107,307,0.47,199.6,2
2025-09-05,Email,Mobile,171,159,408,0.562,227.7,3
2025-09-05,Email,Tablet,20,16,36,0.557,159.1,0
2025-09-05,Referral,Desktop,87,75,306,0.602,104.6,0
2025-09-05,Referral,Mobile,87,69,245,0.32,69.8,0
2025-09-05,Referral,Tablet,11,8,24,0.544,153.2,0
2025-09-06,Organic Search,Desktop,993,765,4018,0.411,74.2,5
2025-09-06,Organic Search,Mobile,1269,1102,4685,0.655,176.7,6
2025-09-06,Organic Search,Tablet,168,137,597,0.66,112.6,3
2025-09-06,Paid Search,Desktop,323,285,610,0.38,57.5,8
2025-09-06,Paid Search,Mobile,389,292,1709,0.437,217.9,8
2025-09-06,Paid Search,Tablet,79,67,151,0.529,111.0,0
2025-09-06,Social,Desktop,407,339,853,0.382,80.4,3
2025-09-06,Social,Mobile,512,432,1039,0.666,212.6,9
2025-09-06,Social,Tablet,70,57,267,0.395,156.6,1
2025-09-06,Direct,Desktop,283,224,1134,0.512,97.5,5
2025-09-06,Direct,Mobile,411,355,1576,0.407,78.8,3
2025-09-06,Direct,Tablet,57,52,155,0.598,214.0,1
2025-09-06,Email,Desktop,126,101,403,0.443,76.3,2
2025-09-06,Email,Mobile,167,134,337,0.547,188.0,4
2025-09-06,Email,Tablet,25,19,106,0.319,227.8,0
2025-09-06,Referral,Desktop,101,78,201,0.334,86.6,2
2025-09-06,Referral,Mobile,113,106,261,0.51,210.1,1
2025-09-06,Referral,Tablet,19,14,84,0.318,169.3,0
2025-09-07,Organic Search,Desktop,909,765,1976,0.465,154.8,24
2025-09-07,Organic Search,Mobile,1247,1131,3571,0.682,154.2,9
2025-09-07,Organic Search,Tablet,165,131,431,0.649,141.8,3
2025-09-07,Paid Search,Desktop,294,261,816,0.664,142.5,6
2025-09-07,Paid Search,Mobile,456,346,1465,0.473,145.4,11
2025-09-07,Paid Search,Tablet,65,53,253,0.316,219.9,0
2025-09-07,Social,Desktop,413,377,902,0.491,207.8,10
2025-09-07,Social,Mobile,492,465,1049,0.355,222.3,10
2025-09-07,Social,Tablet,94,71,223,0.621,191.3,0
2025-09-07,Direct,Desktop,225,207,777,0.673,191.0,5
2025-09-07,Direct,Mobile,338,287,976,0.415,79.7,4
2025-09-07,Direct,Tablet,66,51,202,0.694,103.7,1
2025-09-07,Email,Desktop,109,102,462,0.311,146.4,2
2025-09-07,Email,Mobile,130,98,503,0.402,93.4,2
2025-09-07,Email,Tablet,20,18,51,0.698,189.5,0
2025-09-07,Referral,Desktop,83,77,370,0.442,82.5,2
2025-09-07,Referral,Mobile,121,92,349,0.328,128.6,1
2025-09-07,Referral,Tablet,22,18,73,0.605,46.2,0
2025-09-08,Organic Search,Desktop,732,680,1404,0.629,170.6,20
2025-09-08,Organic Search,Mobile,1095,940,2119,0.369,225.5,22
2025-09-08,Organic Search,Tablet,143,118,453,0.375,114.5,1
2025-09-08,Paid Search,Desktop,297,243,1126,0.531,221.6,5
2025-09-08,Paid Search,Mobile,358,280,1270,0.61,110.9,2
2025-09-08,Paid Search,Tablet,70,64,222,0.612,160.4,1
2025-09-08,Social,Desktop,409,368,1044,0.364,70.3,8
2025-09-08,Social,Mobile,547,480,1597,0.433,76.9,16
2025-09-08,Social,Tablet,92,82,374,0.437,215.5,2
2025-09-08,Direct,Desktop,248,227,757,0.654,237.2,2
2025-09-08,Direct,Mobile,322,270,650,0.414,205.5,9
2025-09-08,Direct,Tablet,47,44,85,0.513,102.1,0
2025-09-08,Email,Desktop,91,77,180,0.333,171.5,1
2025-09-08,Email,Mobile,109,95,312,0.684,147.0,3
2025-09-08,Email,Tablet,19,15,60,0.563,77.4,0
2025-09-08,Referral,Desktop,77,67,301,0.645,87.7,1
2025-09-08,Referral,Mobile,107,94,427,0.322,208.1,1
2025-09-08,Referral,Tablet,14,11,33,0.431,175.1,0
2025-09-09,Organic Search,Desktop,797,707,2795,0.458,137.9,17
2025-09-09,Organic Search,Mobile,1149,1064,2593,0.317,147.5,15
2025-09-09,Organic Search,Tablet,158,118,365,0.471,217.4,0
2025-09-09,Paid Search,Desktop,268,224,905,0.642,152.2,5
2025-09-09,Paid Search,Mobile,471,353,854,0.589,58.0,12
2025-09-09,Paid Search,Tablet,54,43,187,0.63,119.1,0
2025-09-09,Social,Desktop,398,355,1366,0.417,112.2,4
2025-09-09,Social,Mobile,564,424,1269,0.546,108.6,8
2025-09-09,Social,Tablet,90,82,200,0.386,222.3,1
2025-09-09,Direct,Desktop,273,226,782,0.697,73.1,7
2025-09-09,Direct,Mobile,270,252,731,0.434,217.8,4
2025-09-09,Direct,Tablet,56,47,159,0.47,119.5,1
2025-09-09,Email,Desktop,100,76,183,0.364,166.9,1
2025-09-09,Email,Mobile,156,121,401,0.496,117.5,4
2025-09-09,Email,Tablet,27,21,105,0.584,212.1,0
2025-09-09,Referral,Desktop,82,72,223,0.487,120.4,0
2025-09-09,Referral,Mobile,111,92,233,0.352,234.6,1
2025-09-09,Referral,Tablet,20,15,59,0.649,81.3,0
2025-09-10,Organic Search,Desktop,804,656,2816,0.663,99.3,7
2025-09-10,Organic Search,Mobile,1009,865,2658,0.526,170.8,18
2025-09-10,Organic Search,Tablet,191,176,345,0.597,207.4,3
2025-09-10,Paid Search,Desktop,353,275,1120,0.631,220.5,8
2025-09-10,Paid Search,Mobile,370,303,1512,0.56,79.8,6
2025-09-10,Paid Search,Tablet,53,41,111,0.531,94.1,0
2025-09-10,Social,Desktop,472,411,1940,0.44,219.5,9
2025-09-10,Social,Mobile,550,426,2429,0.477,185.2,5
2025-09-10,Social,Tablet,66,56,133,0.3,107.8,0
2025-09-10,Direct,Desktop,272,233,575,0.457,55.2,8
2025-09-10,Direct,Mobile,359,324,1157,0.634,114.1,5
2025-09-10,Direct,Tablet,51,44,223,0.529,45.8,1
2025-09-10,Email,Desktop,96,74,289,0.356,113.9,2
2025-09-10,Email,Mobile,152,134,654,0.562,202.3,3
2025-09-10,Email,Tablet,22,17,50,0.44,157.1,0
2025-09-10,Referral,Desktop,88,66,220,0.491,79.0,1
2025-09-10,Referral,Mobile,118,88,398,0.621,165.8,2
2025-09-10,Referral,Tablet,21,19,46,0.415,217.9,0
2025-09-11,Organic Search,Desktop,713,596,1377,0.497,201.0,4
2025-09-11,Organic Search,Mobile,924,813,3499,0.395,76.1,20
2025-09-11,Organic Search,Tablet,149,125,312,0.363,224.1,1
2025-09-11,Paid Search,Desktop,285,262,683,0.464,138.5,8
2025-09-11,Paid Search,Mobile,383,331,821,0.561,92.0,8
2025-09-11,Paid Search,Tablet,72,57,218,0.409,77.4,0
2025-09-11,Social,Desktop,439,329,1962,0.481,222.7,5
2025-09-11,Social,Mobile,626,502,1634,0.472,176.7,7
2025-09-11,Social,Tablet,78,58,141,0.347,81.4,2
2025-09-11,Direct,Desktop,273,257,827,0.386,203.9,6
2025-09-11,Direct,Mobile,408,380,1122,0.331,186.9,6
2025-09-11,Direct,Tablet,58,54,257,0.353,190.1,0
2025-09-11,Email,Desktop,125,97,362,0.555,107.1,1
2025-09-11,Email,Mobile,187,150,609,0.329,112.7,4
2025-09-11,Email,Tablet,21,18,90,0.543,222.3,0
2025-09-11,Referral,Desktop,95,80,236,0.573,143.9,1
2025-09-11,Referral,Mobile,98,78,437,0.401,229.6,0
2025-09-11,Referral,Tablet,15,11,61,0.637,93.2,0
2025-09-12,Organic Search,Desktop,747,708,2691,0.66,108.8,21
2025-09-12,Organic Search,Mobile,815,646,2253,0.327,89.6,22
2025-09-12,Organic Search,Tablet,166,144,659,0.531,60.5,0
2025-09-12,Paid Search,Desktop,313,277,824,0.353,219.5,8
2025-09-12,Paid Search,Mobile,431,400,1046,0.304,87.3,11
2025-09-12,Paid Search,Tablet,51,42,115,0.398,132.3,1
2025-09-12,Social,Desktop,304,232,667,0.43,60.2,6
2025-09-12,Social,Mobile,499,411,1185,0.454,84.6,13
2025-09-12,Social,Tablet,81,76,339,0.558,202.9,2
2025-09-12,Direct,Desktop,257,198,1000,0.355,68.7,6
2025-09-12,Direct,Mobile,335,278,622,0.574,118.5,4
2025-09-12,Direct,Tablet,47,37,176,0.683,189.6,1
2025-09-12,Email,Desktop,102,93,319,0.396,198.7,1
2025-09-12,Email,Mobile,133,117,400,0.681,135.3,1
2025-09-12,Email,Tablet,24,22,98,0.698,186.7,0
2025-09-12,Referral,Desktop,83,72,268,0.374,101.9,0
2025-09-12,Referral,Mobile,111,101,278,0.615,63.2,2
2025-09-12,Referral,Tablet,20,16,73,0.641,224.0,0
2025-09-13,Organic Search,Desktop,754,704,2602,0.607,103.5,15
2025-09-13,Organic Search,Mobile,1111,955,3556,0.499,210.0,21
2025-09-13,Organic Search,Tablet,165,125,580,0.66,237.2,4
2025-09-13,Paid Search,Desktop,279,217,1026,0.34,178.4,4
2025-09-13,Paid Search,Mobile,374,331,1460,0.535,141.3,6
2025-09-13,Paid Search,Tablet,60,54,147,0.357,214.8,1
2025-09-13,Social,Desktop,368,345,698,0.618,65.4,10
2025-09-13,Social,Mobile,538,475,2257,0.32,149.4,14
2025-09-13,Social,Tablet,64,49,215,0.593,232.8,0
2025-09-13,Direct,Desktop,228,196,708,0.571,154.5,3
2025-09-13,Direct,Mobile,420,323,1834,0.585,183.0,3
2025-09-13,Direct,Tablet,59,54,221,0.604,196.0,0
2025-09-13,Email,Desktop,124,115,450,0.681,205.5,2
2025-09-13,Email,Mobile,168,139,554,0.638,75.6,1
2025-09-13,Email,Tablet,24,18,105,0.422,116.7,0
2025-09-13,Referral,Desktop,92,79,175,0.344,170.1,0
2025-09-13,Referral,Mobile,123,105,225,0.513,111.2,2
2025-09-13,Referral,Tablet,19,15,70,0.614,125.9,0
2025-09-14,Organic Search,Desktop,846,669,3666,0.533,147.7,18
2025-09-14,Organic Search,Mobile,1042,821,4475,0.336,114.5,7
2025-09-14,Organic Search,Tablet,163,137,422,0.629,106.7,1
2025-09-14,Paid Search,Desktop,349,272,896,0.322,86.7,5
2025-09-14,Paid Search,Mobile,488,431,1072,0.455,88.9,6
2025-09-14,Paid Search,Tablet,48,43,113,0.447,129.2,1
2025-09-14,Social,Desktop,453,388,1714,0.557,216.0,7
2025-09-14,Social,Mobile,504,396,1333,0.594,136.0,14
2025-09-14,Social,Tablet,86,80,202,0.476,115.8,1
2025-09-14,Direct,Desktop,279,223,577,0.45,129.4,2
2025-09-14,Direct,Mobile,364,342,1037,0.443,172.6,2
2025-09-14,Direct,Tablet,58,53,255,0.651,139.7,1
2025-09-14,Email,Desktop,96,72,284,0.544,90.3,1
2025-09-14,Email,Mobile,137,103,438,0.437,134.2,1
2025-09-14,Email,Tablet,24,22,73,0.31,216.4,0
2025-09-14,Referral,Desktop,113,103,446,0.405,209.0,1
2025-09-14,Referral,Mobile,122,106,409,0.548,129.9,3
2025-09-14,Referral,Tablet,18,13,60,0.417,135.1,0
2025-09-15,Organic Search,Desktop,763,659,3175,0.66,232.1,14
2025-09-15,Organic Search,Mobile,885,811,3622,0.511,212.5,12
2025-09-15,Organic Search,Tablet,175,150,414,0.321,129.3,3
2025-09-15,Paid Search,Desktop,291,268,955,0.34,91.4,2
2025-09-15,Paid Search,Mobile,421,341,851,0.437,137.8,12
2025-09-15,Paid Search,Tablet,49,37,126,0.336,88.9,1
2025-09-15,Social,Desktop,470,441,990,0.345,99.2,10
2025-09-15,Social,Mobile,452,384,1826,0.375,122.6,10
2025-09-15,Social,Tablet,85,70,286,0.442,213.4,2
2025-09-15,Direct,Desktop,288,255,706,0.402,222.4,7
2025-09-15,Direct,Mobile,290,262,585,0.616,82.5,2
2025-09-15,Direct,Tablet,43,37,131,0.431,99.4,0
2025-09-15,Email,Desktop,93,81,273,0.58,131.1,0
2025-09-15,Email,Mobile,134,119,283,0.491,76.6,1
2025-09-15,Email,Tablet,20,16,55,0.672,83.7,0
2025-09-15,Referral,Desktop,110,88,342,0.441,215.7,1
2025-09-15,Referral,Mobile,102,88,405,0.305,81.7,0
2025-09-15,Referral,Tablet,13,11,36,0.503,189.8,0
2025-09-16,Organic Search,Desktop,608,505,2596,0.651,170.1,7
2025-09-16,Organic Search,Mobile,1180,1071,2601,0.571,174.6,33
2025-09-16,Organic Search,Tablet,142,118,413,0.452,76.2,2
2025-09-16,Paid Search,Desktop,218,183,679,0.547,170.7,5
2025-09-16,Paid Search,Mobile,284,232,1107,0.342,66.9,3
2025-09-16,Paid Search,Tablet,50,43,209,0.561,228.5,0
2025-09-16,Social,Desktop,488,438,1503,0.52,144.5,10
2025-09-16,Social,Mobile,537,414,2138,0.689,68.7,6
2025-09-16,Social,Tablet,59,46,259,0.386,139.1,0
2025-09-16,Direct,Desktop,236,179,478,0.38,199.8,2
2025-09-16,Direct,Mobile,360,288,938,0.619,214.6,4
2025-09-16,Direct,Tablet,57,50,214,0.432,47.6,1
2025-09-16,Email,Desktop,125,109,541,0.364,51.4,2
2025-09-16,Email,Mobile,161,147,702,0.616,113.9,4
2025-09-16,Email,Tablet,28,25,69,0.448,207.0,0
2025-09-16,Referral,Desktop,118,91,333,0.445,201.1,1
2025-09-16,Referral,Mobile,119,104,287,0.326,156.0,0
2025-09-16,Referral,Tablet,15,12,40,0.464,123.3,0
2025-09-17,Organic Search,Desktop,796,709,3391,0.559,88.1,12
2025-09-17,Organic Search,Mobile,1154,1030,3968,0.399,66.8,27
2025-09-17,Organic Search,Tablet,226,214,678,0.503,140.2,6
2025-09-17,Paid Search,Desktop,252,194,640,0.581,87.0,1
2025-09-17,Paid Search,Mobile,399,355,967,0.646,193.6,5
2025-09-17,Paid Search,Tablet,56,47,135,0.397,171.0,1
2025-09-17,Social,Desktop,460,423,1285,0.347,152.8,3
2025-09-17,Social,Mobile,423,346,1458,0.688,194.4,2
2025-09-17,Social,Tablet,75,68,269,0.631,80.8,0
2025-09-17,Direct,Desktop,315,298,1296,0.31,234.5,4
2025-09-17,Direct,Mobile,327,278,760,0.592,229.4,5
2025-09-17,Direct,Tablet,52,44,179,0.449,67.3,0
2025-09-17,Email,Desktop,110,101,461,0.584,145.5,1
2025-09-17,Email,Mobile,160,139,630,0.511,194.0,1
2025-09-17,Email,Tablet,17,15,44,0.321,76.0,0
2025-09-17,Referral,Desktop,87,69,266,0.399,78.0,1
2025-09-17,Referral,Mobile,102,79,237,0.457,95.4,2
2025-09-17,Referral,Tablet,22,17,68,0.624,80.4,0
2025-09-18,Organic Search,Desktop,830,770,3054,0.579,167.8,11
2025-09-18,Organic Search,Mobile,984,770,1904,0.627,107.3,25
2025-09-18,Organic Search,Tablet,135,113,597,0.426,145.8,1
2025-09-18,Paid Search,Desktop,319,286,913,0.343,117.7,3
2025-09-18,Paid Search,Mobile,456,429,1040,0.424,218.7,13
2025-09-18,Paid Search,Tablet,58,48,234,0.408,191.3,1
2025-09-18,Social,Desktop,435,370,1719,0.619,191.6,12
2025-09-18,Social,Mobile,382,292,1287,0.342,226.0,3
2025-09-18,Social,Tablet,76,63,222,0.591,178.2,2
2025-09-18,Direct,Desktop,235,193,477,0.365,82.0,3
2025-09-18,Direct,Mobile,338,264,1095,0.642,186.8,4
2025-09-18,Direct,Tablet,44,37,121,0.649,130.6,0
2025-09-18,Email,Desktop,111,85,296,0.4,205.8,1
2025-09-18,Email,Mobile,94,83,189,0.339,236.2,2
2025-09-18,Email,Tablet,25,23,70,0.391,188.2,0
2025-09-18,Referral,Desktop,88,74,232,0.614,77.6,1
2025-09-18,Referral,Mobile,113,86,418,0.318,49.8,3
2025-09-18,Referral,Tablet,18,14,69,0.457,110.3,0
2025-09-19,Organic Search,Desktop,771,646,1736,0.645,161.8,20
2025-09-19,Organic Search,Mobile,988,851,2006,0.642,205.7,14
2025-09-19,Organic Search,Tablet,165,136,508,0.57,223.3,4
2025-09-19,Paid Search,Desktop,352,323,1135,0.361,66.7,7
2025-09-19,Paid Search,Mobile,387,360,886,0.312,169.9,5
2025-09-19,Paid Search,Tablet,67,62,228,0.67,235.5,1
2025-09-19,Social,Desktop,466,420,1819,0.65,70.8,2
2025-09-19,Social,Mobile,569,504,2479,0.555,84.7,6
2025-09-19,Social,Tablet,91,71,189,0.548,194.1,0
2025-09-19,Direct,Desktop,298,235,556,0.571,133.6,7
2025-09-19,Direct,Mobile,319,299,1345,0.547,180.2,4
2025-09-19,Direct,Tablet,53,43,147,0.335,199.9,1
2025-09-19,Email,Desktop,129,115,273,0.639,86.0,3
2025-09-19,Email,Mobile,142,130,336,0.683,96.2,2
2025-09-19,Email,Tablet,18,16,78,0.657,122.3,0
2025-09-19,Referral,Desktop,83,78,287,0.524,186.6,2
2025-09-19,Referral,Mobile,124,94,485,0.504,197.6,0
2025-09-19,Referral,Tablet,17,15,49,0.374,145.8,0
2025-09-20,Organic Search,Desktop,867,654,1710,0.556,150.3,18
2025-09-20,Organic Search,Mobile,1061,948,2337,0.656,150.2,6
2025-09-20,Organic Search,Tablet,147,133,509,0.536,84.2,2
2025-09-20,Paid Search,Desktop,404,344,919,0.314,103.0,11
2025-09-20,Paid Search,Mobile,435,367,1379,0.305,108.4,9
2025-09-20,Paid Search,Tablet,60,48,141,0.579,149.0,0
2025-09-20,Social,Desktop,420,317,1168,0.461,134.0,7
2025-09-20,Social,Mobile,518,409,2226,0.585,114.4,4
2025-09-20,Social,Tablet,95,72,345,0.488,147.3,0
2025-09-20,Direct,Desktop,254,205,830,0.33,91.3,7
2025-09-20,Direct,Mobile,459,421,1453,0.447,93.0,12
2025-09-20,Direct,Tablet,57,51,159,0.327,201.0,0
2025-09-20,Email,Desktop,102,92,247,0.581,177.5,0
2025-09-20,Email,Mobile,150,139,305,0.383,60.6,3
2025-09-20,Email,Tablet,26,20,59,0.696,114.2,0
2025-09-20,Referral,Desktop,93,78,331,0.505,122.6,0
2025-09-20,Referral,Mobile,137,110,523,0.445,147.1,1
2025-09-20,Referral,Tablet,21,18,57,0.514,181.0,0
2025-09-21,Organic Search,Desktop,877,724,2883,0.443,208.0,22
2025-09-21,Organic Search,Mobile,1217,994,3857,0.624,137.9,26
2025-09-21,Organic Search,Tablet,198,171,722,0.381,221.4,3
2025-09-21,Paid Search,Desktop,286,236,567,0.516,210.7,2
2025-09-21,Paid Search,Mobile,311,247,966,0.382,61.1,2
2025-09-21,Paid Search,Tablet,67,60,248,0.596,159.1,0
2025-09-21,Social,Desktop,425,339,1320,0.433,46.3,5
2025-09-21,Social,Mobile,597,480,1948,0.414,164.4,16
2025-09-21,Social,Tablet,95,89,209,0.405,49.7,1
2025-09-21,Direct,Desktop,288,256,1087,0.368,121.3,6
2025-09-21,Direct,Mobile,400,300,1724,0.31,124.1,10
2025-09-21,Direct,Tablet,65,56,165,0.528,78.3,1
2025-09-21,Email,Desktop,114,95,510,0.666,77.1,1
2025-09-21,Email,Mobile,176,150,328,0.678,77.6,2
2025-09-21,Email,Tablet,21,16,43,0.482,77.1,0
2025-09-21,Referral,Desktop,105,90,380,0.396,122.1,3
2025-09-21,Referral,Mobile,159,146,314,0.489,120.3,2
2025-09-21,Referral,Tablet,18,14,41,0.698,189.6,0
2025-09-22,Organic Search,Desktop,871,657,3592,0.556,64.7,13
2025-09-22,Organic Search,Mobile,948,786,3724,0.544,138.8,20
2025-09-22,Organic Search,Tablet,155,119,416,0.378,161.9,0
2025-09-22,Paid Search,Desktop,365,333,718,0.456,97.7,5
2025-09-22,Paid Search,Mobile,424,380,1865,0.599,238.4,9
2025-09-22,Paid Search,Tablet,61,50,234,0.686,201.6,1
2025-09-22,Social,Desktop,384,345,1619,0.661,72.6,8
2025-09-22,Social,Mobile,607,499,1645,0.637,63.3,7
2025-09-22,Social,Tablet,68,62,285,0.639,50.2,1
2025-09-22,Direct,Desktop,216,164,722,0.6,185.6,4
2025-09-22,Direct,Mobile,393,337,1303,0.308,151.9,9
2025-09-22,Direct,Tablet,64,58,200,0.394,236.5,1
2025-09-22,Email,Desktop,89,83,304,0.572,194.7,0
2025-09-22,Email,Mobile,112,91,489,0.327,72.1,2
2025-09-22,Email,Tablet,16,13,28,0.31,52.5,0
2025-09-22,Referral,Desktop,90,83,350,0.515,67.7,2
2025-09-22,Referral,Mobile,133,110,557,0.633,227.3,2
2025-09-22,Referral,Tablet,14,13,46,0.343,114.5,0
2025-09-23,Organic Search,Desktop,884,740,2919,0.388,179.8,11
2025-09-23,Organic Search,Mobile,803,606,2793,0.389,209.2,4
2025-09-23,Organic Search,Tablet,183,148,332,0.694,106.5,2
2025-09-23,Paid Search,Desktop,306,262,1367,0.367,50.6,2
2025-09-23,Paid Search,Mobile,491,377,1128,0.471,158.8,6
2025-09-23,Paid Search,Tablet,65,60,120,0.685,211.7,0
2025-09-23,Social,Desktop,404,320,794,0.555,121.0,2
2025-09-23,Social,Mobile,492,369,994,0.372,87.2,8
2025-09-23,Social,Tablet,68,52,266,0.499,121.5,0
2025-09-23,Direct,Desktop,265,245,630,0.529,208.2,2
2025-09-23,Direct,Mobile,342,318,1537,0.334,218.9,2
2025-09-23,Direct,Tablet,46,39,161,0.488,191.7,0
2025-09-23,Email,Desktop,128,110,343,0.441,177.4,0
2025-09-23,Email,Mobile,129,109,446,0.414,49.4,3
2025-09-23,Email,Tablet,22,19,92,0.569,131.3,0
2025-09-23,Referral,Desktop,103,80,235,0.357,196.8,2
2025-09-23,Referral,Mobile,98,76,310,0.568,59.2,0
2025-09-23,Referral,Tablet,20,15,42,0.607,161.8,0
2025-09-24,Organic Search,Desktop,760,635,1975,0.466,221.1,14
2025-09-24,Organic Search,Mobile,937,801,3373,0.631,170.4,23
2025-09-24,Organic Search,Tablet,177,141,526,0.345,178.9,1
2025-09-24,Paid Search,Desktop,186,148,548,0.469,123.3,4
2025-09-24,Paid Search,Mobile,402,329,1691,0.676,204.6,4
2025-09-24,Paid Search,Tablet,59,46,253,0.618,159.3,1
2025-09-24,Social,Desktop,444,383,1578,0.504,123.5,9
2025-09-24,Social,Mobile,529,454,1237,0.566,133.0,8
2025-09-24,Social,Tablet,82,74,153,0.426,151.2,2
2025-09-24,Direct,Desktop,231,210,761,0.664,187.7,4
2025-09-24,Direct,Mobile,364,334,1437,0.595,94.8,6
2025-09-24,Direct,Tablet,51,43,104,0.503,81.9,0
2025-09-24,Email,Desktop,124,103,249,0.495,170.1,1
2025-09-24,Email,Mobile,107,101,245,0.374,117.0,3
2025-09-24,Email,Tablet,29,22,127,0.448,222.5,0
2025-09-24,Referral,Desktop,121,109,254,0.665,127.3,1
2025-09-24,Referral,Mobile,125,98,379,0.615,193.7,3
2025-09-24,Referral,Tablet,19,17,71,0.42,210.7,0
2025-09-25,Organic Search,Desktop,865,779,2737,0.55,94.4,19
2025-09-25,Organic Search,Mobile,1091,1020,4473,0.305,156.1,18
2025-09-25,Organic Search,Tablet,165,132,358,0.573,93.9,4
2025-09-25,Paid Search,Desktop,321,275,692,0.648,204.8,8
2025-09-25,Paid Search,Mobile,423,356,1529,0.627,196.8,11
2025-09-25,Paid Search,Tablet,62,54,155,0.56,126.3,1
2025-09-25,Social,Desktop,429,394,1129,0.49,143.5,8
2025-09-25,Social,Mobile,590,458,1423,0.647,93.7,14
2025-09-25,Social,Tablet,56,44,218,0.478,48.4,0
2025-09-25,Direct,Desktop,250,221,789,0.69,160.2,2
2025-09-25,Direct,Mobile,457,366,1033,0.332,141.8,5
2025-09-25,Direct,Tablet,45,35,103,0.58,209.4,0
2025-09-25,Email,Desktop,127,116,330,0.573,209.6,3
2025-09-25,Email,Mobile,121,113,349,0.53,130.1,2
2025-09-25,Email,Tablet,20,15,52,0.361,186.8,0
2025-09-25,Referral,Desktop,119,109,403,0.469,149.5,3
2025-09-25,Referral,Mobile,125,116,487,0.407,218.9,2
2025-09-25,Referral,Tablet,18,14,35,0.304,217.4,0
2025-09-26,Organic Search,Desktop,825,779,2148,0.554,194.9,19
2025-09-26,Organic Search,Mobile,1140,1049,3683,0.584,90.3,9
2025-09-26,Organic Search,Tablet,153,144,450,0.393,186.4,3
2025-09-26,Paid Search,Desktop,335,252,941,0.61,69.7,8
2025-09-26,Paid Search,Mobile,445,354,1809,0.653,133.4,12
2025-09-26,Paid Search,Tablet,49,42,107,0.69,222.5,0
2025-09-26,Social,Desktop,388,368,1252,0.337,199.9,8
2025-09-26,Social,Mobile,409,359,1010,0.571,106.3,2
2025-09-26,Social,Tablet,68,54,147,0.662,157.6,0
2025-09-26,Direct,Desktop,282,259,810,0.357,46.6,8
2025-09-26,Direct,Mobile,381,327,1343,0.59,182.0,9
2025-09-26,Direct,Tablet,65,50,135,0.372,149.2,0
2025-09-26,Email,Desktop,108,86,274,0.585,152.8,2
2025-09-26,Email,Mobile,136,115,561,0.316,171.9,2
2025-09-26,Email,Tablet,20,15,70,0.641,117.7,0
2025-09-26,Referral,Desktop,105,91,215,0.613,53.2,2
2025-09-26,Referral,Mobile,106,91,255,0.564,137.3,2
2025-09-26,Referral,Tablet,15,12,65,0.577,113.0,0
2025-09-27,Organic Search,Desktop,1077,818,3985,0.616,133.2,5
2025-09-27,Organic Search,Mobile,1331,1041,4534,0.484,105.7,7
2025-09-27,Organic Search,Tablet,164,137,605,0.689,97.4,3
2025-09-27,Paid Search,Desktop,344,300,848,0.528,58.2,5
2025-09-27,Paid Search,Mobile,471,444,985,0.374,69.9,6
2025-09-27,Paid Search,Tablet,61,47,263,0.462,46.5,0
2025-09-27,Social,Desktop,420,349,1005,0.434,195.0,8
2025-09-27,Social,Mobile,654,591,2304,0.524,77.0,6
2025-09-27,Social,Tablet,73,63,188,0.566,213.8,2
2025-09-27,Direct,Desktop,340,292,808,0.681,84.9,3
2025-09-27,Direct,Mobile,408,327,1459,0.426,101.4,5
2025-09-27,Direct,Tablet,53,43,233,0.363,173.6,1
2025-09-27,Email,Desktop,126,116,556,0.619,58.5,0
2025-09-27,Email,Mobile,133,120,283,0.473,174.8,1
2025-09-27,Email,Tablet,21,19,47,0.675,179.2,0
2025-09-27,Referral,Desktop,107,85,461,0.676,82.7,1
2025-09-27,Referral,Mobile,104,90,367,0.533,172.2,0
2025-09-27,Referral,Tablet,19,16,67,0.667,186.1,0
2025-09-28,Organic Search,Desktop,911,864,2055,0.31,47.2,14
2025-09-28,Organic Search,Mobile,947,844,3242,0.338,77.8,28
2025-09-28,Organic Search,Tablet,192,160,850,0.643,206.9,2
2025-09-28,Paid Search,Desktop,346,275,888,0.343,94.8,7
2025-09-28,Paid Search,Mobile,387,361,727,0.532,189.4,6
2025-09-28,Paid Search,Tablet,55,46,184,0.497,108.1,0
2025-09-28,Social,Desktop,463,385,1690,0.519,99.8,4
2025-09-28,Social,Mobile,441,376,1621,0.553,212.1,11
2025-09-28,Social,Tablet,94,71,242,0.305,65.3,2
2025-09-28,Direct,Desktop,307,235,887,0.333,217.8,2
2025-09-28,Direct,Mobile,350,293,1041,0.685,232.8,2
2025-09-28,Direct,Tablet,64,56,119,0.531,49.5,1
2025-09-28,Email,Desktop,81,71,331,0.699,172.4,1
2025-09-28,Email,Mobile,170,144,418,0.422,215.6,0
2025-09-28,Email,Tablet,22,19,45,0.329,141.5,0
2025-09-28,Referral,Desktop,89,81,298,0.449,194.8,2
2025-09-28,Referral,Mobile,118,89,393,0.549,101.1,2
2025-09-28,Referral,Tablet,23,18,67,0.341,49.9,0
2025-09-29,Organic Search,Desktop,874,707,1945,0.485,165.7,9
2025-09-29,Organic Search,Mobile,1155,992,2717,0.357,181.2,21
2025-09-29,Organic Search,Tablet,156,127,700,0.614,204.2,2
2025-09-29,Paid Search,Desktop,419,389,1786,0.69,92.5,10
2025-09-29,Paid Search,Mobile,392,368,881,0.614,181.6,2
2025-09-29,Paid Search,Tablet,69,54,217,0.488,165.6,2
2025-09-29,Social,Desktop,397,371,1737,0.437,93.0,7
2025-09-29,Social,Mobile,510,469,1547,0.475,153.0,8
2025-09-29,Social,Tablet,81,69,235,0.45,113.1,1
2025-09-29,Direct,Desktop,243,230,517,0.49,214.0,4
2025-09-29,Direct,Mobile,313,292,1192,0.623,177.6,1
2025-09-29,Direct,Tablet,45,38,145,0.341,222.7,0
2025-09-29,Email,Desktop,89,72,214,0.653,173.2,1
2025-09-29,Email,Mobile,138,130,373,0.629,197.6,1
2025-09-29,Email,Tablet,21,16,85,0.437,78.7,0
2025-09-29,Referral,Desktop,73,55,244,0.388,222.3,0
2025-09-29,Referral,Mobile,91,75,168,0.584,238.0,0
2025-09-29,Referral,Tablet,16,14,46,0.494,73.4,0
2025-09-30,Organic Search,Desktop,840,644,1740,0.492,130.5,17
2025-09-30,Organic Search,Mobile,994,841,1823,0.514,130.8,21
2025-09-30,Organic Search,Tablet,142,124,511,0.312,137.9,3
2025-09-30,Paid Search,Desktop,348,282,1522,0.415,146.8,6
2025-09-30,Paid Search,Mobile,459,402,914,0.638,105.6,4
2025-09-30,Paid Search,Tablet,43,34,134,0.376,74.5,0
2025-09-30,Social,Desktop,409,339,1331,0.352,78.9,10
2025-09-30,Social,Mobile,481,399,1210,0.661,93.8,11
2025-09-30,Social,Tablet,74,61,331,0.518,238.5,0
2025-09-30,Direct,Desktop,281,225,716,0.638,47.8,5
2025-09-30,Direct,Mobile,270,202,1122,0.656,174.5,5
2025-09-30,Direct,Tablet,52,40,99,0.658,236.4,0
2025-09-30,Email,Desktop,116,109,450,0.352,111.7,0
2025-09-30,Email,Mobile,141,115,488,0.419,188.5,0
2025-09-30,Email,Tablet,18,13,57,0.502,147.4,0
2025-09-30,Referral,Desktop,80,69,148,0.348,204.8,1
2025-09-30,Referral,Mobile,103,77,414,0.549,85.0,1
2025-09-30,Referral,Tablet,16,14,57,0.675,112.7,0
2025-10-01,Organic Search,Desktop,880,828,1894,0.634,55.0,6
2025-10-01,Organic Search,Mobile,1346,1051,4123,0.612,102.8,27
2025-10-01,Organic Search,Tablet,211,162,584,0.683,111.7,4
2025-10-01,Paid Search,Desktop,302,269,936,0.306,161.5,6
2025-10-01,Paid Search,Mobile,341,281,708,0.415,51.3,5
2025-10-01,Paid Search,Tablet,63,47,227,0.325,227.5,1
2025-10-01,Social,Desktop,421,360,969,0.646,81.4,6
2025-10-01,Social,Mobile,596,495,1582,0.555,135.6,9
2025-10-01,Social,Tablet,76,58,313,0.594,52.2,0
2025-10-01,Direct,Desktop,295,245,834,0.502,95.1,2
2025-10-01,Direct,Mobile,385,348,1278,0.662,163.8,2
2025-10-01,Direct,Tablet,68,64,283,0.522,165.1,1
2025-10-01,Email,Desktop,95,74,175,0.531,149.4,1
2025-10-01,Email,Mobile,145,130,341,0.504,97.4,1
2025-10-01,Email,Tablet,19,17,47,0.572,124.6,0
2025-10-01,Referral,Desktop,99,78,274,0.654,157.9,1
2025-10-01,Referral,Mobile,125,117,520,0.638,174.6,1
2025-10-01,Referral,Tablet,22,19,72,0.369,190.2,0
2025-10-02,Organic Search,Desktop,503,421,1184,0.33,224.4,7
2025-10-02,Organic Search,Mobile,889,729,3664,0.459,93.2,23
2025-10-02,Organic Search,Tablet,136,118,506,0.386,124.7,3
2025-10-02,Paid Search,Desktop,295,277,1218,0.662,199.8,3
2025-10-02,Paid Search,Mobile,465,353,1742,0.636,113.2,5
2025-10-02,Paid Search,Tablet,55,41,225,0.388,141.2,1
2025-10-02,Social,Desktop,400,365,1712,0.66,175.1,6
2025-10-02,Social,Mobile,581,477,2191,0.358,187.5,9
2025-10-02,Social,Tablet,84,69,172,0.666,108.9,0
2025-10-02,Direct,Desktop,303,243,1239,0.525,209.7,6
2025-10-02,Direct,Mobile,417,322,1508,0.661,111.7,11
2025-10-02,Direct,Tablet,54,44,112,0.543,233.2,0
2025-10-02,Email,Desktop,125,109,532,0.666,196.9,0
2025-10-02,Email,Mobile,174,138,395,0.409,154.1,4
2025-10-02,Email,Tablet,21,18,52,0.315,139.1,0
2025-10-02,Referral,Desktop,95,84,252,0.67,216.8,2
2025-10-02,Referral,Mobile,146,137,598,0.429,132.3,4
2025-10-02,Referral,Tablet,19,17,66,0.321,138.9,0
2025-10-03,Organic Search,Desktop,843,637,2011,0.598,202.4,7
2025-10-03,Organic Search,Mobile,966,913,2675,0.699,163.2,6
2025-10-03,Organic Search,Tablet,179,149,538,0.696,160.9,2
2025-10-03,Paid Search,Desktop,276,207,697,0.68,99.9,3
2025-10-03,Paid Search,Mobile,408,348,1442,0.565,127.0,9
2025-10-03,Paid Search,Tablet,59,48,245,0.45,226.1,0
2025-10-03,Social,Desktop,451,401,1541,0.564,207.3,3
2025-10-03,Social,Mobile,589,486,2573,0.632,105.0,17
2025-10-03,Social,Tablet,67,61,155,0.581,97.3,0
2025-10-03,Direct,Desktop,319,295,894,0.642,155.7,4
2025-10-03,Direct,Mobile,384,350,993,0.494,130.3,5
2025-10-03,Direct,Tablet,50,39,196,0.383,109.6,0
2025-10-03,Email,Desktop,108,82,416,0.421,194.1,3
2025-10-03,Email,Mobile,140,118,344,0.648,146.8,0
2025-10-03,Email,Tablet,21,18,91,0.557,100.3,0
2025-10-03,Referral,Desktop,88,73,340,0.483,94.5,2
2025-10-03,Referral,Mobile,143,128,558,0.323,92.5,4
2025-10-03,Referral,Tablet,19,15,46,0.41,98.0,0
2025-10-04,Organic Search,Desktop,1046,806,2790,0.473,58.8,26
2025-10-04,Organic Search,Mobile,1446,1297,2604,0.637,100.1,40
2025-10-04,Organic Search,Tablet,218,190,763,0.491,108.5,3
2025-10-04,Paid Search,Desktop,324,287,1162,0.616,68.8,4
2025-10-04,Paid Search,Mobile,452,420,1482,0.546,83.3,9
2025-10-04,Paid Search,Tablet,83,76,332,0.337,160.3,2
2025-10-04,Social,Desktop,452,351,1217,0.385,139.0,2
2025-10-04,Social,Mobile,616,560,1686,0.522,84.6,9
2025-10-04,Social,Tablet,94,84,302,0.578,121.1,2
2025-10-04,Direct,Desktop,377,324,739,0.468,109.9,7
2025-10-04,Direct,Mobile,403,377,1007,0.303,70.4,4
2025-10-04,Direct,Tablet,64,60,175,0.683,204.3,1
2025-10-04,Email,Desktop,126,114,340,0.351,150.9,3
2025-10-04,Email,Mobile,185,170,600,0.449,80.6,2
2025-10-04,Email,Tablet,21,18,40,0.318,99.4,0
2025-10-04,Referral,Desktop,94,85,295,0.464,238.3,1
2025-10-04,Referral,Mobile,103,79,237,0.57,65.3,1
2025-10-04,Referral,Tablet,19,17,51,0.318,188.3,0
2025-10-05,Organic Search,Desktop,1024,955,3784,0.528,230.9,12
2025-10-05,Organic Search,Mobile,1169,922,3517,0.336,198.7,20
2025-10-05,Organic Search,Tablet,175,136,471,0.328,151.3,2
2025-10-05,Paid Search,Desktop,386,359,1097,0.66,128.9,8
2025-10-05,Paid Search,Mobile,499,420,1775,0.38,140.8,13
2025-10-05,Paid Search,Tablet,79,68,331,0.412,68.9,0
2025-10-05,Social,Desktop,370,277,1414,0.621,214.5,3
2025-10-05,Social,Mobile,445,378,865,0.571,212.5,5
2025-10-05,Social,Tablet,102,78,421,0.632,224.9,2
2025-10-05,Direct,Desktop,337,281,1001,0.304,230.1,5
2025-10-05,Direct,Mobile,397,299,1095,0.401,238.5,9
2025-10-05,Direct,Tablet,62,46,230,0.33,82.7,1
2025-10-05,Email,Desktop,138,114,410,0.511,200.3,3
2025-10-05,Email,Mobile,193,169,636,0.697,61.3,2
2025-10-05,Email,Tablet,23,18,43,0.322,211.8,0
2025-10-05,Referral,Desktop,103,93,413,0.555,210.9,1
2025-10-05,Referral,Mobile,151,116,605,0.519,145.1,3
2025-10-05,Referral,Tablet,19,15,77,0.457,214.4,0
2025-10-06,Organic Search,Desktop,967,890,2258,0.537,93.8,11
2025-10-06,Organic Search,Mobile,1006,766,2754,0.489,214.0,22
2025-10-06,Organic Search,Tablet,145,135,428,0.46,187.1,1
2025-10-06,Paid Search,Desktop,327,278,1325,0.556,96.9,4
2025-10-06,Paid Search,Mobile,360,295,1130,0.632,111.4,2
2025-10-06,Paid Search,Tablet,60,53,182,0.466,200.1,1
2025-10-06,Social,Desktop,390,298,1739,0.506,207.2,5
2025-10-06,Social,Mobile,535,469,2159,0.362,153.2,12
2025-10-06,Social,Tablet,77,59,139,0.401,222.8,0
2025-10-06,Direct,Desktop,348,263,1367,0.519,58.7,6
2025-10-06,Direct,Mobile,373,321,1020,0.627,86.8,3
2025-10-06,Direct,Tablet,58,46,159,0.57,105.9,1
2025-10-06,Email,Desktop,155,140,624,0.355,79.1,2
2025-10-06,Email,Mobile,154,141,526,0.667,63.4,3
2025-10-06,Email,Tablet,25,21,100,0.622,158.9,0
2025-10-06,Referral,Desktop,86,81,374,0.4,107.1,1
2025-10-06,Referral,Mobile,101,87,203,0.34,158.8,1
2025-10-06,Referral,Tablet,17,15,57,0.494,172.5,0
2025-10-07,Organic Search,Desktop,744,596,3206,0.473,238.3,20
2025-10-07,Organic Search,Mobile,1309,1122,2372,0.314,128.3,10
2025-10-07,Organic Search,Tablet,176,159,322,0.622,226.3,3
2025-10-07,Paid Search,Desktop,283,252,638,0.418,131.1,5
2025-10-07,Paid Search,Mobile,262,248,713,0.46,147.7,2
2025-10-07,Paid Search,Tablet,69,63,240,0.424,181.3,0
2025-10-07,Social,Desktop,524,476,1786,0.68,101.7,13
2025-10-07,Social,Mobile,402,379,1092,0.606,233.8,10
2025-10-07,Social,Tablet,79,69,240,0.63,189.8,0
2025-10-07,Direct,Desktop,271,238,557,0.355,128.5,2
2025-10-07,Direct,Mobile,371,306,1008,0.551,109.3,7
2025-10-07,Direct,Tablet,50,43,223,0.693,126.2,0
2025-10-07,Email,Desktop,124,97,225,0.337,107.6,0
2025-10-07,Email,Mobile,125,102,258,0.525,214.3,2
2025-10-07,Email,Tablet,20,17,60,0.433,225.5,0
2025-10-07,Referral,Desktop,110,98,238,0.575,88.6,2
2025-10-07,Referral,Mobile,123,93,509,0.442,64.1,2
2025-10-07,Referral,Tablet,18,15,48,0.453,122.2,0
2025-10-08,Organic Search,Desktop,604,507,1412,0.479,121.4,17
2025-10-08,Organic Search,Mobile,784,590,1587,0.681,180.9,21
2025-10-08,Organic Search,Tablet,166,152,463,0.683,182.4,1
2025-10-08,Paid Search,Desktop,316,291,1200,0.488,48.2,5
2025-10-08,Paid Search,Mobile,349,322,1392,0.592,218.1,9
2025-10-08,Paid Search,Tablet,61,49,162,0.61,190.1,1
2025-10-08,Social,Desktop,381,338,1302,0.446,218.2,7
2025-10-08,Social,Mobile,692,629,3029,0.649,232.3,17
2025-10-08,Social,Tablet,83,71,298,0.447,178.2,2
2025-10-08,Direct,Desktop,247,197,863,0.503,66.5,1
2025-10-08,Direct,Mobile,381,301,1684,0.682,78.0,7
2025-10-08,Direct,Tablet,55,47,237,0.606,152.5,0
2025-10-08,Email,Desktop,104,98,254,0.318,95.2,1
2025-10-08,Email,Mobile,155,123,311,0.546,160.8,3
2025-10-08,Email,Tablet,21,19,59,0.345,47.7,0
2025-10-08,Referral,Desktop,117,90,217,0.578,235.7,0
2025-10-08,Referral,Mobile,118,108,283,0.644,132.6,1
2025-10-08,Referral,Tablet,16,14,48,0.468,123.5,0
2025-10-09,Organic Search,Desktop,703,604,2212,0.314,184.5,9
2025-10-09,Organic Search,Mobile,1213,1044,4491,0.535,95.7,22
2025-10-09,Organic Search,Tablet,208,162,887,0.54,229.7,2
2025-10-09,Paid Search,Desktop,325,271,915,0.47,118.5,9
2025-10-09,Paid Search,Mobile,448,390,1206,0.595,97.0,7
2025-10-09,Paid Search,Tablet,72,58,225,0.374,70.5,0
2025-10-09,Social,Desktop,407,342,1446,0.7,152.6,8
2025-10-09,Social,Mobile,583,502,2560,0.363,113.6,8
2025-10-09,Social,Tablet,83,72,326,0.524,194.6,1
2025-10-09,Direct,Desktop,282,261,1078,0.527,173.0,4
2025-10-09,Direct,Mobile,424,366,1393,0.356,97.9,2
2025-10-09,Direct,Tablet,59,48,163,0.468,147.9,1
2025-10-09,Email,Desktop,98,78,232,0.537,181.9,1
2025-10-09,Email,Mobile,126,112,444,0.529,54.3,1
2025-10-09,Email,Tablet,22,19,98,0.405,197.0,0
2025-10-09,Referral,Desktop,110,88,280,0.442,174.5,2
2025-10-09,Referral,Mobile,150,115,543,0.305,221.8,2
2025-10-09,Referral,Tablet,13,10,51,0.487,236.3,0
2025-10-10,Organic Search,Desktop,1011,811,4078,0.374,191.4,28
2025-10-10,Organic Search,Mobile,990,884,2403,0.372,72.6,20
2025-10-10,Organic Search,Tablet,174,135,593,0.499,120.8,2
2025-10-10,Paid Search,Desktop,308,266,1171,0.579,67.7,4
2025-10-10,Paid Search,Mobile,460,374,1312,0.453,102.5,13
2025-10-10,Paid Search,Tablet,59,53,150,0.631,152.9,0
2025-10-10,Social,Desktop,448,388,1018,0.664,196.8,5
2025-10-10,Social,Mobile,431,336,858,0.677,218.2,2
2025-10-10,Social,Tablet,111,99,252,0.336,104.1,2
2025-10-10,Direct,Desktop,256,232,724,0.432,109.3,6
2025-10-10,Direct,Mobile,360,309,791,0.603,199.0,5
2025-10-10,Direct,Tablet,65,60,199,0.447,215.5,0
2025-10-10,Email,Desktop,121,109,443,0.515,136.9,1
2025-10-10,Email,Mobile,136,112,440,0.661,161.2,3
2025-10-10,Email,Tablet,20,17,41,0.697,74.5,0
2025-10-10,Referral,Desktop,91,74,234,0.484,107.7,2
2025-10-10,Referral,Mobile,98,83,394,0.394,58.5,0
2025-10-10,Referral,Tablet,19,17,82,0.67,103.3,0
2025-10-11,Organic Search,Desktop,1140,950,3084,0.323,216.2,19
2025-10-11,Organic Search,Mobile,1113,837,2138,0.593,58.0,27
2025-10-11,Organic Search,Tablet,182,145,788,0.553,196.2,5
2025-10-11,Paid Search,Desktop,327,258,919,0.497,172.4,3
2025-10-11,Paid Search,Mobile,445,400,1804,0.58,68.7,7
2025-10-11,Paid Search,Tablet,63,58,183,0.46,48.3,1
2025-10-11,Social,Desktop,463,431,2062,0.485,59.9,5
2025-10-11,Social,Mobile,625,552,1375,0.445,177.9,7
2025-10-11,Social,Tablet,92,76,174,0.655,198.2,0
2025-10-11,Direct,Desktop,255,223,639,0.658,231.0,4
2025-10-11,Direct,Mobile,412,313,1257,0.401,154.4,4
2025-10-11,Direct,Tablet,61,56,255,0.505,179.2,0
2025-10-11,Email,Desktop,151,114,381,0.601,101.9,2
2025-10-11,Email,Mobile,160,136,625,0.462,198.0,4
2025-10-11,Email,Tablet,28,21,113,0.689,239.1,0
2025-10-11,Referral,Desktop,112,87,267,0.356,80.2,2
2025-10-11,Referral,Mobile,141,113,563,0.655,123.6,3
2025-10-11,Referral,Tablet,22,18,84,0.56,94.4,0
2025-10-12,Organic Search,Desktop,1088,913,4847,0.397,46.3,15
2025-10-12,Organic Search,Mobile,1164,957,2495,0.35,51.1,11
2025-10-12,Organic Search,Tablet,170,155,476,0.326,186.9,4
2025-10-12,Paid Search,Desktop,313,246,1341,0.391,175.9,7
2025-10-12,Paid Search,Mobile,561,531,1861,0.649,209.5,6
2025-10-12,Paid Search,Tablet,65,49,144,0.363,194.6,0
2025-10-12,Social,Desktop,357,299,1233,0.353,119.9,2
2025-10-12,Social,Mobile,549,468,1359,0.409,75.1,8
2025-10-12,Social,Tablet,89,72,374,0.674,78.5,0
2025-10-12,Direct,Desktop,372,326,750,0.61,63.7,11
2025-10-12,Direct,Mobile,405,357,746,0.658,97.6,11
2025-10-12,Direct,Tablet,63,49,250,0.476,135.1,0
2025-10-12,Email,Desktop,120,97,467,0.486,224.2,2
2025-10-12,Email,Mobile,197,156,545,0.552,233.1,4
2025-10-12,Email,Tablet,25,20,57,0.633,94.7,0
2025-10-12,Referral,Desktop,89,82,221,0.316,226.0,2
2025-10-12,Referral,Mobile,123,100,449,0.488,177.4,3
2025-10-12,Referral,Tablet,17,14,73,0.301,108.6,0
2025-10-13,Organic Search,Desktop,683,627,2956,0.671,212.9,19
2025-10-13,Organic Search,Mobile,1137,889,2611,0.426,192.8,33
2025-10-13,Organic Search,Tablet,151,121,312,0.405,70.2,1
2025-10-13,Paid Search,Desktop,389,365,727,0.541,153.9,4
2025-10-13,Paid Search,Mobile,351,322,1278,0.343,130.7,9
2025-10-13,Paid Search,Tablet,54,44,202,0.583,75.3,0
2025-10-13,Social,Desktop,441,340,1102,0.696,161.4,9
2025-10-13,Social,Mobile,500,419,1064,0.322,150.5,13
2025-10-13,Social,Tablet,95,83,221,0.663,184.4,0
2025-10-13,Direct,Desktop,298,255,801,0.419,50.5,2
2025-10-13,Direct,Mobile,315,273,1083,0.388,142.2,8
2025-10-13,Direct,Tablet,47,43,124,0.521,158.0,0
2025-10-13,Email,Desktop,103,78,193,0.601,105.3,2
2025-10-13,Email,Mobile,122,114,322,0.442,234.9,1
2025-10-13,Email,Tablet,27,23,98,0.605,208.9,0
2025-10-13,Referral,Desktop,90,79,191,0.33,77.9,0
2025-10-13,Referral,Mobile,128,120,399,0.652,134.1,3
2025-10-13,Referral,Tablet,17,14,31,0.58,189.9,0
2025-10-14,Organic Search,Desktop,844,800,1665,0.637,78.4,11
2025-10-14,Organic Search,Mobile,1097,837,4125,0.382,194.7,8
2025-10-14,Organic Search,Tablet,186,152,823,0.452,221.4,1
2025-10-14,Paid Search,Desktop,367,317,990,0.628,64.6,4
2025-10-14,Paid Search,Mobile,402,339,1427,0.459,161.7,8
2025-10-14,Paid Search,Tablet,51,38,159,0.311,91.4,0
2025-10-14,Social,Desktop,421,357,960,0.382,171.2,3
2025-10-14,Social,Mobile,526,413,1119,0.477,213.4,3
2025-10-14,Social,Tablet,67,53,151,0.56,105.3,1
2025-10-14,Direct,Desktop,237,178,513,0.657,226.3,6
2025-10-14,Direct,Mobile,366,314,669,0.658,219.7,4
2025-10-14,Direct,Tablet,46,42,155,0.328,189.4,1
2025-10-14,Email,Desktop,118,89,258,0.522,208.1,0
2025-10-14,Email,Mobile,154,143,566,0.4,211.8,1
2025-10-14,Email,Tablet,22,19,45,0.502,51.4,0
2025-10-14,Referral,Desktop,86,67,307,0.478,69.6,1
2025-10-14,Referral,Mobile,149,117,383,0.378,157.2,1
2025-10-14,Referral,Tablet,16,14,52,0.473,58.1,0
2025-10-15,Organic Search,Desktop,574,439,2407,0.469,174.3,12
2025-10-15,Organic Search,Mobile,1218,1096,4523,0.47,143.0,7
2025-10-15,Organic Search,Tablet,150,132,371,0.518,211.7,3
2025-10-15,Paid Search,Desktop,304,273,614,0.649,184.7,3
2025-10-15,Paid Search,Mobile,328,278,1341,0.613,192.8,8
2025-10-15,Paid Search,Tablet,70,60,158,0.672,208.2,0
2025-10-15,Social,Desktop,494,381,1420,0.479,101.8,8
2025-10-15,Social,Mobile,440,339,1154,0.587,167.0,5
2025-10-15,Social,Tablet,109,95,450,0.458,177.9,1
2025-10-15,Direct,Desktop,232,178,779,0.478,77.9,4
2025-10-15,Direct,Mobile,331,265,1155,0.377,230.8,7
2025-10-15,Direct,Tablet,43,33,129,0.622,96.6,1
2025-10-15,Email,Desktop,117,88,371,0.582,181.4,0
2025-10-15,Email,Mobile,171,156,681,0.491,97.5,4
2025-10-15,Email,Tablet,21,15,40,0.532,220.7,0
2025-10-15,Referral,Desktop,76,65,296,0.435,232.8,0
2025-10-15,Referral,Mobile,109,95,482,0.507,66.7,0
2025-10-15,Referral,Tablet,18,14,41,0.558,164.1,0
2025-10-16,Organic Search,Desktop,647,591,2101,0.319,165.6,4
2025-10-16,Organic Search,Mobile,1088,869,2562,0.313,86.1,15
2025-10-16,Organic Search,Tablet,200,164,692,0.53,139.2,3
2025-10-16,Paid Search,Desktop,316,282,634,0.379,163.5,8
2025-10-16,Paid Search,Mobile,505,400,1885,0.473,175.0,12
2025-10-16,Paid Search,Tablet,53,46,187,0.488,121.5,0
2025-10-16,Social,Desktop,281,246,1060,0.395,230.7,7
2025-10-16,Social,Mobile,604,507,1471,0.311,132.7,6
2025-10-16,Social,Tablet,102,86,272,0.321,192.3,1
2025-10-16,Direct,Desktop,242,217,512,0.302,223.3,6
2025-10-16,Direct,Mobile,396,365,906,0.339,202.5,9
2025-10-16,Direct,Tablet,54,43,220,0.522,202.9,1
2025-10-16,Email,Desktop,96,80,421,0.484,175.5,2
2025-10-16,Email,Mobile,137,118,597,0.353,109.8,1
2025-10-16,Email,Tablet,21,18,47,0.334,70.7,0
2025-10-16,Referral,Desktop,94,80,184,0.628,99.4,1
2025-10-16,Referral,Mobile,134,108,294,0.673,146.3,3
2025-10-16,Referral,Tablet,19,17,79,0.457,214.3,0
2025-10-17,Organic Search,Desktop,813,728,2819,0.63,105.2,6
2025-10-17,Organic Search,Mobile,976,817,2721,0.481,108.2,23
2025-10-17,Organic Search,Tablet,136,106,443,0.605,117.9,0
2025-10-17,Paid Search,Desktop,339,319,1045,0.523,157.6,7
2025-10-17,Paid Search,Mobile,494,392,1418,0.62,75.0,14
2025-10-17,Paid Search,Tablet,65,57,189,0.416,170.2,1
2025-10-17,Social,Desktop,468,432,1187,0.391,189.8,13
2025-10-17,Social,Mobile,434,358,1532,0.675,84.8,6
2025-10-17,Social,Tablet,78,59,275,0.666,149.5,1
2025-10-17,Direct,Desktop,294,260,998,0.364,84.8,7
2025-10-17,Direct,Mobile,449,356,1453,0.514,209.4,6
2025-10-17,Direct,Tablet,45,38,90,0.675,55.2,0
2025-10-17,Email,Desktop,127,105,287,0.333,204.5,2
2025-10-17,Email,Mobile,176,132,335,0.406,73.6,3
2025-10-17,Email,Tablet,22,18,54,0.561,161.4,0
2025-10-17,Referral,Desktop,84,63,308,0.413,145.3,0
2025-10-17,Referral,Mobile,112,87,311,0.343,235.8,2
2025-10-17,Referral,Tablet,14,13,59,0.354,76.4,0
2025-10-18,Organic Search,Desktop,724,654,2094,0.398,92.7,20
2025-10-18,Organic Search,Mobile,1094,1003,4481,0.524,189.9,14
2025-10-18,Organic Search,Tablet,229,211,1016,0.577,110.4,4
2025-10-18,Paid Search,Desktop,355,307,1583,0.467,223.5,4
2025-10-18,Paid Search,Mobile,528,490,954,0.583,150.7,9
2025-10-18,Paid Search,Tablet,79,70,332,0.596,56.1,0
2025-10-18,Social,Desktop,360,280,1178,0.684,155.5,2
2025-10-18,Social,Mobile,717,660,1618,0.598,105.7,6
2025-10-18,Social,Tablet,107,101,387,0.428,46.4,1
2025-10-18,Direct,Desktop,279,255,718,0.414,127.3,3
2025-10-18,Direct,Mobile,452,425,1286,0.396,125.6,9
2025-10-18,Direct,Tablet,60,51,220,0.459,184.2,1
2025-10-18,Email,Desktop,129,110,444,0.351,156.0,0
2025-10-18,Email,Mobile,135,103,598,0.419,178.3,2
2025-10-18,Email,Tablet,29,25,100,0.639,121.2,0
2025-10-18,Referral,Desktop,92,84,301,0.676,155.0,1
2025-10-18,Referral,Mobile,119,98,327,0.467,190.0,3
2025-10-18,Referral,Tablet,24,22,95,0.348,116.3,0
2025-10-19,Organic Search,Desktop,1040,864,3971,0.398,208.1,23
2025-10-19,Organic Search,Mobile,1183,1028,2162,0.36,231.4,21
2025-10-19,Organic Search,Tablet,160,135,529,0.564,235.0,2
2025-10-19,Paid Search,Desktop,305,253,1024,0.681,144.7,5
2025-10-19,Paid Search,Mobile,435,327,856,0.546,128.0,7
2025-10-19,Paid Search,Tablet,79,64,290,0.522,81.5,0
2025-10-19,Social,Desktop,501,469,2188,0.37,79.2,8
2025-10-19,Social,Mobile,849,653,2819,0.699,203.1,25
2025-10-19,Social,Tablet,103,82,427,0.583,74.8,2
2025-10-19,Direct,Desktop,298,246,1039,0.532,214.0,3
2025-10-19,Direct,Mobile,311,270,1086,0.584,100.0,7
2025-10-19,Direct,Tablet,78,59,315,0.594,91.3,2
2025-10-19,Email,Desktop,114,102,406,0.306,226.0,1
2025-10-19,Email,Mobile,147,133,345,0.588,73.7,3
2025-10-19,Email,Tablet,27,25,76,0.304,46.7,0
2025-10-19,Referral,Desktop,98,87,328,0.534,121.4,1
2025-10-19,Referral,Mobile,116,102,431,0.696,163.1,3
2025-10-19,Referral,Tablet,18,14,60,0.405,217.1,0
2025-10-20,Organic Search,Desktop,608,548,1696,0.461,47.9,17
2025-10-20,Organic Search,Mobile,968,843,3040,0.591,84.6,24
2025-10-20,Organic Search,Tablet,167,135,636,0.409,84.1,3
2025-10-20,Paid Search,Desktop,308,242,1244,0.39,166.2,7
2025-10-20,Paid Search,Mobile,357,307,1089,0.481,223.9,2
2025-10-20,Paid Search,Tablet,63,48,219,0.306,130.1,0
2025-10-20,Social,Desktop,368,312,1416,0.604,122.6,2
2025-10-20,Social,Mobile,590,469,1236,0.301,216.9,4
2025-10-20,Social,Tablet,90,68,198,0.449,182.8,2
2025-10-20,Direct,Desktop,318,299,814,0.616,203.3,9
2025-10-20,Direct,Mobile,365,281,1201,0.667,96.8,2
2025-10-20,Direct,Tablet,64,60,225,0.686,193.7,0
2025-10-20,Email,Desktop,107,85,215,0.396,223.4,2
2025-10-20,Email,Mobile,137,114,488,0.406,232.4,2
2025-10-20,Email,Tablet,17,12,31,0.587,48.1,0
2025-10-20,Referral,Desktop,83,68,214,0.56,107.6,2
2025-10-20,Referral,Mobile,118,97,456,0.682,78.4,2
2025-10-20,Referral,Tablet,19,17,38,0.358,101.9,0
2025-10-21,Organic Search,Desktop,586,536,1246,0.349,86.5,10
2025-10-21,Organic Search,Mobile,999,938,2177,0.651,109.6,25
2025-10-21,Organic Search,Tablet,190,167,479,0.354,238.8,4
2025-10-21,Paid Search,Desktop,405,308,1821,0.632,146.1,3
2025-10-21,Paid Search,Mobile,362,312,1122,0.404,231.8,10
2025-10-21,Paid Search,Tablet,80,72,220,0.458,113.0,0
2025-10-21,Social,Desktop,315,247,1078,0.604,175.8,3
2025-10-21,Social,Mobile,532,427,2108,0.568,168.5,2
2025-10-21,Social,Tablet,66,52,207,0.441,224.3,0
2025-10-21,Direct,Desktop,320,257,608,0.503,150.5,8
2025-10-21,Direct,Mobile,422,321,1808,0.308,48.9,5
2025-10-21,Direct,Tablet,54,47,183,0.691,198.7,0
2025-10-21,Email,Desktop,112,99,448,0.429,187.8,2
2025-10-21,Email,Mobile,152,114,491,0.457,137.5,1
2025-10-21,Email,Tablet,27,24,58,0.349,77.1,0
2025-10-21,Referral,Desktop,75,63,297,0.57,133.8,2
2025-10-21,Referral,Mobile,145,112,308,0.664,219.3,2
2025-10-21,Referral,Tablet,17,15,64,0.699,72.5,0
2025-10-22,Organic Search,Desktop,778,664,1611,0.649,205.1,23
2025-10-22,Organic Search,Mobile,882,756,3670,0.493,153.5,8
2025-10-22,Organic Search,Tablet,189,172,579,0.361,48.0,1
2025-10-22,Paid Search,Desktop,358,310,1164,0.496,50.3,5
2025-10-22,Paid Search,Mobile,464,419,1193,0.343,58.1,2
2025-10-22,Paid Search,Tablet,58,51,162,0.53,108.6,0
2025-10-22,Social,Desktop,361,322,746,0.376,49.2,9
2025-10-22,Social,Mobile,439,365,1136,0.478,54.2,8
2025-10-22,Social,Tablet,73,67,266,0.438,140.2,1
2025-10-22,Direct,Desktop,276,236,1147,0.318,231.6,3
2025-10-22,Direct,Mobile,292,255,678,0.55,185.8,2
2025-10-22,Direct,Tablet,46,35,97,0.33,91.7,1
2025-10-22,Email,Desktop,111,95,306,0.621,100.0,2
2025-10-22,Email,Mobile,124,95,525,0.38,176.2,1
2025-10-22,Email,Tablet,26,24,99,0.379,141.4,0
2025-10-22,Referral,Desktop,77,68,159,0.47,205.9,1
2025-10-22,Referral,Mobile,113,86,479,0.524,159.2,2
2025-10-22,Referral,Tablet,19,17,65,0.565,113.0,0
2025-10-23,Organic Search,Desktop,818,699,1807,0.377,111.5,6
2025-10-23,Organic Search,Mobile,812,614,2010,0.501,179.7,14
2025-10-23,Organic Search,Tablet,159,122,473,0.65,79.7,3
2025-10-23,Paid Search,Desktop,331,285,902,0.355,227.1,8
2025-10-23,Paid Search,Mobile,426,396,1861,0.358,227.4,5
2025-10-23,Paid Search,Tablet,67,53,180,0.622,212.2,0
2025-10-23,Social,Desktop,458,365,1805,0.342,185.8,12
2025-10-23,Social,Mobile,475,417,1079,0.458,143.2,6
2025-10-23,Social,Tablet,94,71,265,0.356,235.9,1
2025-10-23,Direct,Desktop,288,250,932,0.574,209.7,2
2025-10-23,Direct,Mobile,269,213,759,0.459,60.3,6
2025-10-23,Direct,Tablet,54,46,114,0.668,118.1,0
2025-10-23,Email,Desktop,127,118,545,0.52,207.8,0
2025-10-23,Email,Mobile,156,132,654,0.694,140.4,0
2025-10-23,Email,Tablet,23,19,71,0.41,48.0,0
2025-10-23,Referral,Desktop,95,78,187,0.689,124.2,0
2025-10-23,Referral,Mobile,115,91,505,0.495,128.5,1
2025-10-23,Referral,Tablet,13,9,45,0.678,198.1,0
2025-10-24,Organic Search,Desktop,738,569,3314,0.512,133.8,16
2025-10-24,Organic Search,Mobile,924,818,3501,0.465,80.0,14
2025-10-24,Organic Search,Tablet,170,128,402,0.47,140.3,4
2025-10-24,Paid Search,Desktop,289,231,544,0.433,119.4,8
2025-10-24,Paid Search,Mobile,433,365,1152,0.449,158.1,9
2025-10-24,Paid Search,Tablet,64,57,233,0.378,105.7,0
2025-10-24,Social,Desktop,402,317,1683,0.618,72.7,11
2025-10-24,Social,Mobile,585,483,1410,0.685,222.2,4
2025-10-24,Social,Tablet,92,71,408,0.674,86.4,0
2025-10-24,Direct,Desktop,314,291,1361,0.399,214.5,8
2025-10-24,Direct,Mobile,350,328,920,0.604,117.3,8
2025-10-24,Direct,Tablet,57,53,145,0.642,192.1,1
2025-10-24,Email,Desktop,107,81,458,0.343,61.3,2
2025-10-24,Email,Mobile,126,97,379,0.383,135.8,3
2025-10-24,Email,Tablet,29,22,76,0.4,189.0,0
2025-10-24,Referral,Desktop,82,74,334,0.508,64.7,1
2025-10-24,Referral,Mobile,117,93,287,0.336,125.8,3
2025-10-24,Referral,Tablet,22,20,73,0.515,183.7,0
2025-10-25,Organic Search,Desktop,902,741,2777,0.6,51.7,14
2025-10-25,Organic Search,Mobile,1232,1112,4864,0.534,235.0,9
2025-10-25,Organic Search,Tablet,203,189,798,0.397,154.7,3
2025-10-25,Paid Search,Desktop,404,363,1005,0.491,114.7,9
2025-10-25,Paid Search,Mobile,460,410,872,0.319,209.5,4
2025-10-25,Paid Search,Tablet,78,70,177,0.643,107.5,1
2025-10-25,Social,Desktop,419,354,979,0.697,126.7,11
2025-10-25,Social,Mobile,616,579,2424,0.379,142.6,17
2025-10-25,Social,Tablet,92,86,306,0.452,108.7,1
2025-10-25,Direct,Desktop,339,282,1462,0.572,55.1,5
2025-10-25,Direct,Mobile,466,365,1586,0.668,237.4,12
2025-10-25,Direct,Tablet,57,48,172,0.668,65.2,1
2025-10-25,Email,Desktop,109,82,429,0.578,232.6,2
2025-10-25,Email,Mobile,208,162,929,0.376,55.6,5
2025-10-25,Email,Tablet,22,18,54,0.473,71.1,0
2025-10-25,Referral,Desktop,117,95,498,0.332,212.6,2
2025-10-25,Referral,Mobile,128,100,414,0.554,190.4,3
2025-10-25,Referral,Tablet,16,14,30,0.583,163.6,0
2025-10-26,Organic Search,Desktop,691,543,1752,0.552,124.6,5
2025-10-26,Organic Search,Mobile,1254,973,4093,0.367,177.6,22
2025-10-26,Organic Search,Tablet,177,145,382,0.369,126.1,3
2025-10-26,Paid Search,Desktop,342,272,1529,0.602,138.1,9
2025-10-26,Paid Search,Mobile,480,364,998,0.533,124.2,13
2025-10-26,Paid Search,Tablet,66,59,155,0.328,72.2,0
2025-10-26,Social,Desktop,398,334,995,0.629,90.0,8
2025-10-26,Social,Mobile,566,500,1814,0.405,236.0,3
2025-10-26,Social,Tablet,82,74,163,0.541,80.6,0
2025-10-26,Direct,Desktop,303,282,717,0.351,226.7,6
2025-10-26,Direct,Mobile,449,354,1542,0.672,212.9,6
2025-10-26,Direct,Tablet,67,55,168,0.436,202.2,0
2025-10-26,Email,Desktop,121,102,529,0.551,185.9,0
2025-10-26,Email,Mobile,150,136,359,0.664,225.9,1
2025-10-26,Email,Tablet,26,22,100,0.44,178.9,0
2025-10-26,Referral,Desktop,111,83,239,0.52,113.5,2
2025-10-26,Referral,Mobile,111,94,425,0.405,156.5,2
2025-10-26,Referral,Tablet,21,17,64,0.345,129.2,0
2025-10-27,Organic Search,Desktop,875,730,2376,0.469,73.8,22
2025-10-27,Organic Search,Mobile,1086,928,3142,0.609,104.3,28
2025-10-27,Organic Search,Tablet,162,124,543,0.518,201.9,3
2025-10-27,Paid Search,Desktop,320,294,1032,0.54,121.5,4
2025-10-27,Paid Search,Mobile,379,296,844,0.565,89.7,3
2025-10-27,Paid Search,Tablet,78,62,185,0.678,180.6,0
2025-10-27,Social,Desktop,476,435,1073,0.553,171.8,13
2025-10-27,Social,Mobile,395,330,1742,0.363,140.2,9
2025-10-27,Social,Tablet,81,71,347,0.373,114.0,1
2025-10-27,Direct,Desktop,250,211,531,0.47,116.9,5
2025-10-27,Direct,Mobile,364,274,1458,0.483,76.3,7
2025-10-27,Direct,Tablet,47,43,130,0.309,123.8,0
2025-10-27,Email,Desktop,120,102,507,0.429,166.7,3
2025-10-27,Email,Mobile,151,135,647,0.572,215.5,2
2025-10-27,Email,Tablet,22,20,98,0.677,201.9,0
2025-10-27,Referral,Desktop,93,84,215,0.657,191.3,0
2025-10-27,Referral,Mobile,141,121,417,0.554,215.1,3
2025-10-27,Referral,Tablet,22,20,78,0.596,185.8,0
2025-10-28,Organic Search,Desktop,677,605,2575,0.31,66.1,14
2025-10-28,Organic Search,Mobile,1074,976,3755,0.465,96.4,31
2025-10-28,Organic Search,Tablet,130,97,507,0.485,209.0,3
2025-10-28,Paid Search,Desktop,359,307,1384,0.598,219.6,8
2025-10-28,Paid Search,Mobile,392,369,1413,0.531,133.1,3
2025-10-28,Paid Search,Tablet,70,52,163,0.64,238.5,0
2025-10-28,Social,Desktop,441,331,1315,0.529,108.7,12
2025-10-28,Social,Mobile,582,519,1778,0.569,93.6,12
2025-10-28,Social,Tablet,79,64,145,0.312,72.7,0
2025-10-28,Direct,Desktop,284,243,592,0.421,190.8,4
2025-10-28,Direct,Mobile,345,312,1415,0.389,113.9,6
2025-10-28,Direct,Tablet,56,48,140,0.545,108.0,0
2025-10-28,Email,Desktop,118,90,517,0.479,101.5,2
2025-10-28,Email,Mobile,142,122,286,0.523,218.7,2
2025-10-28,Email,Tablet,20,16,73,0.448,211.1,0
2025-10-28,Referral,Desktop,74,58,303,0.538,205.2,2
2025-10-28,Referral,Mobile,137,115,310,0.386,99.3,1
2025-10-28,Referral,Tablet,15,12,40,0.514,139.0,0
2025-10-29,Organic Search,Desktop,813,751,2427,0.449,89.6,9
2025-10-29,Organic Search,Mobile,893,808,2587,0.566,75.1,25
2025-10-29,Organic Search,Tablet,162,150,636,0.675,132.9,4
2025-10-29,Paid Search,Desktop,248,190,963,0.553,112.6,2
2025-10-29,Paid Search,Mobile,391,318,1723,0.606,107.1,8
2025-10-29,Paid Search,Tablet,69,57,310,0.336,205.0,1
2025-10-29,Social,Desktop,389,293,1555,0.682,170.0,2
2025-10-29,Social,Mobile,479,381,1968,0.653,114.2,7
2025-10-29,Social,Tablet,84,65,326,0.505,64.9,0
2025-10-29,Direct,Desktop,296,257,1153,0.325,57.2,5
2025-10-29,Direct,Mobile,299,245,1016,0.348,82.0,2
2025-10-29,Direct,Tablet,61,52,135,0.37,73.2,0
2025-10-29,Email,Desktop,104,79,309,0.442,84.2,2
2025-10-29,Email,Mobile,162,134,670,0.331,150.2,2
2025-10-29,Email,Tablet,19,17,84,0.365,102.4,0
2025-10-29,Referral,Desktop,97,83,247,0.571,125.0,1
2025-10-29,Referral,Mobile,95,76,412,0.577,127.7,0
2025-10-29,Referral,Tablet,16,14,66,0.592,162.2,0
2025-10-30,Organic Search,Desktop,773,605,2763,0.648,144.2,9
2025-10-30,Organic Search,Mobile,878,676,3806,0.497,76.7,8
2025-10-30,Organic Search,Tablet,150,130,397,0.64,201.1,3
2025-10-30,Paid Search,Desktop,312,279,713,0.351,204.1,7
2025-10-30,Paid Search,Mobile,419,314,1301,0.506,154.4,6
2025-10-30,Paid Search,Tablet,65,59,287,0.475,171.3,0
2025-10-30,Social,Desktop,401,366,1631,0.376,186.1,4
2025-10-30,Social,Mobile,481,385,940,0.491,136.5,3
2025-10-30,Social,Tablet,89,83,382,0.676,126.5,0
2025-10-30,Direct,Desktop,320,254,1074,0.455,173.6,6
2025-10-30,Direct,Mobile,329,276,1172,0.366,55.1,4
2025-10-30,Direct,Tablet,65,49,261,0.568,174.6,0
2025-10-30,Email,Desktop,113,97,350,0.629,209.9,2
2025-10-30,Email,Mobile,124,114,454,0.696,217.8,2
2025-10-30,Email,Tablet,18,16,72,0.391,73.7,0
2025-10-30,Referral,Desktop,103,96,257,0.678,108.3,1
2025-10-30,Referral,Mobile,142,129,275,0.507,111.4,3
2025-10-30,Referral,Tablet,17,16,33,0.68,77.2,0
2025-10-31,Organic Search,Desktop,684,514,2003,0.673,195.8,18
2025-10-31,Organic Search,Mobile,1128,873,4350,0.511,214.8,33
2025-10-31,Organic Search,Tablet,187,169,417,0.448,130.9,4
2025-10-31,Paid Search,Desktop,230,177,619,0.512,66.4,5
2025-10-31,Paid Search,Mobile,516,387,1414,0.553,95.6,7
2025-10-31,Paid Search,Tablet,69,56,157,0.586,92.6,0
2025-10-31,Social,Desktop,453,382,1970,0.687,207.6,8
2025-10-31,Social,Mobile,534,457,2285,0.553,236.6,7
2025-10-31,Social,Tablet,79,73,183,0.621,110.4,0
2025-10-31,Direct,Desktop,318,244,813,0.325,80.5,5
2025-10-31,Direct,Mobile,349,312,945,0.544,214.9,8
2025-10-31,Direct,Tablet,54,49,165,0.483,202.3,0
2025-10-31,Email,Desktop,119,92,348,0.588,177.0,0
2025-10-31,Email,Mobile,147,137,585,0.329,216.3,2
2025-10-31,Email,Tablet,18,16,44,0.457,168.7,0
2025-10-31,Referral,Desktop,75,62,166,0.409,86.2,1
2025-10-31,Referral,Mobile,104,86,465,0.524,144.0,0
2025-10-31,Referral,Tablet,21,16,70,0.666,93.6,0
2025-11-01,Organic Search,Desktop,1074,808,2775,0.376,92.3,7
2025-11-01,Organic Search,Mobile,1537,1323,3871,0.659,216.0,40
2025-11-01,Organic Search,Tablet,198,183,459,0.601,157.3,2
2025-11-01,Paid Search,Desktop,427,336,1125,0.453,236.1,5
2025-11-01,Paid Search,Mobile,575,463,2466,0.698,113.5,16
2025-11-01,Paid Search,Tablet,91,81,208,0.691,131.9,0
2025-11-01,Social,Desktop,590,453,1857,0.612,171.8,13
2025-11-01,Social,Mobile,640,565,1851,0.589,223.7,6
2025-11-01,Social,Tablet,106,80,421,0.616,81.3,1
2025-11-01,Direct,Desktop,345,270,888,0.627,232.6,6
2025-11-01,Direct,Mobile,445,372,895,0.687,138.5,5
2025-11-01,Direct,Tablet,77,62,285,0.448,55.1,0
2025-11-01,Email,Desktop,157,132,681,0.372,77.6,2
2025-11-01,Email,Mobile,162,133,684,0.643,213.1,2
2025-11-01,Email,Tablet,28,25,61,0.539,79.8,0
2025-11-01,Referral,Desktop,137,115,446,0.34,145.8,1
2025-11-01,Referral,Mobile,140,110,603,0.653,167.3,2
2025-11-01,Referral,Tablet,27,25,50,0.412,174.6,0
2025-11-02,Organic Search,Desktop,950,866,2916,0.355,83.0,14
2025-11-02,Organic Search,Mobile,1559,1438,6668,0.423,183.6,39
2025-11-02,Organic Search,Tablet,193,170,523,0.648,195.4,1
2025-11-02,Paid Search,Desktop,389,298,753,0.37,212.2,7
2025-11-02,Paid Search,Mobile,511,410,2117,0.609,202.8,8
2025-11-02,Paid Search,Tablet,79,69,186,0.381,116.4,1
2025-11-02,Social,Desktop,504,424,2095,0.475,180.2,10
2025-11-02,Social,Mobile,608,575,1875,0.694,54.5,9
2025-11-02,Social,Tablet,114,91,457,0.689,125.8,1
2025-11-02,Direct,Desktop,348,295,1414,0.625,210.4,10
2025-11-02,Direct,Mobile,511,469,1011,0.619,199.3,10
2025-11-02,Direct,Tablet,69,58,251,0.387,111.2,0
2025-11-02,Email,Desktop,170,154,393,0.535,95.6,1
2025-11-02,Email,Mobile,195,167,634,0.561,54.0,5
2025-11-02,Email,Tablet,30,27,118,0.594,104.3,0
2025-11-02,Referral,Desktop,116,97,444,0.538,225.5,1
2025-11-02,Referral,Mobile,177,152,347,0.633,199.0,3
2025-11-02,Referral,Tablet,22,19,82,0.398,102.7,0
2025-11-03,Organic Search,Desktop,1002,881,3506,0.383,214.8,10
2025-11-03,Organic Search,Mobile,1340,1253,4143,0.494,209.9,39
2025-11-03,Organic Search,Tablet,214,177,767,0.679,182.1,6
2025-11-03,Paid Search,Desktop,412,379,915,0.678,67.1,4
2025-11-03,Paid Search,Mobile,543,509,1711,0.339,203.4,7
2025-11-03,Paid Search,Tablet,81,73,264,0.499,167.1,0
2025-11-03,Social,Desktop,511,437,1458,0.304,106.1,12
2025-11-03,Social,Mobile,673,554,1498,0.593,58.8,6
2025-11-03,Social,Tablet,85,79,194,0.567,184.8,0
2025-11-03,Direct,Desktop,322,254,599,0.545,54.9,3
2025-11-03,Direct,Mobile,401,372,1484,0.397,192.6,11
2025-11-03,Direct,Tablet,60,54,129,0.63,88.8,1
2025-11-03,Email,Desktop,106,91,210,0.625,115.8,0
2025-11-03,Email,Mobile,175,157,749,0.415,192.0,3
2025-11-03,Email,Tablet,27,21,76,0.647,236.7,0
2025-11-03,Referral,Desktop,98,74,199,0.363,180.4,1
2025-11-03,Referral,Mobile,149,122,392,0.485,102.0,3
2025-11-03,Referral,Tablet,20,16,53,0.329,48.2,0
2025-11-04,Organic Search,Desktop,1162,1069,2925,0.599,144.7,13
2025-11-04,Organic Search,Mobile,1228,1046,4178,0.664,188.5,6
2025-11-04,Organic Search,Tablet,235,178,937,0.59,194.2,2
2025-11-04,Paid Search,Desktop,385,322,858,0.417,82.9,2
2025-11-04,Paid Search,Mobile,427,323,1396,0.665,201.2,6
2025-11-04,Paid Search,Tablet,74,62,171,0.522,101.1,1
2025-11-04,Social,Desktop,536,501,1957,0.613,175.0,15
2025-11-04,Social,Mobile,738,642,2883,0.408,69.0,21
2025-11-04,Social,Tablet,95,89,254,0.464,66.5,0
2025-11-04,Direct,Desktop,322,270,807,0.308,205.5,7
2025-11-04,Direct,Mobile,381,300,1030,0.353,88.9,7
2025-11-04,Direct,Tablet,59,55,197,0.367,177.4,0
2025-11-04,Email,Desktop,141,133,282,0.624,88.1,2
2025-11-04,Email,Mobile,135,118,520,0.61,132.7,2
2025-11-04,Email,Tablet,23,18,46,0.55,92.9,0
2025-11-04,Referral,Desktop,99,80,313,0.643,236.2,2
2025-11-04,Referral,Mobile,144,117,456,0.632,208.6,2
2025-11-04,Referral,Tablet,23,21,51,0.615,133.5,0
2025-11-05,Organic Search,Desktop,820,660,2625,0.428,75.3,21
2025-11-05,Organic Search,Mobile,1291,1004,4797,0.317,125.6,36
2025-11-05,Organic Search,Tablet,215,173,733,0.332,197.1,4
2025-11-05,Paid Search,Desktop,386,309,1333,0.683,220.7,6
2025-11-05,Paid Search,Mobile,510,418,2135,0.444,56.6,14
2025-11-05,Paid Search,Tablet,91,77,325,0.329,48.3,1
2025-11-05,Social,Desktop,639,554,2370,0.637,56.6,14
2025-11-05,Social,Mobile,586,459,2603,0.393,47.9,13
2025-11-05,Social,Tablet,106,85,314,0.692,219.6,0
2025-11-05,Direct,Desktop,316,251,1081,0.518,149.0,7
2025-11-05,Direct,Mobile,417,343,1492,0.534,51.8,9
2025-11-05,Direct,Tablet,62,55,164,0.613,178.7,1
2025-11-05,Email,Desktop,122,104,311,0.315,90.0,1
2025-11-05,Email,Mobile,164,148,300,0.384,56.0,4
2025-11-05,Email,Tablet,23,17,92,0.525,131.5,0
2025-11-05,Referral,Desktop,121,103,353,0.493,218.1,2
2025-11-05,Referral,Mobile,141,114,589,0.604,192.1,3
2025-11-05,Referral,Tablet,21,15,85,0.325,211.2,0
2025-11-06,Organic Search,Desktop,796,687,1887,0.556,211.6,12
2025-11-06,Organic Search,Mobile,1030,874,4398,0.637,100.7,16
2025-11-06,Organic Search,Tablet,162,127,632,0.472,188.7,0
2025-11-06,Paid Search,Desktop,412,364,1541,0.694,97.9,3
2025-11-06,Paid Search,Mobile,549,488,1416,0.362,205.9,10
2025-11-06,Paid Search,Tablet,73,69,207,0.65,130.4,0
2025-11-06,Social,Desktop,630,542,1773,0.597,48.5,12
2025-11-06,Social,Mobile,506,471,2026,0.599,213.8,14
2025-11-06,Social,Tablet,76,68,179,0.477,180.5,1
2025-11-06,Direct,Desktop,361,303,1296,0.542,99.0,6
2025-11-06,Direct,Mobile,453,422,1169,0.394,208.6,2
2025-11-06,Direct,Tablet,79,63,236,0.327,228.9,2
2025-11-06,Email,Desktop,132,123,386,0.595,102.5,1
2025-11-06,Email,Mobile,216,186,865,0.672,150.6,5
2025-11-06,Email,Tablet,29,24,93,0.365,197.3,0
2025-11-06,Referral,Desktop,112,101,292,0.482,66.1,2
2025-11-06,Referral,Mobile,145,119,279,0.351,117.5,3
2025-11-06,Referral,Tablet,20,16,57,0.666,89.2,0
2025-11-07,Organic Search,Desktop,911,762,2233,0.5,150.2,26
2025-11-07,Organic Search,Mobile,1219,1043,3500,0.402,119.1,29
2025-11-07,Organic Search,Tablet,179,160,609,0.6,177.1,0
2025-11-07,Paid Search,Desktop,453,416,1095,0.514,189.6,3
2025-11-07,Paid Search,Mobile,553,440,1976,0.533,110.5,4
2025-11-07,Paid Search,Tablet,76,61,256,0.311,75.7,2
2025-11-07,Social,Desktop,481,428,1797,0.59,238.1,12
2025-11-07,Social,Mobile,416,375,1833,0.468,80.1,11
2025-11-07,Social,Tablet,113,101,230,0.473,219.8,3
2025-11-07,Direct,Desktop,343,294,673,0.67,113.4,10
2025-11-07,Direct,Mobile,377,290,1515,0.321,113.9,7
2025-11-07,Direct,Tablet,64,59,172,0.635,79.5,0
2025-11-07,Email,Desktop,134,112,381,0.663,216.4,1
2025-11-07,Email,Mobile,129,119,438,0.675,200.6,2
2025-11-07,Email,Tablet,28,25,52,0.697,218.3,0
2025-11-07,Referral,Desktop,122,114,386,0.308,115.8,2
2025-11-07,Referral,Mobile,151,121,520,0.445,58.7,2
2025-11-07,Referral,Tablet,20,18,61,0.47,91.8,0
2025-11-08,Organic Search,Desktop,1253,1075,5031,0.481,95.0,35
2025-11-08,Organic Search,Mobile,1564,1444,4124,0.531,171.4,14
2025-11-08,Organic Search,Tablet,233,206,598,0.629,81.4,6
2025-11-08,Paid Search,Desktop,379,349,819,0.334,150.2,10
2025-11-08,Paid Search,Mobile,600,558,1713,0.353,203.9,9
2025-11-08,Paid Search,Tablet,75,68,262,0.64,54.1,0
2025-11-08,Social,Desktop,528,493,2205,0.305,92.1,15
2025-11-08,Social,Mobile,736,661,2761,0.43,77.2,13
2025-11-08,Social,Tablet,123,107,494,0.458,117.4,1
2025-11-08,Direct,Desktop,297,267,1149,0.62,224.8,5
2025-11-08,Direct,Mobile,461,413,1520,0.669,200.1,5
2025-11-08,Direct,Tablet,81,65,160,0.505,70.1,1
2025-11-08,Email,Desktop,149,117,405,0.515,106.5,3
2025-11-08,Email,Mobile,195,171,730,0.35,222.9,1
2025-11-08,Email,Tablet,31,28,102,0.449,55.3,0
2025-11-08,Referral,Desktop,122,113,493,0.307,146.1,2
2025-11-08,Referral,Mobile,171,157,362,0.394,198.1,4
2025-11-08,Referral,Tablet,27,21,51,0.511,136.9,0
2025-11-09,Organic Search,Desktop,971,854,2495,0.331,219.5,16
2025-11-09,Organic Search,Mobile,1434,1276,5898,0.427,108.8,34
2025-11-09,Organic Search,Tablet,217,173,425,0.561,172.3,5
2025-11-09,Paid Search,Desktop,382,336,1101,0.586,165.0,2
2025-11-09,Paid Search,Mobile,617,582,1912,0.603,88.8,10
2025-11-09,Paid Search,Tablet,99,88,430,0.508,138.7,1
2025-11-09,Social,Desktop,613,513,1521,0.317,157.4,4
2025-11-09,Social,Mobile,541,494,1691,0.446,115.1,8
2025-11-09,Social,Tablet,94,82,179,0.581,145.5,0
2025-11-09,Direct,Desktop,343,299,1074,0.586,184.6,3
2025-11-09,Direct,Mobile,442,335,1886,0.663,239.1,7
2025-11-09,Direct,Tablet,62,50,177,0.65,112.2,0
2025-11-09,Email,Desktop,156,119,658,0.59,151.9,1
2025-11-09,Email,Mobile,202,161,682,0.517,154.7,4
2025-11-09,Email,Tablet,31,24,122,0.635,86.6,0
2025-11-09,Referral,Desktop,118,92,512,0.494,78.7,1
2025-11-09,Referral,Mobile,142,126,517,0.546,187.1,3
2025-11-09,Referral,Tablet,26,23,110,0.697,173.3,0
2025-11-10,Organic Search,Desktop,1031,952,3321,0.546,201.7,16
2025-11-10,Organic Search,Mobile,1203,1091,2734,0.631,133.0,10
2025-11-10,Organic Search,Tablet,192,153,523,0.657,81.5,2
2025-11-10,Paid Search,Desktop,353,318,878,0.471,218.1,7
2025-11-10,Paid Search,Mobile,444,377,1919,0.647,177.8,6
2025-11-10,Paid Search,Tablet,75,59,192,0.362,124.1,1
2025-11-10,Social,Desktop,457,388,987,0.4,152.0,11
2025-11-10,Social,Mobile,650,557,1763,0.595,235.7,10
2025-11-10,Social,Tablet,89,84,225,0.331,189.2,1
2025-11-10,Direct,Desktop,323,252,806,0.42,205.7,8
2025-11-10,Direct,Mobile,405,352,1473,0.37,133.7,9
2025-11-10,Direct,Tablet,68,51,252,0.513,206.8,1
2025-11-10,Email,Desktop,133,99,596,0.368,178.5,2
2025-11-10,Email,Mobile,158,128,450,0.694,96.5,2
2025-11-10,Email,Tablet,25,19,101,0.457,205.7,0
2025-11-10,Referral,Desktop,105,83,457,0.589,136.4,0
2025-11-10,Referral,Mobile,168,132,342,0.569,83.6,1
2025-11-10,Referral,Tablet,22,16,71,0.558,235.5,0
2025-11-11,Organic Search,Desktop,1116,1001,2606,0.663,64.5,5
2025-11-11,Organic Search,Mobile,1098,925,3780,0.52,104.7,5
2025-11-11,Organic Search,Tablet,230,216,857,0.603,227.3,4
2025-11-11,Paid Search,Desktop,384,300,1365,0.599,64.6,2
2025-11-11,Paid Search,Mobile,581,482,1882,0.583,64.1,5
2025-11-11,Paid Search,Tablet,87,79,315,0.429,141.7,0
2025-11-11,Social,Desktop,488,462,985,0.536,199.1,13
2025-11-11,Social,Mobile,723,657,2930,0.496,156.4,16
2025-11-11,Social,Tablet,98,90,355,0.603,165.9,2
2025-11-11,Direct,Desktop,299,258,1140,0.497,194.1,8
2025-11-11,Direct,Mobile,379,329,1109,0.624,238.7,9
2025-11-11,Direct,Tablet,70,63,233,0.346,85.4,1
2025-11-11,Email,Desktop,131,103,382,0.637,68.3,1
2025-11-11,Email,Mobile,185,171,542,0.486,231.6,2
2025-11-11,Email,Tablet,20,17,76,0.53,226.1,0
2025-11-11,Referral,Desktop,98,74,377,0.447,158.7,2
2025-11-11,Referral,Mobile,146,129,440,0.69,197.5,1
2025-11-11,Referral,Tablet,24,22,52,0.619,56.7,0
2025-11-12,Organic Search,Desktop,828,739,3684,0.61,174.8,10
2025-11-12,Organic Search,Mobile,1127,947,4171,0.429,78.4,13
2025-11-12,Organic Search,Tablet,209,186,645,0.317,144.9,4
2025-11-12,Paid Search,Desktop,394,349,1557,0.367,224.1,10
2025-11-12,Paid Search,Mobile,542,506,1312,0.323,207.0,6
2025-11-12,Paid Search,Tablet,87,77,313,0.617,103.8,2
2025-11-12,Social,Desktop,440,359,1633,0.512,140.1,11
2025-11-12,Social,Mobile,637,524,2559,0.421,155.7,13
2025-11-12,Social,Tablet,98,93,380,0.651,235.8,2
2025-11-12,Direct,Desktop,314,241,1131,0.42,105.9,6
2025-11-12,Direct,Mobile,424,335,1374,0.612,179.1,9
2025-11-12,Direct,Tablet,61,57,260,0.437,145.6,1
2025-11-12,Email,Desktop,129,104,507,0.607,222.9,2
2025-11-12,Email,Mobile,165,153,692,0.366,226.3,1
2025-11-12,Email,Tablet,28,26,78,0.507,173.6,0
2025-11-12,Referral,Desktop,102,90,412,0.346,145.1,2
2025-11-12,Referral,Mobile,133,126,574,0.575,76.3,3
2025-11-12,Referral,Tablet,21,16,78,0.502,213.2,0
2025-11-13,Organic Search,Desktop,986,784,2218,0.677,182.5,24
2025-11-13,Organic Search,Mobile,1299,1230,3349,0.359,191.8,18
2025-11-13,Organic Search,Tablet,193,171,811,0.399,213.3,5
2025-11-13,Paid Search,Desktop,421,395,1223,0.649,84.6,3
2025-11-13,Paid Search,Mobile,386,305,1601,0.314,229.3,2
2025-11-13,Paid Search,Tablet,72,64,292,0.599,173.5,2
2025-11-13,Social,Desktop,478,365,1154,0.596,74.9,8
2025-11-13,Social,Mobile,687,561,1950,0.482,165.3,20
2025-11-13,Social,Tablet,93,81,267,0.681,215.5,1
2025-11-13,Direct,Desktop,282,266,632,0.344,117.6,5
2025-11-13,Direct,Mobile,429,336,1338,0.411,234.9,3
2025-11-13,Direct,Tablet,64,50,245,0.476,126.7,1
2025-11-13,Email,Desktop,149,112,456,0.455,228.3,3
2025-11-13,Email,Mobile,162,146,451,0.429,141.2,1
2025-11-13,Email,Tablet,26,23,62,0.644,100.6,0
2025-11-13,Referral,Desktop,94,71,336,0.464,169.2,1
2025-11-13,Referral,Mobile,134,122,347,0.56,238.9,0
2025-11-13,Referral,Tablet,21,18,56,0.599,93.6,0
2025-11-14,Organic Search,Desktop,1237,949,2693,0.319,221.4,11
2025-11-14,Organic Search,Mobile,1388,1254,5663,0.671,106.5,12
2025-11-14,Organic Search,Tablet,238,213,592,0.43,223.2,2
2025-11-14,Paid Search,Desktop,396,343,1593,0.469,159.1,3
2025-11-14,Paid Search,Mobile,419,337,1636,0.386,61.9,2
2025-11-14,Paid Search,Tablet,69,53,162,0.317,67.2,1
2025-11-14,Social,Desktop,603,569,1284,0.672,110.9,11
2025-11-14,Social,Mobile,776,706,2400,0.635,235.2,13
2025-11-14,Social,Tablet,104,91,366,0.544,69.5,1
2025-11-14,Direct,Desktop,293,229,937,0.595,80.3,2
2025-11-14,Direct,Mobile,330,281,832,0.555,181.9,3
2025-11-14,Direct,Tablet,73,67,315,0.612,105.5,1
2025-11-14,Email,Desktop,126,98,281,0.516,176.4,3
2025-11-14,Email,Mobile,165,147,388,0.495,211.6,1
2025-11-14,Email,Tablet,30,27,72,0.469,70.7,0
2025-11-14,Referral,Desktop,124,114,278,0.409,224.0,3
2025-11-14,Referral,Mobile,143,121,402,0.639,210.8,1
2025-11-14,Referral,Tablet,19,15,36,0.585,48.7,0
2025-11-15,Organic Search,Desktop,979,747,3799,0.684,142.2,18
2025-11-15,Organic Search,Mobile,1631,1510,4292,0.426,238.7,32
2025-11-15,Organic Search,Tablet,217,177,776,0.546,78.0,3
2025-11-15,Paid Search,Desktop,420,318,1575,0.383,94.2,4
2025-11-15,Paid Search,Mobile,573,446,1146,0.315,98.1,14
2025-11-15,Paid Search,Tablet,74,60,317,0.501,213.0,1
2025-11-15,Social,Desktop,587,461,1125,0.429,96.2,11
2025-11-15,Social,Mobile,689,550,1758,0.665,159.0,12
2025-11-15,Social,Tablet,96,88,289,0.519,48.4,2
2025-11-15,Direct,Desktop,308,274,786,0.67,50.9,3
2025-11-15,Direct,Mobile,444,364,1024,0.554,216.1,8
2025-11-15,Direct,Tablet,66,61,234,0.625,147.4,0
2025-11-15,Email,Desktop,176,149,771,0.509,154.8,4
2025-11-15,Email,Mobile,187,170,730,0.395,188.3,2
2025-11-15,Email,Tablet,28,24,67,0.675,56.4,0
2025-11-15,Referral,Desktop,134,109,291,0.482,92.1,1
2025-11-15,Referral,Mobile,141,122,515,0.68,113.8,1
2025-11-15,Referral,Tablet,25,20,90,0.693,235.1,0
2025-11-16,Organic Search,Desktop,1287,1129,4045,0.329,116.7,21
2025-11-16,Organic Search,Mobile,1336,1240,2441,0.452,207.5,28
2025-11-16,Organic Search,Tablet,224,192,545,0.319,228.8,6
2025-11-16,Paid Search,Desktop,482,414,1116,0.493,129.3,12
2025-11-16,Paid Search,Mobile,527,411,1813,0.541,147.9,11
2025-11-16,Paid Search,Tablet,78,70,246,0.417,129.3,1
2025-11-16,Social,Desktop,489,452,1795,0.34,55.7,7
2025-11-16,Social,Mobile,812,636,2680,0.36,129.2,4
2025-11-16,Social,Tablet,109,102,253,0.365,159.3,1
2025-11-16,Direct,Desktop,332,263,771,0.506,86.8,3
2025-11-16,Direct,Mobile,487,406,1091,0.621,80.6,6
2025-11-16,Direct,Tablet,75,63,144,0.322,89.6,0
2025-11-16,Email,Desktop,155,146,587,0.314,112.6,0
2025-11-16,Email,Mobile,180,165,390,0.518,182.3,1
2025-11-16,Email,Tablet,32,28,61,0.384,207.5,0
2025-11-16,Referral,Desktop,106,95,269,0.654,219.3,1
2025-11-16,Referral,Mobile,156,118,523,0.61,187.1,4
2025-11-16,Referral,Tablet,24,18,48,0.321,117.1,0
2025-11-17,Organic Search,Desktop,1091,841,2784,0.603,62.1,31
2025-11-17,Organic Search,Mobile,1382,1169,4520,0.61,176.2,24
2025-11-17,Organic Search,Tablet,193,164,559,0.34,56.7,5
2025-11-17,Paid Search,Desktop,310,269,1023,0.481,119.8,2
2025-11-17,Paid Search,Mobile,507,411,1425,0.335,95.6,8
2025-11-17,Paid Search,Tablet,89,68,251,0.455,55.4,1
2025-11-17,Social,Desktop,589,546,1893,0.533,200.5,6
2025-11-17,Social,Mobile,676,630,2919,0.421,218.4,8
2025-11-17,Social,Tablet,103,97,259,0.517,205.2,2
2025-11-17,Direct,Desktop,357,297,811,0.521,107.3,2
2025-11-17,Direct,Mobile,437,412,1383,0.322,114.9,7
2025-11-17,Direct,Tablet,59,55,217,0.669,209.8,1
2025-11-17,Email,Desktop,148,121,477,0.367,98.4,1
2025-11-17,Email,Mobile,171,137,606,0.327,201.6,1
2025-11-17,Email,Tablet,21,16,92,0.565,160.2,0
2025-11-17,Referral,Desktop,100,85,301,0.347,211.3,2
2025-11-17,Referral,Mobile,120,97,426,0.517,191.6,2
2025-11-17,Referral,Tablet,21,19,64,0.38,218.1,0
2025-11-18,Organic Search,Desktop,897,844,1968,0.348,218.0,9
2025-11-18,Organic Search,Mobile,1163,890,3586,0.344,99.1,21
2025-11-18,Organic Search,Tablet,245,215,744,0.681,235.9,2
2025-11-18,Paid Search,Desktop,300,268,759,0.691,195.6,8
2025-11-18,Paid Search,Mobile,448,401,1561,0.394,153.0,5
2025-11-18,Paid Search,Tablet,65,61,254,0.553,109.7,1
2025-11-18,Social,Desktop,485,410,1751,0.603,180.3,8
2025-11-18,Social,Mobile,676,516,2156,0.69,203.3,5
2025-11-18,Social,Tablet,79,72,232,0.522,71.7,1
2025-11-18,Direct,Desktop,344,276,681,0.633,185.0,8
2025-11-18,Direct,Mobile,420,326,957,0.443,126.8,7
2025-11-18,Direct,Tablet,48,44,97,0.416,73.6,0
2025-11-18,Email,Desktop,125,106,305,0.554,221.1,2
2025-11-18,Email,Mobile,199,167,783,0.578,181.7,2
2025-11-18,Email,Tablet,25,22,84,0.635,229.0,0
2025-11-18,Referral,Desktop,112,103,344,0.595,208.0,0
2025-11-18,Referral,Mobile,147,111,284,0.49,208.9,3
2025-11-18,Referral,Tablet,29,26,103,0.662,192.6,0
2025-11-19,Organic Search,Desktop,973,817,1943,0.505,146.0,10
2025-11-19,Organic Search,Mobile,1332,1086,3284,0.432,51.2,9
2025-11-19,Organic Search,Tablet,217,196,560,0.633,52.4,1
2025-11-19,Paid Search,Desktop,451,414,1347,0.537,159.6,10
2025-11-19,Paid Search,Mobile,542,438,1183,0.532,154.5,14
2025-11-19,Paid Search,Tablet,67,60,245,0.474,64.8,0
2025-11-19,Social,Desktop,379,298,1582,0.654,188.9,2
2025-11-19,Social,Mobile,576,524,1562,0.56,195.1,2
2025-11-19,Social,Tablet,94,85,242,0.406,196.4,2
2025-11-19,Direct,Desktop,377,318,1303,0.64,129.9,6
2025-11-19,Direct,Mobile,444,361,1630,0.366,122.6,3
2025-11-19,Direct,Tablet,75,68,230,0.403,178.9,0
2025-11-19,Email,Desktop,136,106,474,0.426,83.9,2
2025-11-19,Email,Mobile,179,154,520,0.516,209.4,1
2025-11-19,Email,Tablet,26,23,56,0.674,135.6,0
2025-11-19,Referral,Desktop,112,103,453,0.484,63.3,2
2025-11-19,Referral,Mobile,156,141,405,0.65,231.0,4
2025-11-19,Referral,Tablet,22,18,54,0.604,72.3,0
2025-11-20,Organic Search,Desktop,1070,866,2224,0.461,173.6,20
2025-11-20,Organic Search,Mobile,1198,1103,4968,0.336,183.9,15
2025-11-20,Organic Search,Tablet,221,204,937,0.361,180.8,5
2025-11-20,Paid Search,Desktop,374,309,1374,0.588,100.8,4
2025-11-20,Paid Search,Mobile,531,428,2175,0.446,182.6,10
2025-11-20,Paid Search,Tablet,87,71,281,0.664,142.0,1
2025-11-20,Social,Desktop,596,494,2037,0.316,110.7,5
2025-11-20,Social,Mobile,603,506,1784,0.613,218.6,8
2025-11-20,Social,Tablet,103,93,418,0.388,131.9,2
2025-11-20,Direct,Desktop,391,312,836,0.494,231.5,3
2025-11-20,Direct,Mobile,396,323,1753,0.551,122.6,6
2025-11-20,Direct,Tablet,68,55,140,0.474,159.2,0
2025-11-20,Email,Desktop,144,111,579,0.32,87.8,4
2025-11-20,Email,Mobile,137,109,478,0.361,237.4,0
2025-11-20,Email,Tablet,21,16,61,0.4,63.3,0
2025-11-20,Referral,Desktop,104,85,398,0.626,95.0,1
2025-11-20,Referral,Mobile,156,117,587,0.358,173.3,1
2025-11-20,Referral,Tablet,21,17,58,0.498,71.5,0
2025-11-21,Organic Search,Desktop,1095,884,4599,0.522,239.2,6
2025-11-21,Organic Search,Mobile,1049,934,2643,0.613,199.4,19
2025-11-21,Organic Search,Tablet,191,164,727,0.51,194.8,5
2025-11-21,Paid Search,Desktop,432,354,1187,0.387,152.7,11
2025-11-21,Paid Search,Mobile,521,487,2026,0.687,213.9,11
2025-11-21,Paid Search,Tablet,56,42,241,0.501,183.9,1
2025-11-21,Social,Desktop,535,403,1395,0.528,120.5,6
2025-11-21,Social,Mobile,590,501,1891,0.35,88.1,4
2025-11-21,Social,Tablet,113,101,423,0.376,52.1,1
2025-11-21,Direct,Desktop,302,253,1257,0.433,166.3,3
2025-11-21,Direct,Mobile,424,328,1793,0.433,225.6,6
2025-11-21,Direct,Tablet,57,46,194,0.517,92.6,0
2025-11-21,Email,Desktop,128,119,243,0.556,199.2,0
2025-11-21,Email,Mobile,199,168,586,0.549,98.7,2
2025-11-21,Email,Tablet,27,20,96,0.527,66.4,0
2025-11-21,Referral,Desktop,108,100,291,0.309,196.9,1
2025-11-21,Referral,Mobile,165,129,729,0.364,225.8,1
2025-11-21,Referral,Tablet,18,14,67,0.533,72.5,0
2025-11-22,Organic Search,Desktop,946,823,1737,0.582,223.4,16
2025-11-22,Organic Search,Mobile,1441,1125,5966,0.633,235.7,30
2025-11-22,Organic Search,Tablet,199,158,470,0.552,154.6,5
2025-11-22,Paid Search,Desktop,384,288,1474,0.467,107.5,7
2025-11-22,Paid Search,Mobile,554,514,1772,0.559,67.9,15
2025-11-22,Paid Search,Tablet,75,69,266,0.353,135.5,1
2025-11-22,Social,Desktop,559,456,1068,0.588,153.9,15
2025-11-22,Social,Mobile,774,653,2218,0.517,177.8,8
2025-11-22,Social,Tablet,108,92,263,0.361,163.5,1
2025-11-22,Direct,Desktop,381,325,1494,0.5,81.0,2
2025-11-22,Direct,Mobile,449,408,1268,0.473,201.5,7
2025-11-22,Direct,Tablet,77,66,220,0.496,72.3,1
2025-11-22,Email,Desktop,136,129,444,0.616,184.2,3
2025-11-22,Email,Mobile,158,123,434,0.465,180.5,1
2025-11-22,Email,Tablet,29,24,129,0.304,213.5,0
2025-11-22,Referral,Desktop,125,116,386,0.489,131.7,1
2025-11-22,Referral,Mobile,135,118,495,0.397,116.8,1
2025-11-22,Referral,Tablet,26,24,76,0.664,102.5,0
2025-11-23,Organic Search,Desktop,997,786,4147,0.469,175.7,28
2025-11-23,Organic Search,Mobile,1324,1100,4877,0.638,233.3,28
2025-11-23,Organic Search,Tablet,218,166,720,0.307,69.5,6
2025-11-23,Paid Search,Desktop,457,425,1421,0.314,225.7,12
2025-11-23,Paid Search,Mobile,536,503,982,0.694,239.8,12
2025-11-23,Paid Search,Tablet,80,73,301,0.617,238.6,1
2025-11-23,Social,Desktop,585,446,2383,0.414,201.8,11
2025-11-23,Social,Mobile,777,625,1850,0.689,80.9,5
2025-11-23,Social,Tablet,122,101,239,0.517,110.3,1
2025-11-23,Direct,Desktop,329,249,615,0.416,130.4,4
2025-11-23,Direct,Mobile,468,428,1439,0.361,64.6,11
2025-11-23,Direct,Tablet,70,66,130,0.507,221.9,0
2025-11-23,Email,Desktop,155,135,673,0.692,227.5,2
2025-11-23,Email,Mobile,209,193,594,0.389,107.8,1
2025-11-23,Email,Tablet,30,26,93,0.479,81.2,0
2025-11-23,Referral,Desktop,130,118,349,0.535,168.7,1
2025-11-23,Referral,Mobile,150,141,324,0.353,58.5,2
2025-11-23,Referral,Tablet,22,17,83,0.392,132.4,0
2025-11-24,Organic Search,Desktop,978,738,3434,0.361,80.5,15
2025-11-24,Organic Search,Mobile,1457,1271,5798,0.67,142.1,42
2025-11-24,Organic Search,Tablet,195,157,781,0.402,112.7,3
2025-11-24,Paid Search,Desktop,388,293,1724,0.551,165.6,3
2025-11-24,Paid Search,Mobile,560,437,1729,0.484,221.6,3
2025-11-24,Paid Search,Tablet,76,66,232,0.541,210.6,0
2025-11-24,Social,Desktop,538,472,2169,0.612,123.2,7
2025-11-24,Social,Mobile,692,522,3045,0.331,116.4,12
2025-11-24,Social,Tablet,113,102,367,0.581,168.5,3
2025-11-24,Direct,Desktop,358,321,1213,0.697,126.8,2
2025-11-24,Direct,Mobile,461,424,1613,0.634,66.0,4
2025-11-24,Direct,Tablet,77,62,299,0.39,171.1,0
2025-11-24,Email,Desktop,141,106,364,0.469,110.8,3
2025-11-24,Email,Mobile,194,162,744,0.453,72.8,3
2025-11-24,Email,Tablet,26,20,111,0.636,181.1,0
2025-11-24,Referral,Desktop,125,102,507,0.411,213.4,1
2025-11-24,Referral,Mobile,129,121,573,0.347,50.4,1
2025-11-24,Referral,Tablet,20,18,40,0.516,145.2,0
2025-11-25,Organic Search,Desktop,960,872,3205,0.664,237.3,7
2025-11-25,Organic Search,Mobile,1217,938,2682,0.34,51.9,15
2025-11-25,Organic Search,Tablet,193,172,598,0.446,146.4,1
2025-11-25,Paid Search,Desktop,266,229,539,0.647,59.9,3
2025-11-25,Paid Search,Mobile,535,484,1644,0.344,54.5,6
2025-11-25,Paid Search,Tablet,84,75,211,0.541,168.9,0
2025-11-25,Social,Desktop,559,483,2220,0.455,177.9,14
2025-11-25,Social,Mobile,637,510,2480,0.512,80.9,8
2025-11-25,Social,Tablet,111,95,347,0.564,82.0,2
2025-11-25,Direct,Desktop,319,290,1397,0.567,130.0,6
2025-11-25,Direct,Mobile,449,413,819,0.604,133.7,3
2025-11-25,Direct,Tablet,85,71,262,0.448,163.6,0
2025-11-25,Email,Desktop,109,93,258,0.339,102.0,1
2025-11-25,Email,Mobile,184,168,586,0.357,231.9,3
2025-11-25,Email,Tablet,28,25,94,0.506,167.2,0
2025-11-25,Referral,Desktop,108,85,317,0.359,228.4,2
2025-11-25,Referral,Mobile,167,146,500,0.692,84.9,1
2025-11-25,Referral,Tablet,17,15,66,0.697,163.4,0
2025-11-26,Organic Search,Desktop,1027,958,2837,0.681,108.3,11
2025-11-26,Organic Search,Mobile,1231,979,4024,0.442,61.5,8
2025-11-26,Organic Search,Tablet,208,163,536,0.318,126.1,3
2025-11-26,Paid Search,Desktop,374,303,1474,0.485,216.0,8
2025-11-26,Paid Search,Mobile,541,465,1317,0.566,74.9,4
2025-11-26,Paid Search,Tablet,72,63,318,0.321,78.1,0
2025-11-26,Social,Desktop,458,350,1555,0.441,178.2,9
2025-11-26,Social,Mobile,653,509,2519,0.44,236.7,9
2025-11-26,Social,Tablet,72,58,135,0.303,81.6,0
2025-11-26,Direct,Desktop,369,277,962,0.66,138.7,10
2025-11-26,Direct,Mobile,325,303,1399,0.625,235.2,6
2025-11-26,Direct,Tablet,53,43,193,0.301,213.3,0
2025-11-26,Email,Desktop,145,115,584,0.638,158.5,3
2025-11-26,Email,Mobile,179,165,485,0.33,51.1,4
2025-11-26,Email,Tablet,31,28,76,0.402,185.0,0
2025-11-26,Referral,Desktop,93,78,303,0.438,171.3,2
2025-11-26,Referral,Mobile,122,113,492,0.334,107.9,2
2025-11-26,Referral,Tablet,23,20,67,0.317,233.0,0
2025-11-27,Organic Search,Desktop,915,771,2734,0.461,176.7,13
2025-11-27,Organic Search,Mobile,1360,1064,4231,0.566,214.1,22
2025-11-27,Organic Search,Tablet,198,177,574,0.676,86.3,1
2025-11-27,Paid Search,Desktop,396,332,1026,0.595,199.7,7
2025-11-27,Paid Search,Mobile,497,393,1341,0.453,236.7,7
2025-11-27,Paid Search,Tablet,85,73,313,0.603,162.9,0
2025-11-27,Social,Desktop,584,513,1757,0.455,168.5,5
2025-11-27,Social,Mobile,658,606,2053,0.644,70.0,12
2025-11-27,Social,Tablet,92,73,231,0.446,110.1,2
2025-11-27,Direct,Desktop,334,275,1329,0.665,220.0,3
2025-11-27,Direct,Mobile,488,404,1168,0.483,227.4,4
2025-11-27,Direct,Tablet,81,73,222,0.65,134.3,0
2025-11-27,Email,Desktop,149,127,460,0.626,170.4,1
2025-11-27,Email,Mobile,179,168,427,0.39,146.6,2
2025-11-27,Email,Tablet,31,24,102,0.451,163.0,0
2025-11-27,Referral,Desktop,89,69,374,0.492,156.9,2
2025-11-27,Referral,Mobile,164,143,632,0.573,87.3,4
2025-11-27,Referral,Tablet,16,14,46,0.49,56.9,0
2025-11-28,Organic Search,Desktop,988,826,3581,0.485,130.8,11
2025-11-28,Organic Search,Mobile,1339,1082,5969,0.425,220.5,20
2025-11-28,Organic Search,Tablet,175,141,358,0.302,151.6,2
2025-11-28,Paid Search,Desktop,399,348,1154,0.314,179.2,11
2025-11-28,Paid Search,Mobile,516,410,933,0.367,120.4,12
2025-11-28,Paid Search,Tablet,78,68,194,0.433,106.6,2
2025-11-28,Social,Desktop,546,485,1820,0.449,83.8,9
2025-11-28,Social,Mobile,721,669,2329,0.346,96.2,7
2025-11-28,Social,Tablet,101,95,355,0.505,141.1,2
2025-11-28,Direct,Desktop,372,311,1620,0.337,164.4,7
2025-11-28,Direct,Mobile,453,414,1532,0.417,127.9,4
2025-11-28,Direct,Tablet,64,51,281,0.373,142.7,0
2025-11-28,Email,Desktop,139,105,585,0.425,50.4,2
2025-11-28,Email,Mobile,179,156,626,0.442,159.2,1
2025-11-28,Email,Tablet,30,25,130,0.686,197.0,0
2025-11-28,Referral,Desktop,118,108,269,0.402,114.2,1
2025-11-28,Referral,Mobile,120,97,360,0.598,184.6,1
2025-11-28,Referral,Tablet,20,17,39,0.481,96.2,0
2025-11-29,Organic Search,Desktop,970,776,3801,0.44,94.5,21
2025-11-29,Organic Search,Mobile,1495,1150,5832,0.465,231.9,40
2025-11-29,Organic Search,Tablet,203,152,545,0.496,101.8,4
2025-11-29,Paid Search,Desktop,474,442,1351,0.405,101.3,8
2025-11-29,Paid Search,Mobile,529,431,2109,0.55,52.3,3
2025-11-29,Paid Search,Tablet,108,81,352,0.535,128.7,2
2025-11-29,Social,Desktop,507,400,1624,0.391,178.6,10
2025-11-29,Social,Mobile,677,523,1393,0.604,143.7,17
2025-11-29,Social,Tablet,124,117,405,0.447,98.7,1
2025-11-29,Direct,Desktop,330,272,835,0.371,209.7,6
2025-11-29,Direct,Mobile,482,442,1279,0.357,81.2,11
2025-11-29,Direct,Tablet,63,56,218,0.341,187.4,1
2025-11-29,Email,Desktop,173,163,466,0.418,107.9,4
2025-11-29,Email,Mobile,191,168,840,0.453,186.8,2
2025-11-29,Email,Tablet,32,26,89,0.374,148.1,0
2025-11-29,Referral,Desktop,128,109,353,0.506,76.7,1
2025-11-29,Referral,Mobile,147,131,612,0.619,86.5,1
2025-11-29,Referral,Tablet,27,20,66,0.541,132.4,0
2025-11-30,Organic Search,Desktop,1037,906,2840,0.461,171.6,10
2025-11-30,Organic Search,Mobile,1243,1148,3039,0.47,121.7,29
2025-11-30,Organic Search,Tablet,213,197,813,0.64,104.1,2
2025-11-30,Paid Search,Desktop,376,324,1022,0.669,102.8,6
2025-11-30,Paid Search,Mobile,520,420,1210,0.31,102.4,4
2025-11-30,Paid Search,Tablet,86,76,271,0.56,234.4,1
2025-11-30,Social,Desktop,535,417,2211,0.454,65.8,5
2025-11-30,Social,Mobile,778,594,1933,0.511,59.6,5
2025-11-30,Social,Tablet,117,103,508,0.656,138.4,1
2025-11-30,Direct,Desktop,365,291,1218,0.454,227.0,3
2025-11-30,Direct,Mobile,551,428,1183,0.331,190.8,10
2025-11-30,Direct,Tablet,69,63,304,0.33,130.4,0
2025-11-30,Email,Desktop,184,153,389,0.312,183.1,4
2025-11-30,Email,Mobile,197,179,444,0.566,62.4,3
2025-11-30,Email,Tablet,30,27,66,0.349,50.4,0
2025-11-30,Referral,Desktop,112,89,483,0.572,187.4,1
2025-11-30,Referral,Mobile,146,134,273,0.42,196.8,4
2025-11-30,Referral,Tablet,21,17,79,0.438,195.1,0
2025-12-01,Organic Search,Desktop,1113,853,3612,0.409,228.0,24
2025-12-01,Organic Search,Mobile,1423,1220,6349,0.598,79.8,37
2025-12-01,Organic Search,Tablet,211,186,469,0.32,88.1,4
2025-12-01,Paid Search,Desktop,373,297,1377,0.652,59.2,8
2025-12-01,Paid Search,Mobile,381,287,1014,0.65,152.2,5
2025-12-01,Paid Search,Tablet,77,66,188,0.494,215.8,2
2025-12-01,Social,Desktop,538,510,1721,0.318,199.8,9
2025-12-01,Social,Mobile,770,671,1709,0.309,129.6,17
2025-12-01,Social,Tablet,110,85,423,0.678,119.7,1
2025-12-01,Direct,Desktop,397,301,985,0.591,95.6,5
2025-12-01,Direct,Mobile,469,375,1016,0.391,137.7,11
2025-12-01,Direct,Tablet,76,69,257,0.599,87.4,1
2025-12-01,Email,Desktop,170,159,754,0.453,51.4,2
2025-12-01,Email,Mobile,170,157,322,0.446,83.6,4
2025-12-01,Email,Tablet,29,22,65,0.695,199.6,0
2025-12-01,Referral,Desktop,136,118,500,0.485,206.1,2
2025-12-01,Referral,Mobile,145,135,535,0.407,198.2,1
2025-12-01,Referral,Tablet,25,22,109,0.503,227.2,0
2025-12-02,Organic Search,Desktop,1190,924,4497,0.535,138.9,17
2025-12-02,Organic Search,Mobile,1602,1454,5478,0.604,109.1,21
2025-12-02,Organic Search,Tablet,243,195,700,0.44,173.6,6
2025-12-02,Paid Search,Desktop,450,351,1417,0.652,140.9,8
2025-12-02,Paid Search,Mobile,680,587,2848,0.318,152.1,16
2025-12-02,Paid Search,Tablet,86,73,186,0.694,137.2,1
2025-12-02,Social,Desktop,503,378,1556,0.626,98.6,7
2025-12-02,Social,Mobile,796,598,2877,0.429,104.7,12
2025-12-02,Social,Tablet,125,103,535,0.585,169.0,1
2025-12-02,Direct,Desktop,454,403,1836,0.343,204.9,12
2025-12-02,Direct,Mobile,460,348,1709,0.558,179.8,4
2025-12-02,Direct,Tablet,71,66,182,0.694,148.2,2
2025-12-02,Email,Desktop,152,122,351,0.629,191.8,3
2025-12-02,Email,Mobile,190,175,547,0.369,55.9,2
2025-12-02,Email,Tablet,31,28,108,0.624,168.0,0
2025-12-02,Referral,Desktop,112,92,210,0.489,85.4,1
2025-12-02,Referral,Mobile,152,120,609,0.32,210.6,1
2025-12-02,Referral,Tablet,24,21,44,0.422,154.6,0
2025-12-03,Organic Search,Desktop,967,808,4019,0.448,54.5,14
2025-12-03,Organic Search,Mobile,1464,1367,4631,0.475,163.3,34
2025-12-03,Organic Search,Tablet,253,220,632,0.395,156.6,7
2025-12-03,Paid Search,Desktop,395,337,1305,0.483,175.1,10
2025-12-03,Paid Search,Mobile,551,515,1836,0.464,162.4,4
2025-12-03,Paid Search,Tablet,103,88,227,0.375,172.8,1
2025-12-03,Social,Desktop,684,524,2175,0.372,70.5,14
2025-12-03,Social,Mobile,647,599,1800,0.314,229.9,13
2025-12-03,Social,Tablet,114,99,445,0.596,192.9,1
2025-12-03,Direct,Desktop,383,340,1704,0.503,181.2,4
2025-12-03,Direct,Mobile,530,502,1094,0.33,152.9,2
2025-12-03,Direct,Tablet,72,56,299,0.47,82.8,0
2025-12-03,Email,Desktop,113,103,260,0.323,129.7,1
2025-12-03,Email,Mobile,197,160,726,0.645,194.5,2
2025-12-03,Email,Tablet,29,22,93,0.337,186.2,0
2025-12-03,Referral,Desktop,131,106,524,0.476,77.8,0
2025-12-03,Referral,Mobile,172,129,370,0.406,59.4,2
2025-12-03,Referral,Tablet,25,22,88,0.317,126.0,0
2025-12-04,Organic Search,Desktop,1060,968,3263,0.648,148.1,14
2025-12-04,Organic Search,Mobile,1353,1042,3827,0.591,142.0,11
2025-12-04,Organic Search,Tablet,207,192,703,0.303,120.7,1
2025-12-04,Paid Search,Desktop,380,345,1160,0.64,215.2,2
2025-12-04,Paid Search,Mobile,620,504,1233,0.563,66.3,6
2025-12-04,Paid Search,Tablet,87,71,286,0.497,143.2,1
2025-12-04,Social,Desktop,505,438,1435,0.486,193.9,7
2025-12-04,Social,Mobile,772,617,1978,0.693,110.0,19
2025-12-04,Social,Tablet,111,92,366,0.617,61.4,2
2025-12-04,Direct,Desktop,314,250,738,0.301,128.0,6
2025-12-04,Direct,Mobile,378,350,1680,0.395,82.1,8
2025-12-04,Direct,Tablet,71,61,206,0.387,90.6,1
2025-12-04,Email,Desktop,150,139,608,0.546,176.3,4
2025-12-04,Email,Mobile,212,200,831,0.503,206.2,3
2025-12-04,Email,Tablet,33,25,116,0.552,126.4,0
2025-12-04,Referral,Desktop,147,119,546,0.685,74.6,2
2025-12-04,Referral,Mobile,180,136,739,0.601,112.2,4
2025-12-04,Referral,Tablet,29,24,57,0.477,113.0,0
2025-12-05,Organic Search,Desktop,895,697,2741,0.672,126.5,26
2025-12-05,Organic Search,Mobile,1504,1361,5626,0.496,50.7,18
2025-12-05,Organic Search,Tablet,193,156,845,0.567,101.4,3
2025-12-05,Paid Search,Desktop,397,313,1012,0.406,198.5,11
2025-12-05,Paid Search,Mobile,566,531,1077,0.516,147.9,14
2025-12-05,Paid Search,Tablet,82,69,293,0.538,199.3,1
2025-12-05,Social,Desktop,531,417,1987,0.408,60.0,3
2025-12-05,Social,Mobile,628,570,2739,0.319,73.3,15
2025-12-05,Social,Tablet,102,80,442,0.466,160.6,2
2025-12-05,Direct,Desktop,431,344,1048,0.649,169.1,5
2025-12-05,Direct,Mobile,482,456,1437,0.607,46.5,5
2025-12-05,Direct,Tablet,68,56,269,0.326,206.7,0
2025-12-05,Email,Desktop,137,123,495,0.333,207.8,1
2025-12-05,Email,Mobile,194,173,505,0.357,47.3,4
2025-12-05,Email,Tablet,35,28,72,0.438,101.1,0
2025-12-05,Referral,Desktop,141,125,550,0.628,197.2,1
2025-12-05,Referral,Mobile,150,120,354,0.469,167.0,3
2025-12-05,Referral,Tablet,29,23,76,0.645,100.1,0
2025-12-06,Organic Search,Desktop,1193,943,5027,0.512,77.3,15
2025-12-06,Organic Search,Mobile,1667,1313,5350,0.594,189.7,20
2025-12-06,Organic Search,Tablet,281,221,1215,0.636,116.4,4
2025-12-06,Paid Search,Desktop,531,444,1254,0.645,227.9,10
2025-12-06,Paid Search,Mobile,623,550,1212,0.47,211.6,15
2025-12-06,Paid Search,Tablet,101,89,323,0.52,89.2,1
2025-12-06,Social,Desktop,607,572,1374,0.696,170.6,5
2025-12-06,Social,Mobile,803,702,2070,0.64,225.7,12
2025-12-06,Social,Tablet,123,104,393,0.562,88.5,1
2025-12-06,Direct,Desktop,391,336,1088,0.581,164.8,9
2025-12-06,Direct,Mobile,613,526,1933,0.315,114.2,13
2025-12-06,Direct,Tablet,87,79,390,0.371,173.0,2
2025-12-06,Email,Desktop,143,114,510,0.371,198.3,0
2025-12-06,Email,Mobile,199,178,785,0.496,172.9,3
2025-12-06,Email,Tablet,38,35,133,0.685,184.3,0
2025-12-06,Referral,Desktop,126,102,342,0.46,186.5,2
2025-12-06,Referral,Mobile,170,146,326,0.352,211.3,1
2025-12-06,Referral,Tablet,29,25,83,0.626,203.6,0
2025-12-07,Organic Search,Desktop,1383,1102,4908,0.548,197.1,16
2025-12-07,Organic Search,Mobile,1662,1526,6415,0.374,210.2,8
2025-12-07,Organic Search,Tablet,271,220,509,0.326,89.8,7
2025-12-07,Paid Search,Desktop,390,325,1466,0.521,129.1,10
2025-12-07,Paid Search,Mobile,658,580,1563,0.457,209.0,6
2025-12-07,Paid Search,Tablet,97,74,412,0.688,187.9,2
2025-12-07,Social,Desktop,663,524,1770,0.612,128.1,14
2025-12-07,Social,Mobile,871,672,2241,0.532,142.8,6
2025-12-07,Social,Tablet,112,101,375,0.645,207.4,2
2025-12-07,Direct,Desktop,412,357,1065,0.481,97.4,5
2025-12-07,Direct,Mobile,439,340,887,0.304,184.8,12
2025-12-07,Direct,Tablet,71,65,277,0.619,224.9,0
2025-12-07,Email,Desktop,177,150,633,0.588,100.6,2
2025-12-07,Email,Mobile,224,170,943,0.451,152.1,3
2025-12-07,Email,Tablet,35,31,133,0.384,168.1,0
2025-12-07,Referral,Desktop,163,152,488,0.488,223.5,3
2025-12-07,Referral,Mobile,172,140,616,0.517,158.2,2
2025-12-07,Referral,Tablet,29,22,65,0.58,183.5,0
2025-12-08,Organic Search,Desktop,819,736,2738,0.371,75.2,10
2025-12-08,Organic Search,Mobile,1554,1341,6946,0.405,154.5,41
2025-12-08,Organic Search,Tablet,210,168,724,0.621,208.2,2
2025-12-08,Paid Search,Desktop,371,287,719,0.566,129.4,2
2025-12-08,Paid Search,Mobile,582,451,1054,0.563,139.3,15
2025-12-08,Paid Search,Tablet,85,65,217,0.497,64.5,1
2025-12-08,Social,Desktop,561,510,2219,0.449,233.2,10
2025-12-08,Social,Mobile,677,614,1716,0.546,78.0,13
2025-12-08,Social,Tablet,112,100,235,0.393,96.9,1
2025-12-08,Direct,Desktop,442,349,1401,0.598,190.8,12
2025-12-08,Direct,Mobile,470,363,1304,0.345,60.2,6
2025-12-08,Direct,Tablet,69,57,131,0.441,63.5,1
2025-12-08,Email,Desktop,147,119,593,0.551,205.9,2
2025-12-08,Email,Mobile,209,192,719,0.389,124.3,4
2025-12-08,Email,Tablet,33,29,114,0.658,56.6,0
2025-12-08,Referral,Desktop,127,102,453,0.424,230.1,0
2025-12-08,Referral,Mobile,142,126,432,0.551,220.3,2
2025-12-08,Referral,Tablet,23,17,42,0.696,110.1,0
2025-12-09,Organic Search,Desktop,1225,920,5005,0.463,125.3,17
2025-12-09,Organic Search,Mobile,1261,1125,3111,0.476,175.3,19
2025-12-09,Organic Search,Tablet,212,162,876,0.698,179.4,4
2025-12-09,Paid Search,Desktop,468,438,1529,0.434,197.7,5
2025-12-09,Paid Search,Mobile,570,495,1296,0.402,223.0,17
2025-12-09,Paid Search,Tablet,88,79,328,0.655,221.1,2
2025-12-09,Social,Desktop,505,417,1026,0.42,201.6,11
2025-12-09,Social,Mobile,628,580,1308,0.616,118.5,3
2025-12-09,Social,Tablet,120,113,305,0.322,110.1,2
2025-12-09,Direct,Desktop,352,288,1507,0.642,201.0,9
2025-12-09,Direct,Mobile,512,409,1619,0.494,193.1,14
2025-12-09,Direct,Tablet,79,68,212,0.509,126.8,0
2025-12-09,Email,Desktop,139,120,425,0.626,108.1,0
2025-12-09,Email,Mobile,185,139,748,0.309,175.0,5
2025-12-09,Email,Tablet,31,27,81,0.539,60.1,0
2025-12-09,Referral,Desktop,123,110,444,0.687,229.3,1
2025-12-09,Referral,Mobile,137,104,334,0.499,186.4,3
2025-12-09,Referral,Tablet,23,21,76,0.692,231.8,0
2025-12-10,Organic Search,Desktop,1101,1031,4610,0.52,166.9,26
2025-12-10,Organic Search,Mobile,1543,1290,5287,0.644,238.5,27
2025-12-10,Organic Search,Tablet,249,190,533,0.516,131.7,5
2025-12-10,Paid Search,Desktop,392,344,866,0.411,94.8,9
2025-12-10,Paid Search,Mobile,566,503,2291,0.7,175.8,8
2025-12-10,Paid Search,Tablet,89,76,209,0.536,90.0,2
2025-12-10,Social,Desktop,508,427,2076,0.55,136.6,12
2025-12-10,Social,Mobile,755,609,2389,0.646,137.7,12
2025-12-10,Social,Tablet,120,105,484,0.464,66.8,2
2025-12-10,Direct,Desktop,428,369,1421,0.459,50.2,6
2025-12-10,Direct,Mobile,435,337,1161,0.482,70.1,11
2025-12-10,Direct,Tablet,85,69,226,0.351,76.5,1
2025-12-10,Email,Desktop,171,158,653,0.394,192.7,1
2025-12-10,Email,Mobile,198,156,501,0.57,53.5,5
2025-12-10,Email,Tablet,35,30,135,0.368,232.9,0
2025-12-10,Referral,Desktop,119,104,517,0.511,121.5,2
2025-12-10,Referral,Mobile,128,107,410,0.515,62.1,3
2025-12-10,Referral,Tablet,28,22,105,0.628,91.5,0
2025-12-11,Organic Search,Desktop,1124,846,2147,0.361,177.3,13
2025-12-11,Organic Search,Mobile,1623,1301,5030,0.369,161.5,12
2025-12-11,Organic Search,Tablet,286,233,898,0.529,119.2,5
2025-12-11,Paid Search,Desktop,440,366,1745,0.34,138.0,12
2025-12-11,Paid Search,Mobile,579,448,2345,0.699,66.7,12
2025-12-11,Paid Search,Tablet,84,70,224,0.414,205.5,1
2025-12-11,Social,Desktop,641,506,1491,0.332,118.9,7
2025-12-11,Social,Mobile,656,588,1445,0.559,233.9,8
2025-12-11,Social,Tablet,125,98,458,0.49,213.1,0
2025-12-11,Direct,Desktop,410,336,1189,0.305,188.8,3
2025-12-11,Direct,Mobile,469,364,1316,0.56,220.3,10
2025-12-11,Direct,Tablet,86,67,375,0.591,105.0,2
2025-12-11,Email,Desktop,153,122,471,0.364,175.5,2
2025-12-11,Email,Mobile,231,216,455,0.31,113.8,6
2025-12-11,Email,Tablet,32,24,59,0.449,189.3,0
2025-12-11,Referral,Desktop,123,116,497,0.495,109.9,1
2025-12-11,Referral,Mobile,146,115,422,0.651,93.7,4
2025-12-11,Referral,Tablet,26,19,64,0.338,213.0,0
2025-12-12,Organic Search,Desktop,986,822,2546,0.432,68.7,18
2025-12-12,Organic Search,Mobile,1263,964,4390,0.666,54.0,8
2025-12-12,Organic Search,Tablet,217,170,608,0.664,218.7,6
2025-12-12,Paid Search,Desktop,441,398,1899,0.522,87.3,8
2025-12-12,Paid Search,Mobile,597,465,2250,0.369,232.3,16
2025-12-12,Paid Search,Tablet,86,81,248,0.697,52.9,1
2025-12-12,Social,Desktop,597,514,2444,0.615,48.6,7
2025-12-12,Social,Mobile,813,724,2184,0.426,102.9,9
2025-12-12,Social,Tablet,94,79,330,0.528,163.3,1
2025-12-12,Direct,Desktop,406,383,948,0.671,111.2,5
2025-12-12,Direct,Mobile,458,364,1684,0.53,152.3,3
2025-12-12,Direct,Tablet,68,58,148,0.688,192.5,1
2025-12-12,Email,Desktop,144,136,314,0.4,150.3,3
2025-12-12,Email,Mobile,209,176,437,0.538,135.0,3
2025-12-12,Email,Tablet,34,28,102,0.453,214.6,0
2025-12-12,Referral,Desktop,133,113,583,0.585,225.7,1
2025-12-12,Referral,Mobile,178,155,638,0.525,228.3,2
2025-12-12,Referral,Tablet,24,21,52,0.377,164.9,0
2025-12-13,Organic Search,Desktop,1313,1078,4915,0.457,128.7,28
2025-12-13,Organic Search,Mobile,1441,1247,5865,0.473,237.6,26
2025-12-13,Organic Search,Tablet,229,184,778,0.422,97.6,1
2025-12-13,Paid Search,Desktop,403,313,825,0.673,235.6,11
2025-12-13,Paid Search,Mobile,519,447,1008,0.335,197.0,4
2025-12-13,Paid Search,Tablet,95,86,258,0.308,99.4,1
2025-12-13,Social,Desktop,643,540,1622,0.339,139.1,10
2025-12-13,Social,Mobile,848,785,3225,0.621,149.5,13
2025-12-13,Social,Tablet,136,120,330,0.637,131.9,2
2025-12-13,Direct,Desktop,437,391,1046,0.376,181.5,10
2025-12-13,Direct,Mobile,494,422,2122,0.451,215.0,10
2025-12-13,Direct,Tablet,80,74,307,0.305,185.6,2
2025-12-13,Email,Desktop,163,139,645,0.525,185.0,3
2025-12-13,Email,Mobile,181,149,655,0.57,215.1,4
2025-12-13,Email,Tablet,37,32,111,0.412,77.1,0
2025-12-13,Referral,Desktop,161,124,396,0.623,125.1,4
2025-12-13,Referral,Mobile,171,145,663,0.514,127.3,4
2025-12-13,Referral,Tablet,28,24,118,0.51,49.8,0
2025-12-14,Organic Search,Desktop,1332,1025,4957,0.545,80.8,20
2025-12-14,Organic Search,Mobile,1430,1233,2883,0.448,47.0,33
2025-12-14,Organic Search,Tablet,242,221,719,0.343,226.8,2
2025-12-14,Paid Search,Desktop,529,410,1017,0.649,156.2,5
2025-12-14,Paid Search,Mobile,614,511,2473,0.603,200.9,10
2025-12-14,Paid Search,Tablet,98,81,325,0.4,103.1,0
2025-12-14,Social,Desktop,492,397,1328,0.541,212.3,14
2025-12-14,Social,Mobile,777,674,3405,0.429,137.7,8
2025-12-14,Social,Tablet,135,123,308,0.695,52.8,3
2025-12-14,Direct,Desktop,434,337,1511,0.348,154.8,6
2025-12-14,Direct,Mobile,577,436,1639,0.569,211.8,12
2025-12-14,Direct,Tablet,85,68,345,0.357,216.8,1
2025-12-14,Email,Desktop,171,149,686,0.674,234.2,1
2025-12-14,Email,Mobile,254,206,1088,0.45,72.6,6
2025-12-14,Email,Tablet,29,22,73,0.454,92.6,0
2025-12-14,Referral,Desktop,143,124,366,0.315,86.0,3
2025-12-14,Referral,Mobile,176,149,399,0.415,177.1,3
2025-12-14,Referral,Tablet,27,20,62,0.632,238.5,0
2025-12-15,Organic Search,Desktop,1052,818,3919,0.478,121.3,27
2025-12-15,Organic Search,Mobile,1590,1381,5182,0.493,89.5,23
2025-12-15,Organic Search,Tablet,243,200,1090,0.466,207.3,7
2025-12-15,Paid Search,Desktop,335,284,968,0.571,215.0,5
2025-12-15,Paid Search,Mobile,512,403,1829,0.675,153.1,8
2025-12-15,Paid Search,Tablet,78,69,313,0.643,102.6,0
2025-12-15,Social,Desktop,642,600,2180,0.583,128.4,17
2025-12-15,Social,Mobile,791,652,2163,0.421,177.1,12
2025-12-15,Social,Tablet,130,117,547,0.62,226.9,1
2025-12-15,Direct,Desktop,388,354,1052,0.415,147.7,9
2025-12-15,Direct,Mobile,454,418,1307,0.391,69.2,5
2025-12-15,Direct,Tablet,73,64,164,0.593,182.1,0
2025-12-15,Email,Desktop,146,114,307,0.319,195.4,3
2025-12-15,Email,Mobile,205,188,649,0.638,104.9,5
2025-12-15,Email,Tablet,36,28,109,0.511,52.5,0
2025-12-15,Referral,Desktop,102,94,364,0.359,222.4,1
2025-12-15,Referral,Mobile,172,150,544,0.349,108.4,1
2025-12-15,Referral,Tablet,28,23,61,0.423,46.5,0
2025-12-16,Organic Search,Desktop,1108,942,3992,0.633,122.5,16
2025-12-16,Organic Search,Mobile,1186,937,2773,0.628,219.3,7
2025-12-16,Organic Search,Tablet,209,159,470,0.475,60.0,5
2025-12-16,Paid Search,Desktop,410,383,1462,0.56,222.8,6
2025-12-16,Paid Search,Mobile,487,429,959,0.326,180.6,4
2025-12-16,Paid Search,Tablet,103,79,319,0.434,104.9,1
2025-12-16,Social,Desktop,545,409,1134,0.39,213.1,7
2025-12-16,Social,Mobile,605,467,1442,0.618,151.6,10
2025-12-16,Social,Tablet,104,83,454,0.617,213.5,1
2025-12-16,Direct,Desktop,388,349,1267,0.671,118.2,4
2025-12-16,Direct,Mobile,405,314,858,0.523,151.7,6
2025-12-16,Direct,Tablet,79,69,206,0.693,191.7,1
2025-12-16,Email,Desktop,155,131,327,0.374,183.1,4
2025-12-16,Email,Mobile,148,140,385,0.48,100.8,3
2025-12-16,Email,Tablet,33,29,81,0.676,165.5,0
2025-12-16,Referral,Desktop,124,113,223,0.677,163.8,3
2025-12-16,Referral,Mobile,185,147,580,0.443,63.0,1
2025-12-16,Referral,Tablet,25,20,70,0.613,188.3,0
2025-12-17,Organic Search,Desktop,1226,1068,2287,0.41,59.3,21
2025-12-17,Organic Search,Mobile,1415,1248,3067,0.349,128.0,15
2025-12-17,Organic Search,Tablet,239,219,788,0.502,211.6,6
2025-12-17,Paid Search,Desktop,462,406,1775,0.393,77.1,12
2025-12-17,Paid Search,Mobile,607,562,1235,0.52,64.9,5
2025-12-17,Paid Search,Tablet,72,67,267,0.47,119.0,1
2025-12-17,Social,Desktop,497,451,1342,0.609,168.1,6
2025-12-17,Social,Mobile,759,620,2589,0.629,160.1,6
2025-12-17,Social,Tablet,107,84,440,0.588,195.8,2
2025-12-17,Direct,Desktop,396,329,1373,0.305,143.4,11
2025-12-17,Direct,Mobile,451,375,1372,0.344,235.5,4
2025-12-17,Direct,Tablet,80,65,274,0.609,211.6,1
2025-12-17,Email,Desktop,159,133,651,0.459,227.9,4
2025-12-17,Email,Mobile,231,179,693,0.435,108.5,6
2025-12-17,Email,Tablet,28,21,75,0.32,133.2,0
2025-12-17,Referral,Desktop,136,128,438,0.456,129.8,2
2025-12-17,Referral,Mobile,181,164,747,0.496,184.8,1
2025-12-17,Referral,Tablet,26,20,69,0.414,229.7,0
2025-12-18,Organic Search,Desktop,1007,948,2627,0.548,228.4,10
2025-12-18,Organic Search,Mobile,1645,1295,2981,0.466,52.6,32
2025-12-18,Organic Search,Tablet,184,139,440,0.427,108.5,2
2025-12-18,Paid Search,Desktop,413,374,966,0.608,228.9,9
2025-12-18,Paid Search,Mobile,474,427,1830,0.432,54.5,13
2025-12-18,Paid Search,Tablet,80,60,339,0.552,221.5,2
2025-12-18,Social,Desktop,467,362,1103,0.454,235.4,8
2025-12-18,Social,Mobile,718,564,1856,0.427,94.4,18
2025-12-18,Social,Tablet,128,105,270,0.44,137.8,2
2025-12-18,Direct,Desktop,411,374,1584,0.629,128.2,9
2025-12-18,Direct,Mobile,539,441,1714,0.572,48.5,4
2025-12-18,Direct,Tablet,76,66,162,0.553,52.9,0
2025-12-18,Email,Desktop,159,141,570,0.614,134.4,2
2025-12-18,Email,Mobile,184,164,706,0.454,114.8,5
2025-12-18,Email,Tablet,34,31,64,0.569,89.8,0
2025-12-18,Referral,Desktop,131,108,309,0.316,105.9,3
2025-12-18,Referral,Mobile,157,148,672,0.352,157.2,1
2025-12-18,Referral,Tablet,30,24,130,0.516,166.4,0
2025-12-19,Organic Search,Desktop,1181,895,2447,0.547,169.2,7
2025-12-19,Organic Search,Mobile,1485,1222,4137,0.317,72.1,17
2025-12-19,Organic Search,Tablet,247,197,928,0.592,164.1,2
2025-12-19,Paid Search,Desktop,391,319,925,0.525,215.0,3
2025-12-19,Paid Search,Mobile,585,523,1480,0.647,151.3,4
2025-12-19,Paid Search,Tablet,91,84,192,0.309,85.9,2
2025-12-19,Social,Desktop,435,336,1596,0.651,156.1,8
2025-12-19,Social,Mobile,627,580,1363,0.598,67.1,10
2025-12-19,Social,Tablet,108,102,334,0.614,179.7,2
2025-12-19,Direct,Desktop,366,344,1437,0.585,162.2,6
2025-12-19,Direct,Mobile,451,376,1267,0.688,161.8,4
2025-12-19,Direct,Tablet,76,65,322,0.359,69.0,2
2025-12-19,Email,Desktop,131,120,242,0.621,142.6,1
2025-12-19,Email,Mobile,198,158,578,0.49,200.7,4
2025-12-19,Email,Tablet,35,26,63,0.582,228.9,0
2025-12-19,Referral,Desktop,142,115,471,0.417,52.2,2
2025-12-19,Referral,Mobile,168,141,468,0.627,185.1,4
2025-12-19,Referral,Tablet,23,19,79,0.524,115.0,0
2025-12-20,Organic Search,Desktop,1199,1093,3744,0.696,238.4,24
2025-12-20,Organic Search,Mobile,1576,1250,4652,0.69,168.4,8
2025-12-20,Organic Search,Tablet,248,201,890,0.611,184.8,3
2025-12-20,Paid Search,Desktop,488,378,1455,0.37,144.0,13
2025-12-20,Paid Search,Mobile,669,545,2253,0.358,55.9,17
2025-12-20,Paid Search,Tablet,101,87,375,0.374,105.8,1
2025-12-20,Social,Desktop,620,502,1182,0.397,79.8,14
2025-12-20,Social,Mobile,762,629,3052,0.452,215.4,4
2025-12-20,Social,Tablet,133,125,364,0.496,183.2,2
2025-12-20,Direct,Desktop,392,346,1413,0.638,110.4,5
2025-12-20,Direct,Mobile,627,517,1938,0.474,113.6,4
2025-12-20,Direct,Tablet,85,78,239,0.509,205.2,1
2025-12-20,Email,Desktop,145,134,514,0.567,186.9,2
2025-12-20,Email,Mobile,204,168,764,0.353,150.6,5
2025-12-20,Email,Tablet,27,21,106,0.398,176.5,0
2025-12-20,Referral,Desktop,150,118,334,0.528,182.8,3
2025-12-20,Referral,Mobile,171,149,625,0.638,76.6,1
2025-12-20,Referral,Tablet,27,25,87,0.45,122.2,0
2025-12-21,Organic Search,Desktop,1222,1036,3191,0.376,152.9,28
2025-12-21,Organic Search,Mobile,1438,1131,4931,0.364,54.2,24
2025-12-21,Organic Search,Tablet,246,220,977,0.462,210.7,5
2025-12-21,Paid Search,Desktop,464,359,1582,0.437,128.0,3
2025-12-21,Paid Search,Mobile,673,532,2770,0.549,199.7,15
2025-12-21,Paid Search,Tablet,105,93,211,0.481,143.9,1
2025-12-21,Social,Desktop,632,537,1627,0.558,102.7,12
2025-12-21,Social,Mobile,847,658,3354,0.687,198.6,18
2025-12-21,Social,Tablet,128,101,505,0.592,196.6,3
2025-12-21,Direct,Desktop,390,320,1345,0.427,110.0,11
2025-12-21,Direct,Mobile,554,495,2413,0.368,173.1,7
2025-12-21,Direct,Tablet,74,66,327,0.37,114.4,2
2025-12-21,Email,Desktop,153,139,444,0.384,210.8,3
2025-12-21,Email,Mobile,218,202,394,0.65,106.7,2
2025-12-21,Email,Tablet,31,24,89,0.511,85.8,0
2025-12-21,Referral,Desktop,142,122,462,0.463,205.1,2
2025-12-21,Referral,Mobile,174,140,624,0.663,85.7,5
2025-12-21,Referral,Tablet,28,24,71,0.451,101.9,0
2025-12-22,Organic Search,Desktop,1095,980,2569,0.603,73.8,24
2025-12-22,Organic Search,Mobile,1341,1128,4591,0.368,124.0,39
2025-12-22,Organic Search,Tablet,254,213,1025,0.37,181.7,1
2025-12-22,Paid Search,Desktop,454,398,1188,0.63,140.4,10
2025-12-22,Paid Search,Mobile,472,421,1598,0.559,87.6,10
2025-12-22,Paid Search,Tablet,80,63,314,0.347,137.4,0
2025-12-22,Social,Desktop,572,523,2159,0.365,86.0,5
2025-12-22,Social,Mobile,713,615,1416,0.39,58.6,14
2025-12-22,Social,Tablet,116,98,251,0.436,235.1,2
2025-12-22,Direct,Desktop,338,264,685,0.518,58.1,8
2025-12-22,Direct,Mobile,458,363,1216,0.322,106.2,5
2025-12-22,Direct,Tablet,73,68,218,0.584,150.6,1
2025-12-22,Email,Desktop,153,128,361,0.407,111.3,2
2025-12-22,Email,Mobile,208,162,758,0.638,214.7,4
2025-12-22,Email,Tablet,33,28,61,0.31,112.8,0
2025-12-22,Referral,Desktop,138,117,583,0.407,164.4,2
2025-12-22,Referral,Mobile,159,133,554,0.678,174.7,3
2025-12-22,Referral,Tablet,21,16,38,0.356,183.1,0
2025-12-23,Organic Search,Desktop,1036,883,2990,0.589,67.1,22
2025-12-23,Organic Search,Mobile,1358,1024,4557,0.482,162.9,22
2025-12-23,Organic Search,Tablet,204,190,912,0.617,154.2,3
2025-12-23,Paid Search,Desktop,497,446,1700,0.461,110.5,9
2025-12-23,Paid Search,Mobile,587,506,2079,0.492,92.5,7
2025-12-23,Paid Search,Tablet,84,75,296,0.491,139.8,1
2025-12-23,Social,Desktop,640,561,2719,0.559,129.4,8
2025-12-23,Social,Mobile,812,670,3415,0.611,187.8,4
2025-12-23,Social,Tablet,127,97,436,0.371,78.1,3
2025-12-23,Direct,Desktop,393,344,1122,0.335,69.4,7
2025-12-23,Direct,Mobile,478,413,2102,0.523,59.5,4
2025-12-23,Direct,Tablet,69,57,142,0.657,171.0,0
2025-12-23,Email,Desktop,132,112,590,0.631,223.6,0
2025-12-23,Email,Mobile,211,198,576,0.442,46.1,5
2025-12-23,Email,Tablet,32,27,94,0.44,91.6,0
2025-12-23,Referral,Desktop,128,96,231,0.336,169.0,2
2025-12-23,Referral,Mobile,159,140,602,0.469,181.4,4
2025-12-23,Referral,Tablet,22,18,59,0.465,238.6,0
2025-12-24,Organic Search,Desktop,1001,881,4442,0.315,85.7,12
2025-12-24,Organic Search,Mobile,1375,1053,5201,0.424,125.3,8
2025-12-24,Organic Search,Tablet,229,199,737,0.63,197.4,3
2025-12-24,Paid Search,Desktop,463,366,939,0.566,144.5,3
2025-12-24,Paid Search,Mobile,486,430,895,0.54,103.6,9
2025-12-24,Paid Search,Tablet,101,94,273,0.625,152.6,1
2025-12-24,Social,Desktop,552,523,1249,0.553,125.7,14
2025-12-24,Social,Mobile,792,702,1473,0.36,194.4,4
2025-12-24,Social,Tablet,130,105,388,0.465,49.8,1
2025-12-24,Direct,Desktop,392,319,1475,0.505,114.2,7
2025-12-24,Direct,Mobile,434,394,1164,0.59,180.5,9
2025-12-24,Direct,Tablet,67,52,235,0.445,95.7,1
2025-12-24,Email,Desktop,148,135,321,0.667,142.3,2
2025-12-24,Email,Mobile,164,129,729,0.669,59.3,1
2025-12-24,Email,Tablet,27,21,90,0.327,158.8,0
2025-12-24,Referral,Desktop,106,80,400,0.362,122.2,2
2025-12-24,Referral,Mobile,182,161,422,0.654,99.3,3
2025-12-24,Referral,Tablet,26,23,67,0.313,147.8,0
2025-12-25,Organic Search,Desktop,1064,884,4227,0.686,183.4,19
2025-12-25,Organic Search,Mobile,1394,1127,3419,0.595,176.7,33
2025-12-25,Organic Search,Tablet,269,226,779,0.368,104.5,7
2025-12-25,Paid Search,Desktop,431,406,1565,0.315,109.7,10
2025-12-25,Paid Search,Mobile,639,479,2571,0.313,51.0,18
2025-12-25,Paid Search,Tablet,86,80,203,0.437,232.1,1
2025-12-25,Social,Desktop,570,512,2232,0.374,69.2,4
2025-12-25,Social,Mobile,556,506,2065,0.63,165.6,7
2025-12-25,Social,Tablet,116,99,443,0.657,162.4,2
2025-12-25,Direct,Desktop,386,341,745,0.378,79.7,5
2025-12-25,Direct,Mobile,425,388,898,0.611,160.5,11
2025-12-25,Direct,Tablet,77,62,153,0.32,179.6,2
2025-12-25,Email,Desktop,126,94,320,0.365,104.8,2
2025-12-25,Email,Mobile,193,168,790,0.429,124.7,3
2025-12-25,Email,Tablet,29,21,52,0.625,72.3,0
2025-12-25,Referral,Desktop,131,108,502,0.451,194.9,1
2025-12-25,Referral,Mobile,164,126,720,0.669,224.5,1
2025-12-25,Referral,Tablet,31,29,114,0.674,210.8,0
2025-12-26,Organic Search,Desktop,1187,1030,3866,0.389,147.6,26
2025-12-26,Organic Search,Mobile,1398,1103,5713,0.572,95.3,11
2025-12-26,Organic Search,Tablet,233,202,716,0.454,88.1,1
2025-12-26,Paid Search,Desktop,465,397,1519,0.349,146.5,7
2025-12-26,Paid Search,Mobile,490,434,997,0.624,224.2,12
2025-12-26,Paid Search,Tablet,90,82,292,0.548,148.7,0
2025-12-26,Social,Desktop,583,487,1849,0.675,203.2,8
2025-12-26,Social,Mobile,757,715,2037,0.631,79.3,5
2025-12-26,Social,Tablet,102,88,348,0.337,183.8,0
2025-12-26,Direct,Desktop,482,393,1836,0.464,176.5,9
2025-12-26,Direct,Mobile,481,366,1302,0.66,226.4,2
2025-12-26,Direct,Tablet,82,66,155,0.609,170.1,1
2025-12-26,Email,Desktop,153,126,509,0.444,46.5,2
2025-12-26,Email,Mobile,197,173,548,0.345,157.2,2
2025-12-26,Email,Tablet,29,22,109,0.645,119.4,0
2025-12-26,Referral,Desktop,127,119,352,0.359,134.2,1
2025-12-26,Referral,Mobile,153,122,590,0.672,166.4,3
2025-12-26,Referral,Tablet,24,18,50,0.365,184.6,0
2025-12-27,Organic Search,Desktop,1075,969,2452,0.543,68.2,30
2025-12-27,Organic Search,Mobile,1841,1583,7560,0.462,230.0,17
2025-12-27,Organic Search,Tablet,260,201,528,0.429,205.6,6
2025-12-27,Paid Search,Desktop,363,277,1214,0.42,132.1,6
2025-12-27,Paid Search,Mobile,657,503,2145,0.362,139.1,7
2025-12-27,Paid Search,Tablet,104,90,251,0.609,68.2,2
2025-12-27,Social,Desktop,536,458,1221,0.667,97.1,4
2025-12-27,Social,Mobile,780,675,1931,0.645,91.0,6
2025-12-27,Social,Tablet,130,110,494,0.552,235.9,3
2025-12-27,Direct,Desktop,406,317,1536,0.604,65.2,10
2025-12-27,Direct,Mobile,571,455,1464,0.531,183.7,4
2025-12-27,Direct,Tablet,82,67,195,0.651,66.0,2
2025-12-27,Email,Desktop,164,125,601,0.479,131.7,3
2025-12-27,Email,Mobile,222,189,771,0.699,222.0,2
2025-12-27,Email,Tablet,34,29,131,0.529,124.2,0
2025-12-27,Referral,Desktop,145,125,309,0.5,63.5,0
2025-12-27,Referral,Mobile,182,146,727,0.383,84.4,1
2025-12-27,Referral,Tablet,30,28,76,0.335,156.0,0
2025-12-28,Organic Search,Desktop,1175,966,3089,0.695,127.4,23
2025-12-28,Organic Search,Mobile,1634,1457,4463,0.691,237.8,13
2025-12-28,Organic Search,Tablet,282,213,1173,0.545,177.9,3
2025-12-28,Paid Search,Desktop,458,373,1485,0.477,160.0,2
2025-12-28,Paid Search,Mobile,656,605,2777,0.693,114.5,8
2025-12-28,Paid Search,Tablet,102,88,374,0.322,229.9,2
2025-12-28,Social,Desktop,601,501,1641,0.652,204.3,13
2025-12-28,Social,Mobile,843,730,3712,0.577,106.7,21
2025-12-28,Social,Tablet,124,108,326,0.539,160.6,2
2025-12-28,Direct,Desktop,441,381,1398,0.566,230.3,5
2025-12-28,Direct,Mobile,559,456,2365,0.547,208.1,5
2025-12-28,Direct,Tablet,87,77,387,0.581,162.2,1
2025-12-28,Email,Desktop,157,122,456,0.305,118.3,4
2025-12-28,Email,Mobile,208,162,549,0.379,179.0,3
2025-12-28,Email,Tablet,33,30,122,0.349,231.9,0
2025-12-28,Referral,Desktop,139,119,521,0.337,186.0,1
2025-12-28,Referral,Mobile,183,139,333,0.596,157.8,5
2025-12-28,Referral,Tablet,25,21,101,0.371,114.9,0
2025-12-29,Organic Search,Desktop,1104,1025,2306,0.494,122.7,28
2025-12-29,Organic Search,Mobile,1441,1171,5926,0.565,88.8,19
2025-12-29,Organic Search,Tablet,241,219,954,0.625,205.8,5
2025-12-29,Paid Search,Desktop,443,388,1238,0.643,132.0,7
2025-12-29,Paid Search,Mobile,583,471,2148,0.318,238.0,16
2025-12-29,Paid Search,Tablet,95,83,407,0.646,160.1,1
2025-12-29,Social,Desktop,560,501,1426,0.656,218.8,9
2025-12-29,Social,Mobile,625,473,2365,0.483,163.4,7
2025-12-29,Social,Tablet,104,87,403,0.335,100.6,1
2025-12-29,Direct,Desktop,428,337,897,0.466,66.0,5
2025-12-29,Direct,Mobile,514,390,1340,0.389,188.3,9
2025-12-29,Direct,Tablet,66,57,221,0.33,46.6,1
2025-12-29,Email,Desktop,149,120,544,0.651,119.8,3
2025-12-29,Email,Mobile,208,169,686,0.562,148.3,4
2025-12-29,Email,Tablet,38,35,88,0.505,157.2,0
2025-12-29,Referral,Desktop,124,99,514,0.517,97.2,2
2025-12-29,Referral,Mobile,177,153,530,0.657,231.3,1
2025-12-29,Referral,Tablet,22,20,83,0.555,204.3,0
2025-12-30,Organic Search,Desktop,1125,1026,2850,0.686,135.3,25
2025-12-30,Organic Search,Mobile,1399,1230,5289,0.666,159.9,13
2025-12-30,Organic Search,Tablet,219,180,746,0.404,88.5,2
2025-12-30,Paid Search,Desktop,504,450,2011,0.519,217.3,4
2025-12-30,Paid Search,Mobile,496,424,1403,0.352,216.8,4
2025-12-30,Paid Search,Tablet,89,69,365,0.693,167.3,1
2025-12-30,Social,Desktop,600,480,1404,0.403,121.1,11
2025-12-30,Social,Mobile,691,563,1521,0.435,52.1,9
2025-12-30,Social,Tablet,106,92,296,0.3,64.8,2
2025-12-30,Direct,Desktop,331,278,618,0.674,180.4,3
2025-12-30,Direct,Mobile,497,448,1683,0.356,170.5,4
2025-12-30,Direct,Tablet,76,60,309,0.499,205.2,1
2025-12-30,Email,Desktop,154,135,498,0.384,220.3,2
2025-12-30,Email,Mobile,203,173,838,0.431,146.0,2
2025-12-30,Email,Tablet,31,27,139,0.466,104.7,0
2025-12-30,Referral,Desktop,106,90,278,0.577,122.4,1
2025-12-30,Referral,Mobile,202,163,629,0.324,231.8,4
2025-12-30,Referral,Tablet,22,20,93,0.51,72.1,0
2025-12-31,Organic Search,Desktop,1067,1002,4542,0.594,55.7,23
2025-12-31,Organic Search,Mobile,1650,1427,4397,0.354,81.5,13
2025-12-31,Organic Search,Tablet,199,187,680,0.387,182.5,1
2025-12-31,Paid Search,Desktop,450,416,1180,0.359,106.2,2
2025-12-31,Paid Search,Mobile,529,426,2235,0.516,192.6,3
2025-12-31,Paid Search,Tablet,77,68,263,0.499,220.0,1
2025-12-31,Social,Desktop,569,431,1251,0.5,207.4,5
2025-12-31,Social,Mobile,692,565,1449,0.561,168.8,7
2025-12-31,Social,Tablet,133,116,303,0.664,114.4,2
2025-12-31,Direct,Desktop,377,291,1209,0.387,130.7,2
2025-12-31,Direct,Mobile,468,428,1288,0.67,76.2,8
2025-12-31,Direct,Tablet,67,57,238,0.568,209.4,1
2025-12-31,Email,Desktop,172,150,630,0.441,227.8,2
2025-12-31,Email,Mobile,166,147,703,0.418,238.1,3
2025-12-31,Email,Tablet,30,27,100,0.489,145.5,0
2025-12-31,Referral,Desktop,140,132,566,0.454,84.4,1
2025-12-31,Referral,Mobile,163,134,607,0.523,106.4,2
2025-12-31,Referral,Tablet,23,19,48,0.359,67.6,0
2026-01-01,Organic Search,Desktop,850,742,2220,0.329,216.3,19
2026-01-01,Organic Search,Mobile,1037,807,4383,0.453,94.2,13
2026-01-01,Organic Search,Tablet,132,123,458,0.697,117.7,2
2026-01-01,Paid Search,Desktop,286,251,573,0.558,115.0,8
2026-01-01,Paid Search,Mobile,255,195,1040,0.335,202.9,3
2026-01-01,Paid Search,Tablet,49,44,143,0.355,231.4,1
2026-01-01,Social,Desktop,545,503,1172,0.394,56.4,4
2026-01-01,Social,Mobile,521,486,1871,0.456,174.8,7
2026-01-01,Social,Tablet,59,47,127,0.344,63.7,1
2026-01-01,Direct,Desktop,224,197,774,0.603,152.6,4
2026-01-01,Direct,Mobile,396,331,1146,0.502,45.1,9
2026-01-01,Direct,Tablet,48,45,130,0.497,208.6,1
2026-01-01,Email,Desktop,79,69,288,0.531,221.4,1
2026-01-01,Email,Mobile,163,135,374,0.405,45.5,3
2026-01-01,Email,Tablet,24,18,52,0.376,46.7,0
2026-01-01,Referral,Desktop,84,76,237,0.531,209.8,2
2026-01-01,Referral,Mobile,105,79,342,0.657,60.3,2
2026-01-01,Referral,Tablet,19,16,34,0.394,203.9,0
2026-01-02,Organic Search,Desktop,900,828,2810,0.532,141.7,22
2026-01-02,Organic Search,Mobile,751,711,2909,0.497,49.1,6
2026-01-02,Organic Search,Tablet,145,109,395,0.303,239.5,1
2026-01-02,Paid Search,Desktop,225,187,954,0.616,159.5,1
2026-01-02,Paid Search,Mobile,486,453,1424,0.653,220.8,14
2026-01-02,Paid Search,Tablet,60,56,268,0.472,130.1,1
2026-01-02,Social,Desktop,522,402,1254,0.398,156.9,6
2026-01-02,Social,Mobile,546,461,2229,0.673,197.3,3
2026-01-02,Social,Tablet,103,91,316,0.602,172.4,2
2026-01-02,Direct,Desktop,256,234,981,0.642,192.3,6
2026-01-02,Direct,Mobile,428,347,1374,0.586,189.0,4
2026-01-02,Direct,Tablet,53,49,192,0.642,219.2,1
2026-01-02,Email,Desktop,126,117,228,0.319,57.9,2
2026-01-02,Email,Mobile,123,99,460,0.593,167.5,3
2026-01-02,Email,Tablet,20,16,81,0.478,115.8,0
2026-01-02,Referral,Desktop,103,97,245,0.547,91.3,2
2026-01-02,Referral,Mobile,124,102,482,0.622,178.1,0
2026-01-02,Referral,Tablet,16,13,40,0.678,215.2,0
2026-01-03,Organic Search,Desktop,823,724,2522,0.556,127.9,15
2026-01-03,Organic Search,Mobile,1058,947,3870,0.586,139.3,11
2026-01-03,Organic Search,Tablet,161,130,356,0.571,179.4,1
2026-01-03,Paid Search,Desktop,249,200,1010,0.674,111.1,6
2026-01-03,Paid Search,Mobile,436,367,1736,0.494,91.6,9
2026-01-03,Paid Search,Tablet,69,58,131,0.519,132.6,1
2026-01-03,Social,Desktop,429,401,1675,0.413,108.0,10
2026-01-03,Social,Mobile,532,483,2284,0.538,51.7,3
2026-01-03,Social,Tablet,79,71,349,0.694,201.7,1
2026-01-03,Direct,Desktop,249,187,754,0.47,216.5,2
2026-01-03,Direct,Mobile,412,312,1742,0.393,177.0,8
2026-01-03,Direct,Tablet,45,36,124,0.515,80.5,0
2026-01-03,Email,Desktop,117,92,464,0.38,177.8,1
2026-01-03,Email,Mobile,193,154,468,0.302,222.5,5
2026-01-03,Email,Tablet,19,14,49,0.307,127.9,0
2026-01-03,Referral,Desktop,98,87,187,0.59,135.6,0
2026-01-03,Referral,Mobile,110,101,398,0.651,197.1,1
2026-01-03,Referral,Tablet,18,14,53,0.413,213.2,0
2026-01-04,Organic Search,Desktop,725,620,2837,0.543,111.3,16
2026-01-04,Organic Search,Mobile,1110,1030,4470,0.401,154.2,30
2026-01-04,Organic Search,Tablet,176,135,641,0.444,197.0,2
2026-01-04,Paid Search,Desktop,340,309,821,0.684,203.1,7
2026-01-04,Paid Search,Mobile,538,409,1002,0.44,122.5,10
2026-01-04,Paid Search,Tablet,68,63,247,0.579,162.3,1
2026-01-04,Social,Desktop,412,368,1257,0.546,147.0,9
2026-01-04,Social,Mobile,573,487,2354,0.453,80.0,5
2026-01-04,Social,Tablet,78,67,328,0.661,91.1,1
2026-01-04,Direct,Desktop,144,113,523,0.318,133.2,0
2026-01-04,Direct,Mobile,317,269,624,0.522,136.3,2
2026-01-04,Direct,Tablet,52,39,183,0.465,166.5,0
2026-01-04,Email,Desktop,97,80,329,0.586,187.6,1
2026-01-04,Email,Mobile,154,145,526,0.688,137.6,1
2026-01-04,Email,Tablet,23,20,78,0.444,157.4,0
2026-01-04,Referral,Desktop,94,70,386,0.673,182.4,1
2026-01-04,Referral,Mobile,90,69,292,0.305,213.3,0
2026-01-04,Referral,Tablet,14,12,39,0.565,152.8,0
2026-01-05,Organic Search,Desktop,644,560,2028,0.503,197.1,15
2026-01-05,Organic Search,Mobile,989,793,3768,0.46,79.0,5
2026-01-05,Organic Search,Tablet,136,114,452,0.659,111.4,3
2026-01-05,Paid Search,Desktop,305,240,1013,0.343,238.1,4
2026-01-05,Paid Search,Mobile,376,295,1270,0.692,135.4,9
2026-01-05,Paid Search,Tablet,58,53,123,0.305,71.6,1
2026-01-05,Social,Desktop,417,321,1677,0.614,53.5,5
2026-01-05,Social,Mobile,555,465,1343,0.435,178.4,7
2026-01-05,Social,Tablet,62,53,252,0.611,142.3,0
2026-01-05,Direct,Desktop,268,250,1025,0.308,88.0,7
2026-01-05,Direct,Mobile,384,331,774,0.4,196.7,9
2026-01-05,Direct,Tablet,55,48,180,0.495,95.7,1
2026-01-05,Email,Desktop,123,97,531,0.689,151.0,1
2026-01-05,Email,Mobile,124,105,291,0.635,112.6,2
2026-01-05,Email,Tablet,18,14,32,0.518,103.2,0
2026-01-05,Referral,Desktop,70,55,175,0.389,186.2,1
2026-01-05,Referral,Mobile,113,94,261,0.342,74.7,3
2026-01-05,Referral,Tablet,15,12,65,0.398,57.2,0
2026-01-06,Organic Search,Desktop,701,541,2497,0.596,83.8,4
2026-01-06,Organic Search,Mobile,992,863,2353,0.524,215.1,7
2026-01-06,Organic Search,Tablet,164,129,440,0.539,188.2,1
2026-01-06,Paid Search,Desktop,217,191,973,0.546,87.6,6
2026-01-06,Paid Search,Mobile,401,310,1704,0.579,81.4,8
2026-01-06,Paid Search,Tablet,67,58,161,0.696,118.8,1
2026-01-06,Social,Desktop,374,349,1576,0.621,130.1,9
2026-01-06,Social,Mobile,520,399,1561,0.622,121.5,9
2026-01-06,Social,Tablet,73,63,228,0.674,204.8,1
2026-01-06,Direct,Desktop,196,159,877,0.564,195.0,1
2026-01-06,Direct,Mobile,318,261,1253,0.612,122.5,2
2026-01-06,Direct,Tablet,48,42,153,0.492,172.4,0
2026-01-06,Email,Desktop,88,74,385,0.615,209.1,0
2026-01-06,Email,Mobile,140,115,481,0.638,214.3,2
2026-01-06,Email,Tablet,18,14,79,0.433,146.0,0
2026-01-06,Referral,Desktop,73,68,179,0.544,69.7,1
2026-01-06,Referral,Mobile,96,84,371,0.433,69.4,1
2026-01-06,Referral,Tablet,17,13,32,0.448,62.8,0
2026-01-07,Organic Search,Desktop,556,474,1437,0.32,129.3,15
2026-01-07,Organic Search,Mobile,941,785,2281,0.688,236.1,15
2026-01-07,Organic Search,Tablet,143,113,456,0.54,163.0,1
2026-01-07,Paid Search,Desktop,346,304,843,0.51,239.0,7
2026-01-07,Paid Search,Mobile,467,422,2051,0.697,194.7,5
2026-01-07,Paid Search,Tablet,57,50,188,0.563,64.9,1
2026-01-07,Social,Desktop,318,274,919,0.678,234.7,8
2026-01-07,Social,Mobile,338,273,634,0.543,151.7,2
2026-01-07,Social,Tablet,91,83,350,0.448,176.1,2
2026-01-07,Direct,Desktop,194,154,443,0.67,87.7,1
2026-01-07,Direct,Mobile,346,269,801,0.316,103.1,6
2026-01-07,Direct,Tablet,56,45,173,0.309,51.1,1
2026-01-07,Email,Desktop,119,110,384,0.686,90.5,2
2026-01-07,Email,Mobile,129,117,345,0.407,89.6,2
2026-01-07,Email,Tablet,17,15,44,0.535,113.1,0
2026-01-07,Referral,Desktop,94,78,222,0.354,115.3,2
2026-01-07,Referral,Mobile,77,61,268,0.464,88.6,2
2026-01-07,Referral,Tablet,12,9,40,0.541,233.5,0
2026-01-08,Organic Search,Desktop,719,682,2317,0.679,161.3,16
2026-01-08,Organic Search,Mobile,1048,804,2994,0.542,60.6,6
2026-01-08,Organic Search,Tablet,175,157,726,0.686,119.1,3
2026-01-08,Paid Search,Desktop,250,197,458,0.411,133.4,7
2026-01-08,Paid Search,Mobile,414,336,1476,0.693,146.5,6
2026-01-08,Paid Search,Tablet,63,51,178,0.308,152.6,1
2026-01-08,Social,Desktop,387,352,1087,0.585,214.0,10
2026-01-08,Social,Mobile,551,498,2451,0.454,93.4,9
2026-01-08,Social,Tablet,92,74,386,0.436,195.0,1
2026-01-08,Direct,Desktop,232,214,648,0.366,72.2,4
2026-01-08,Direct,Mobile,313,271,1313,0.33,78.8,8
2026-01-08,Direct,Tablet,45,36,189,0.375,226.9,0
2026-01-08,Email,Desktop,97,73,209,0.63,187.6,2
2026-01-08,Email,Mobile,169,157,398,0.394,177.2,2
2026-01-08,Email,Tablet,21,16,87,0.308,225.7,0
2026-01-08,Referral,Desktop,70,58,209,0.556,49.9,0
2026-01-08,Referral,Mobile,82,73,311,0.314,161.5,1
2026-01-08,Referral,Tablet,22,19,55,0.523,171.4,0
2026-01-09,Organic Search,Desktop,703,569,2792,0.463,141.2,5
2026-01-09,Organic Search,Mobile,693,627,1839,0.691,177.1,5
2026-01-09,Organic Search,Tablet,177,150,538,0.656,145.4,4
2026-01-09,Paid Search,Desktop,258,215,815,0.548,162.2,2
2026-01-09,Paid Search,Mobile,448,425,1162,0.544,58.7,10
2026-01-09,Paid Search,Tablet,55,50,185,0.435,98.4,0
2026-01-09,Social,Desktop,397,350,1044,0.396,150.8,2
2026-01-09,Social,Mobile,502,452,1420,0.376,236.2,8
2026-01-09,Social,Tablet,91,84,285,0.645,176.2,1
2026-01-09,Direct,Desktop,262,213,1031,0.598,98.7,3
2026-01-09,Direct,Mobile,260,196,809,0.381,154.7,7
2026-01-09,Direct,Tablet,41,33,134,0.373,153.9,0
2026-01-09,Email,Desktop,101,79,452,0.447,101.6,2
2026-01-09,Email,Mobile,134,121,269,0.658,221.6,3
2026-01-09,Email,Tablet,23,21,96,0.567,208.1,0
2026-01-09,Referral,Desktop,86,74,234,0.581,56.3,0
2026-01-09,Referral,Mobile,154,134,314,0.526,72.8,3
2026-01-09,Referral,Tablet,15,11,55,0.58,207.4,0
2026-01-10,Organic Search,Desktop,859,683,3681,0.503,174.6,8
2026-01-10,Organic Search,Mobile,1002,861,2590,0.527,72.8,16
2026-01-10,Organic Search,Tablet,182,159,789,0.405,138.5,4
2026-01-10,Paid Search,Desktop,307,259,853,0.617,53.2,4
2026-01-10,Paid Search,Mobile,286,245,1156,0.604,231.9,3
2026-01-10,Paid Search,Tablet,57,43,251,0.657,154.1,1
2026-01-10,Social,Desktop,416,390,773,0.441,221.6,10
2026-01-10,Social,Mobile,520,483,1069,0.554,181.4,8
2026-01-10,Social,Tablet,79,69,204,0.573,166.4,0
2026-01-10,Direct,Desktop,270,231,527,0.327,213.8,6
2026-01-10,Direct,Mobile,358,287,1205,0.65,191.1,8
2026-01-10,Direct,Tablet,57,50,239,0.557,221.7,0
2026-01-10,Email,Desktop,105,80,267,0.391,195.4,2
2026-01-10,Email,Mobile,175,146,782,0.493,156.5,4
2026-01-10,Email,Tablet,28,24,118,0.653,57.4,0
2026-01-10,Referral,Desktop,103,85,204,0.456,221.3,2
2026-01-10,Referral,Mobile,102,94,183,0.355,233.0,2
2026-01-10,Referral,Tablet,19,17,78,0.329,86.6,0
2026-01-11,Organic Search,Desktop,856,671,2675,0.599,53.6,8
2026-01-11,Organic Search,Mobile,917,775,4062,0.499,233.5,4
2026-01-11,Organic Search,Tablet,174,139,421,0.661,54.8,4
2026-01-11,Paid Search,Desktop,305,258,1160,0.421,50.3,7
2026-01-11,Paid Search,Mobile,393,365,1522,0.56,230.6,11
2026-01-11,Paid Search,Tablet,66,61,280,0.604,152.0,1
2026-01-11,Social,Desktop,472,400,1152,0.62,229.5,11
2026-01-11,Social,Mobile,557,508,1861,0.58,99.5,9
2026-01-11,Social,Tablet,92,84,244,0.427,143.9,1
2026-01-11,Direct,Desktop,281,236,1212,0.58,119.1,7
2026-01-11,Direct,Mobile,335,290,1442,0.673,196.1,3
2026-01-11,Direct,Tablet,67,50,191,0.641,209.3,1
2026-01-11,Email,Desktop,108,86,225,0.502,131.6,2
2026-01-11,Email,Mobile,158,140,495,0.667,181.9,1
2026-01-11,Email,Tablet,25,21,89,0.591,226.7,0
2026-01-11,Referral,Desktop,78,67,162,0.531,218.3,0
2026-01-11,Referral,Mobile,150,117,273,0.659,141.4,2
2026-01-11,Referral,Tablet,17,13,32,0.419,105.7,0
2026-01-12,Organic Search,Desktop,883,799,3047,0.634,108.9,15
2026-01-12,Organic Search,Mobile,828,784,3616,0.442,120.7,18
2026-01-12,Organic Search,Tablet,98,88,194,0.517,50.3,1
2026-01-12,Paid Search,Desktop,289,271,770,0.335,45.4,2
2026-01-12,Paid Search,Mobile,339,280,1316,0.575,170.6,3
2026-01-12,Paid Search,Tablet,47,38,141,0.599,218.8,1
2026-01-12,Social,Desktop,466,409,970,0.676,153.9,3
2026-01-12,Social,Mobile,423,397,1880,0.692,85.8,6
2026-01-12,Social,Tablet,71,58,278,0.516,209.9,1
2026-01-12,Direct,Desktop,246,193,589,0.568,80.1,6
2026-01-12,Direct,Mobile,243,198,522,0.557,45.5,5
2026-01-12,Direct,Tablet,38,35,164,0.626,183.4,0
2026-01-12,Email,Desktop,113,88,382,0.411,154.8,2
2026-01-12,Email,Mobile,123,107,325,0.338,231.5,1
2026-01-12,Email,Tablet,21,15,86,0.611,226.6,0
2026-01-12,Referral,Desktop,84,70,305,0.606,110.3,1
2026-01-12,Referral,Mobile,112,96,451,0.452,179.9,3
2026-01-12,Referral,Tablet,22,17,68,0.522,117.2,0
2026-01-13,Organic Search,Desktop,735,586,1754,0.417,173.1,6
2026-01-13,Organic Search,Mobile,1142,1056,3232,0.591,95.7,10
2026-01-13,Organic Search,Tablet,135,123,243,0.463,127.4,1
2026-01-13,Paid Search,Desktop,267,238,561,0.402,104.9,1
2026-01-13,Paid Search,Mobile,359,276,1000,0.463,99.6,6
2026-01-13,Paid Search,Tablet,58,50,226,0.461,184.1,1
2026-01-13,Social,Desktop,449,404,1151,0.601,207.9,2
2026-01-13,Social,Mobile,467,440,1165,0.699,179.8,2
2026-01-13,Social,Tablet,56,46,101,0.604,59.6,1
2026-01-13,Direct,Desktop,225,173,930,0.546,215.1,6
2026-01-13,Direct,Mobile,294,273,1098,0.587,99.0,7
2026-01-13,Direct,Tablet,39,35,175,0.36,188.7,1
2026-01-13,Email,Desktop,114,104,292,0.646,120.4,0
2026-01-13,Email,Mobile,121,96,466,0.443,162.6,0
2026-01-13,Email,Tablet,23,20,44,0.699,143.4,0
2026-01-13,Referral,Desktop,90,82,356,0.533,127.6,1
2026-01-13,Referral,Mobile,118,107,303,0.369,136.0,2
2026-01-13,Referral,Tablet,18,13,38,0.353,216.3,0
2026-01-14,Organic Search,Desktop,807,742,3611,0.471,50.5,20
2026-01-14,Organic Search,Mobile,1141,952,4507,0.414,83.9,10
2026-01-14,Organic Search,Tablet,177,164,621,0.629,223.1,4
2026-01-14,Paid Search,Desktop,304,265,652,0.625,123.7,2
2026-01-14,Paid Search,Mobile,402,381,1044,0.348,184.1,7
2026-01-14,Paid Search,Tablet,64,54,167,0.602,91.0,0
2026-01-14,Social,Desktop,309,258,1104,0.664,198.0,7
2026-01-14,Social,Mobile,488,375,961,0.34,208.8,3
2026-01-14,Social,Tablet,67,51,284,0.416,211.8,1
2026-01-14,Direct,Desktop,262,227,815,0.433,118.1,4
2026-01-14,Direct,Mobile,354,294,853,0.559,94.2,8
2026-01-14,Direct,Tablet,48,44,159,0.353,224.6,1
2026-01-14,Email,Desktop,116,92,365,0.691,119.6,3
2026-01-14,Email,Mobile,136,120,546,0.54,73.2,2
2026-01-14,Email,Tablet,17,13,66,0.567,95.5,0
2026-01-14,Referral,Desktop,66,56,223,0.592,74.9,0
2026-01-14,Referral,Mobile,117,104,407,0.314,201.9,1
2026-01-14,Referral,Tablet,15,11,58,0.594,116.3,0
2026-01-15,Organic Search,Desktop,755,621,2866,0.691,72.4,15
2026-01-15,Organic Search,Mobile,698,559,2935,0.598,110.0,10
2026-01-15,Organic Search,Tablet,134,107,365,0.311,114.4,1
2026-01-15,Paid Search,Desktop,299,254,954,0.444,140.8,6
2026-01-15,Paid Search,Mobile,479,394,1222,0.335,47.8,13
2026-01-15,Paid Search,Tablet,64,57,174,0.365,196.4,1
2026-01-15,Social,Desktop,472,414,1504,0.409,187.3,12
2026-01-15,Social,Mobile,551,477,2433,0.418,130.6,6
2026-01-15,Social,Tablet,63,47,163,0.635,96.5,0
2026-01-15,Direct,Desktop,317,285,775,0.358,76.1,1
2026-01-15,Direct,Mobile,403,340,1642,0.498,109.1,9
2026-01-15,Direct,Tablet,54,49,201,0.684,239.2,1
2026-01-15,Email,Desktop,117,108,333,0.593,147.9,1
2026-01-15,Email,Mobile,144,110,338,0.538,205.6,2
2026-01-15,Email,Tablet,22,19,45,0.527,139.4,0
2026-01-15,Referral,Desktop,102,79,282,0.601,231.4,1
2026-01-15,Referral,Mobile,97,73,331,0.684,69.6,2
2026-01-15,Referral,Tablet,19,17,43,0.616,138.4,0
2026-01-16,Organic Search,Desktop,679,592,1344,0.37,102.8,11
2026-01-16,Organic Search,Mobile,1121,1038,5011,0.393,137.5,27
2026-01-16,Organic Search,Tablet,130,120,466,0.511,63.6,1
2026-01-16,Paid Search,Desktop,323,257,1141,0.643,165.4,8
2026-01-16,Paid Search,Mobile,414,379,1546,0.408,139.6,9
2026-01-16,Paid Search,Tablet,59,44,137,0.539,53.8,1
2026-01-16,Social,Desktop,339,304,1191,0.674,235.4,9
2026-01-16,Social,Mobile,447,413,1675,0.683,142.1,8
2026-01-16,Social,Tablet,69,61,196,0.591,164.7,1
2026-01-16,Direct,Desktop,257,241,724,0.585,117.5,2
2026-01-16,Direct,Mobile,334,262,782,0.594,176.6,8
2026-01-16,Direct,Tablet,60,56,132,0.516,107.7,1
2026-01-16,Email,Desktop,105,90,349,0.4,184.6,1
2026-01-16,Email,Mobile,172,162,403,0.524,56.0,4
2026-01-16,Email,Tablet,17,14,51,0.382,149.4,0
2026-01-16,Referral,Desktop,71,62,147,0.69,118.6,1
2026-01-16,Referral,Mobile,92,85,340,0.401,233.4,1
2026-01-16,Referral,Tablet,9,6,26,0.46,61.2,0
2026-01-17,Organic Search,Desktop,725,590,2901,0.628,83.4,14
2026-01-17,Organic Search,Mobile,1070,906,4021,0.695,164.6,6
2026-01-17,Organic Search,Tablet,201,168,805,0.354,238.3,4
2026-01-17,Paid Search,Desktop,351,326,1535,0.659,100.9,1
2026-01-17,Paid Search,Mobile,365,337,974,0.6,235.3,7
2026-01-17,Paid Search,Tablet,58,49,260,0.315,208.1,1
2026-01-17,Social,Desktop,491,393,1799,0.369,124.1,4
2026-01-17,Social,Mobile,511,466,1705,0.445,98.8,13
2026-01-17,Social,Tablet,73,64,179,0.367,99.6,1
2026-01-17,Direct,Desktop,345,319,1104,0.377,224.9,7
2026-01-17,Direct,Mobile,342,323,1225,0.305,113.5,9
2026-01-17,Direct,Tablet,70,54,186,0.685,108.1,0
2026-01-17,Email,Desktop,100,81,402,0.508,63.4,2
2026-01-17,Email,Mobile,149,128,421,0.377,129.8,2
2026-01-17,Email,Tablet,22,20,85,0.574,223.8,0
2026-01-17,Referral,Desktop,105,86,277,0.677,200.3,2
2026-01-17,Referral,Mobile,129,113,415,0.397,149.2,2
2026-01-17,Referral,Tablet,22,18,74,0.694,153.7,0
2026-01-18,Organic Search,Desktop,897,811,3305,0.497,145.3,21
2026-01-18,Organic Search,Mobile,938,749,3118,0.472,174.1,15
2026-01-18,Organic Search,Tablet,160,147,568,0.37,152.3,1
2026-01-18,Paid Search,Desktop,334,265,751,0.474,97.6,5
2026-01-18,Paid Search,Mobile,480,428,1114,0.312,124.8,12
2026-01-18,Paid Search,Tablet,68,58,209,0.487,229.8,1
2026-01-18,Social,Desktop,450,365,1395,0.313,222.3,12
2026-01-18,Social,Mobile,424,335,1321,0.561,116.4,10
2026-01-18,Social,Tablet,72,66,191,0.4,125.1,0
2026-01-18,Direct,Desktop,303,229,774,0.576,119.2,3
2026-01-18,Direct,Mobile,374,327,1664,0.396,63.2,5
2026-01-18,Direct,Tablet,52,42,176,0.448,188.0,0
2026-01-18,Email,Desktop,132,115,558,0.386,167.8,1
2026-01-18,Email,Mobile,136,118,587,0.352,58.3,0
2026-01-18,Email,Tablet,22,20,72,0.345,207.2,0
2026-01-18,Referral,Desktop,99,83,344,0.678,204.4,2
2026-01-18,Referral,Mobile,118,99,256,0.369,85.4,3
2026-01-18,Referral,Tablet,20,16,87,0.361,88.0,0
2026-01-19,Organic Search,Desktop,835,683,2578,0.694,101.2,5
2026-01-19,Organic Search,Mobile,1170,925,5113,0.321,155.3,12
2026-01-19,Organic Search,Tablet,154,119,500,0.48,226.6,1
2026-01-19,Paid Search,Desktop,358,271,1532,0.418,54.5,6
2026-01-19,Paid Search,Mobile,443,386,1120,0.449,174.6,3
2026-01-19,Paid Search,Tablet,69,59,172,0.307,119.9,2
2026-01-19,Social,Desktop,435,367,882,0.654,105.4,6
2026-01-19,Social,Mobile,398,361,810,0.559,143.0,10
2026-01-19,Social,Tablet,69,56,276,0.531,224.4,0
2026-01-19,Direct,Desktop,203,165,607,0.669,226.6,1
2026-01-19,Direct,Mobile,342,318,1195,0.467,160.9,2
2026-01-19,Direct,Tablet,45,34,120,0.686,135.5,0
2026-01-19,Email,Desktop,117,94,275,0.365,221.3,2
2026-01-19,Email,Mobile,166,129,511,0.507,45.6,3
2026-01-19,Email,Tablet,21,17,92,0.559,113.8,0
2026-01-19,Referral,Desktop,69,64,257,0.378,128.7,1
2026-01-19,Referral,Mobile,120,106,341,0.641,102.7,2
2026-01-19,Referral,Tablet,16,13,58,0.648,201.8,0
2026-01-20,Organic Search,Desktop,793,630,1570,0.307,233.4,21
2026-01-20,Organic Search,Mobile,1068,880,4436,0.669,64.6,29
2026-01-20,Organic Search,Tablet,150,114,553,0.685,170.0,2
2026-01-20,Paid Search,Desktop,277,244,1012,0.342,187.8,5
2026-01-20,Paid Search,Mobile,340,263,793,0.609,124.4,2
2026-01-20,Paid Search,Tablet,74,56,234,0.357,210.0,0
2026-01-20,Social,Desktop,351,301,1151,0.659,236.6,2
2026-01-20,Social,Mobile,487,391,1366,0.593,45.3,9
2026-01-20,Social,Tablet,78,72,295,0.316,96.7,1
2026-01-20,Direct,Desktop,311,266,804,0.405,182.9,5
2026-01-20,Direct,Mobile,264,215,519,0.573,123.0,2
2026-01-20,Direct,Tablet,47,41,130,0.414,99.6,0
2026-01-20,Email,Desktop,98,86,184,0.595,82.4,2
2026-01-20,Email,Mobile,140,132,613,0.644,120.4,3
2026-01-20,Email,Tablet,22,19,94,0.575,135.0,0
2026-01-20,Referral,Desktop,83,72,297,0.588,187.9,0
2026-01-20,Referral,Mobile,95,73,300,0.681,92.1,1
2026-01-20,Referral,Tablet,20,15,37,0.585,86.0,0
2026-01-21,Organic Search,Desktop,748,619,3205,0.604,226.7,15
2026-01-21,Organic Search,Mobile,952,763,3511,0.439,195.6,6
2026-01-21,Organic Search,Tablet,116,104,318,0.422,127.9,2
2026-01-21,Paid Search,Desktop,275,244,1105,0.395,196.8,7
2026-01-21,Paid Search,Mobile,297,276,763,0.537,67.3,5
2026-01-21,Paid Search,Tablet,72,55,203,0.605,160.1,1
2026-01-21,Social,Desktop,432,333,1220,0.598,113.7,11
2026-01-21,Social,Mobile,454,418,923,0.586,108.1,7
2026-01-21,Social,Tablet,67,52,257,0.634,176.8,0
2026-01-21,Direct,Desktop,255,193,479,0.384,142.9,7
2026-01-21,Direct,Mobile,329,253,745,0.415,175.2,3
2026-01-21,Direct,Tablet,53,46,135,0.445,138.5,1
2026-01-21,Email,Desktop,115,100,335,0.446,122.8,0
2026-01-21,Email,Mobile,130,106,313,0.579,90.8,3
2026-01-21,Email,Tablet,20,15,59,0.512,214.3,0
2026-01-21,Referral,Desktop,82,67,246,0.69,122.2,1
2026-01-21,Referral,Mobile,83,77,273,0.335,121.5,1
2026-01-21,Referral,Tablet,16,13,71,0.49,113.7,0
2026-01-22,Organic Search,Desktop,735,614,3251,0.667,95.5,16
2026-01-22,Organic Search,Mobile,994,863,2672,0.434,162.0,24
2026-01-22,Organic Search,Tablet,130,112,553,0.389,178.3,0
2026-01-22,Paid Search,Desktop,298,279,593,0.548,218.4,3
2026-01-22,Paid Search,Mobile,338,295,1185,0.609,122.6,9
2026-01-22,Paid Search,Tablet,57,43,201,0.657,194.6,0
2026-01-22,Social,Desktop,368,341,804,0.684,114.5,9
2026-01-22,Social,Mobile,405,311,1194,0.583,193.5,8
2026-01-22,Social,Tablet,95,83,182,0.539,191.9,0
2026-01-22,Direct,Desktop,224,209,879,0.349,206.3,2
2026-01-22,Direct,Mobile,322,297,1313,0.48,183.6,7
2026-01-22,Direct,Tablet,42,35,139,0.536,63.2,1
2026-01-22,Email,Desktop,90,82,183,0.56,184.2,1
2026-01-22,Email,Mobile,115,92,367,0.3,236.5,2
2026-01-22,Email,Tablet,26,23,72,0.327,122.9,0
2026-01-22,Referral,Desktop,73,60,191,0.487,82.0,2
2026-01-22,Referral,Mobile,117,102,216,0.396,225.4,1
2026-01-22,Referral,Tablet,14,12,42,0.396,166.2,0
2026-01-23,Organic Search,Desktop,800,669,2623,0.473,143.6,17
2026-01-23,Organic Search,Mobile,720,580,3000,0.495,238.3,14
2026-01-23,Organic Search,Tablet,167,126,321,0.629,121.6,2
2026-01-23,Paid Search,Desktop,300,257,1182,0.537,136.1,2
2026-01-23,Paid Search,Mobile,337,286,1106,0.395,160.0,9
2026-01-23,Paid Search,Tablet,68,57,174,0.601,201.2,1
2026-01-23,Social,Desktop,328,287,806,0.641,140.6,6
2026-01-23,Social,Mobile,562,450,2283,0.527,112.9,15
2026-01-23,Social,Tablet,81,65,252,0.406,56.4,1
2026-01-23,Direct,Desktop,270,208,1065,0.347,166.4,6
2026-01-23,Direct,Mobile,348,291,926,0.482,202.1,8
2026-01-23,Direct,Tablet,53,43,201,0.314,105.7,0
2026-01-23,Email,Desktop,118,94,353,0.453,154.8,0
2026-01-23,Email,Mobile,160,137,435,0.571,187.2,1
2026-01-23,Email,Tablet,18,14,78,0.515,200.0,0
2026-01-23,Referral,Desktop,83,73,271,0.332,175.1,2
2026-01-23,Referral,Mobile,79,62,307,0.348,164.2,1
2026-01-23,Referral,Tablet,18,14,50,0.455,172.4,0
2026-01-24,Organic Search,Desktop,978,765,3142,0.545,182.2,15
2026-01-24,Organic Search,Mobile,1272,1168,3391,0.576,71.7,11
2026-01-24,Organic Search,Tablet,159,119,615,0.316,69.6,4
2026-01-24,Paid Search,Desktop,302,228,1144,0.376,216.7,1
2026-01-24,Paid Search,Mobile,393,316,882,0.53,84.3,6
2026-01-24,Paid Search,Tablet,62,54,206,0.636,167.9,1
2026-01-24,Social,Desktop,409,318,1208,0.305,178.2,7
2026-01-24,Social,Mobile,652,535,2812,0.535,220.0,7
2026-01-24,Social,Tablet,93,75,354,0.453,118.7,2
2026-01-24,Direct,Desktop,325,300,858,0.611,101.8,2
2026-01-24,Direct,Mobile,348,306,1076,0.413,172.8,2
2026-01-24,Direct,Tablet,59,44,182,0.68,75.4,1
2026-01-24,Email,Desktop,113,94,260,0.35,156.9,3
2026-01-24,Email,Mobile,121,109,253,0.58,127.7,1
2026-01-24,Email,Tablet,22,17,98,0.458,134.5,0
2026-01-24,Referral,Desktop,99,80,281,0.575,170.4,2
2026-01-24,Referral,Mobile,117,104,386,0.357,160.3,0
2026-01-24,Referral,Tablet,19,16,65,0.637,150.0,0
2026-01-25,Organic Search,Desktop,939,723,3758,0.657,228.7,25
2026-01-25,Organic Search,Mobile,1333,1073,3293,0.548,221.4,34
2026-01-25,Organic Search,Tablet,161,124,335,0.327,75.0,3
2026-01-25,Paid Search,Desktop,341,283,1061,0.384,188.5,4
2026-01-25,Paid Search,Mobile,408,335,1019,0.403,232.4,6
2026-01-25,Paid Search,Tablet,63,49,123,0.401,215.6,0
2026-01-25,Social,Desktop,471,445,1255,0.512,218.3,9
2026-01-25,Social,Mobile,523,447,2089,0.543,211.0,13
2026-01-25,Social,Tablet,89,81,336,0.367,144.4,2
2026-01-25,Direct,Desktop,287,239,539,0.441,77.5,3
2026-01-25,Direct,Mobile,438,388,1847,0.643,88.0,4
2026-01-25,Direct,Tablet,59,53,264,0.483,205.9,1
2026-01-25,Email,Desktop,99,77,432,0.547,164.2,1
2026-01-25,Email,Mobile,174,159,318,0.518,132.0,2
2026-01-25,Email,Tablet,24,18,66,0.479,188.4,0
2026-01-25,Referral,Desktop,72,57,257,0.314,187.7,1
2026-01-25,Referral,Mobile,143,133,305,0.458,110.4,4
2026-01-25,Referral,Tablet,17,14,71,0.429,58.9,0
2026-01-26,Organic Search,Desktop,749,562,2682,0.458,73.1,4
2026-01-26,Organic Search,Mobile,1064,829,4658,0.327,137.2,10
2026-01-26,Organic Search,Tablet,194,179,676,0.348,107.0,1
2026-01-26,Paid Search,Desktop,275,235,807,0.391,216.0,2
2026-01-26,Paid Search,Mobile,329,257,1179,0.374,184.7,8
2026-01-26,Paid Search,Tablet,82,65,313,0.588,200.7,1
2026-01-26,Social,Desktop,281,227,841,0.587,217.1,3
2026-01-26,Social,Mobile,433,401,1064,0.497,153.6,9
2026-01-26,Social,Tablet,79,68,338,0.4,147.0,0
2026-01-26,Direct,Desktop,293,275,734,0.394,163.8,4
2026-01-26,Direct,Mobile,268,235,504,0.304,138.6,1
2026-01-26,Direct,Tablet,46,41,199,0.698,184.7,1
2026-01-26,Email,Desktop,64,56,201,0.684,104.2,1
2026-01-26,Email,Mobile,125,95,449,0.404,100.4,1
2026-01-26,Email,Tablet,20,17,58,0.527,165.7,0
2026-01-26,Referral,Desktop,88,79,375,0.435,69.6,1
2026-01-26,Referral,Mobile,121,93,282,0.374,51.2,3
2026-01-26,Referral,Tablet,19,15,41,0.568,229.2,0
2026-01-27,Organic Search,Desktop,680,517,1852,0.408,238.4,19
2026-01-27,Organic Search,Mobile,1030,798,2899,0.621,226.8,8
2026-01-27,Organic Search,Tablet,168,139,544,0.634,197.4,1
2026-01-27,Paid Search,Desktop,320,241,1418,0.548,83.4,7
2026-01-27,Paid Search,Mobile,306,276,709,0.7,234.7,5
2026-01-27,Paid Search,Tablet,57,42,220,0.611,149.2,0
2026-01-27,Social,Desktop,377,292,1018,0.436,216.6,3
2026-01-27,Social,Mobile,406,347,1303,0.553,139.0,9
2026-01-27,Social,Tablet,82,75,300,0.597,54.0,0
2026-01-27,Direct,Desktop,234,210,995,0.363,153.0,3
2026-01-27,Direct,Mobile,286,242,775,0.428,79.4,5
2026-01-27,Direct,Tablet,48,38,212,0.646,219.2,1
2026-01-27,Email,Desktop,120,96,442,0.582,153.5,3
2026-01-27,Email,Mobile,138,126,324,0.344,122.5,2
2026-01-27,Email,Tablet,24,21,67,0.462,102.0,0
2026-01-27,Referral,Desktop,80,66,183,0.592,197.5,1
2026-01-27,Referral,Mobile,112,92,235,0.313,129.5,2
2026-01-27,Referral,Tablet,13,11,25,0.594,53.7,0
2026-01-28,Organic Search,Desktop,782,654,3334,0.611,59.1,7
2026-01-28,Organic Search,Mobile,848,713,2592,0.406,222.8,20
2026-01-28,Organic Search,Tablet,170,133,492,0.694,125.1,4
2026-01-28,Paid Search,Desktop,371,317,1201,0.546,106.6,3
2026-01-28,Paid Search,Mobile,365,326,720,0.394,129.0,5
2026-01-28,Paid Search,Tablet,59,54,121,0.654,163.4,1
2026-01-28,Social,Desktop,394,314,730,0.674,96.5,7
2026-01-28,Social,Mobile,342,313,1321,0.476,204.1,5
2026-01-28,Social,Tablet,70,54,169,0.654,92.7,1
2026-01-28,Direct,Desktop,181,146,672,0.471,234.6,2
2026-01-28,Direct,Mobile,408,316,1176,0.418,228.0,3
2026-01-28,Direct,Tablet,67,52,243,0.337,163.2,1
2026-01-28,Email,Desktop,96,84,366,0.538,221.3,0
2026-01-28,Email,Mobile,147,120,472,0.393,159.3,3
2026-01-28,Email,Tablet,19,15,74,0.592,149.9,0
2026-01-28,Referral,Desktop,79,64,173,0.675,235.2,0
2026-01-28,Referral,Mobile,78,60,343,0.544,165.2,2
2026-01-28,Referral,Tablet,17,15,60,0.584,48.2,0
2026-01-29,Organic Search,Desktop,548,463,1321,0.584,83.7,7
2026-01-29,Organic Search,Mobile,822,730,2291,0.61,149.6,5
2026-01-29,Organic Search,Tablet,130,117,366,0.463,219.8,2
2026-01-29,Paid Search,Desktop,217,170,514,0.534,208.5,2
2026-01-29,Paid Search,Mobile,330,281,1229,0.537,238.1,3
2026-01-29,Paid Search,Tablet,67,52,181,0.337,112.4,1
2026-01-29,Social,Desktop,384,354,1699,0.426,139.4,7
2026-01-29,Social,Mobile,540,456,1972,0.308,70.5,12
2026-01-29,Social,Tablet,79,68,228,0.644,145.6,2
2026-01-29,Direct,Desktop,271,231,701,0.601,187.0,1
2026-01-29,Direct,Mobile,336,291,698,0.455,134.4,8
2026-01-29,Direct,Tablet,51,48,182,0.578,103.4,1
2026-01-29,Email,Desktop,93,79,247,0.499,155.4,1
2026-01-29,Email,Mobile,167,158,513,0.447,61.5,1
2026-01-29,Email,Tablet,19,15,56,0.405,45.0,0
2026-01-29,Referral,Desktop,93,78,307,0.566,51.5,1
2026-01-29,Referral,Mobile,98,91,391,0.56,134.8,2
2026-01-29,Referral,Tablet,13,10,46,0.7,99.4,0
2026-01-30,Organic Search,Desktop,736,581,1584,0.412,125.2,16
2026-01-30,Organic Search,Mobile,1082,1018,3333,0.698,60.7,8
2026-01-30,Organic Search,Tablet,119,89,412,0.515,102.0,1
2026-01-30,Paid Search,Desktop,311,250,914,0.391,61.1,2
2026-01-30,Paid Search,Mobile,351,297,1506,0.61,181.6,9
2026-01-30,Paid Search,Tablet,46,40,133,0.636,130.5,0
2026-01-30,Social,Desktop,452,390,1207,0.446,225.5,3
2026-01-30,Social,Mobile,544,457,2267,0.507,120.4,5
2026-01-30,Social,Tablet,73,65,316,0.445,178.4,1
2026-01-30,Direct,Desktop,207,180,790,0.624,169.2,4
2026-01-30,Direct,Mobile,354,291,795,0.438,107.3,5
2026-01-30,Direct,Tablet,40,33,133,0.32,181.7,1
2026-01-30,Email,Desktop,117,101,523,0.695,53.9,3
2026-01-30,Email,Mobile,156,123,667,0.542,112.8,2
2026-01-30,Email,Tablet,16,12,45,0.5,68.6,0
2026-01-30,Referral,Desktop,96,73,248,0.668,117.3,0
2026-01-30,Referral,Mobile,96,87,224,0.374,73.2,1
2026-01-30,Referral,Tablet,19,16,57,0.462,106.4,0
2026-01-31,Organic Search,Desktop,786,646,3178,0.542,147.5,20
2026-01-31,Organic Search,Mobile,1007,814,2044,0.661,130.5,15
2026-01-31,Organic Search,Tablet,172,129,587,0.491,227.9,2
2026-01-31,Paid Search,Desktop,324,295,1093,0.504,164.0,8
2026-01-31,Paid Search,Mobile,509,436,1281,0.418,113.5,6
2026-01-31,Paid Search,Tablet,51,41,92,0.695,96.8,0
2026-01-31,Social,Desktop,433,386,1588,0.308,237.4,2
2026-01-31,Social,Mobile,617,552,1877,0.681,127.2,13
2026-01-31,Social,Tablet,89,72,306,0.359,81.0,0
2026-01-31,Direct,Desktop,272,218,1205,0.458,80.9,5
2026-01-31,Direct,Mobile,347,303,884,0.474,68.9,3
2026-01-31,Direct,Tablet,43,40,173,0.682,135.1,1
2026-01-31,Email,Desktop,115,92,423,0.371,48.9,0
2026-01-31,Email,Mobile,136,120,507,0.678,124.1,2
2026-01-31,Email,Tablet,25,21,76,0.55,52.2,0
2026-01-31,Referral,Desktop,83,77,223,0.363,87.1,2
2026-01-31,Referral,Mobile,131,99,338,0.451,150.6,0
2026-01-31,Referral,Tablet,24,18,102,0.406,121.1,0
2026-02-01,Organic Search,Desktop,752,697,1777,0.421,153.4,21
2026-02-01,Organic Search,Mobile,977,749,3311,0.676,170.0,10
2026-02-01,Organic Search,Tablet,182,147,341,0.535,92.2,1
2026-02-01,Paid Search,Desktop,258,216,756,0.664,120.5,7
2026-02-01,Paid Search,Mobile,433,393,841,0.308,230.9,10
2026-02-01,Paid Search,Tablet,66,50,145,0.654,60.0,0
2026-02-01,Social,Desktop,439,413,1774,0.621,55.3,12
2026-02-01,Social,Mobile,446,349,1148,0.478,196.6,6
2026-02-01,Social,Tablet,72,68,295,0.382,180.8,1
2026-02-01,Direct,Desktop,317,266,674,0.554,105.6,2
2026-02-01,Direct,Mobile,336,269,1415,0.653,76.4,2
2026-02-01,Direct,Tablet,57,52,204,0.384,86.0,1
2026-02-01,Email,Desktop,109,93,305,0.681,156.1,1
2026-02-01,Email,Mobile,145,123,281,0.312,120.3,2
2026-02-01,Email,Tablet,25,19,99,0.554,216.1,0
2026-02-01,Referral,Desktop,90,76,358,0.603,85.7,0
2026-02-01,Referral,Mobile,99,76,185,0.592,223.9,1
2026-02-01,Referral,Tablet,19,16,60,0.341,145.6,0
2026-02-02,Organic Search,Desktop,619,476,1194,0.437,59.1,8
2026-02-02,Organic Search,Mobile,943,767,3950,0.509,229.3,6
2026-02-02,Organic Search,Tablet,141,126,364,0.383,116.3,2
2026-02-02,Paid Search,Desktop,327,263,1290,0.451,107.5,7
2026-02-02,Paid Search,Mobile,297,281,1096,0.346,178.4,5
2026-02-02,Paid Search,Tablet,65,59,198,0.583,138.9,0
2026-02-02,Social,Desktop,369,294,947,0.531,203.2,6
2026-02-02,Social,Mobile,554,436,1832,0.651,118.0,4
2026-02-02,Social,Tablet,70,62,253,0.446,162.3,1
2026-02-02,Direct,Desktop,226,205,892,0.431,114.4,6
2026-02-02,Direct,Mobile,383,350,1057,0.678,187.2,7
2026-02-02,Direct,Tablet,58,47,175,0.424,78.4,1
2026-02-02,Email,Desktop,125,117,530,0.345,164.1,1
2026-02-02,Email,Mobile,129,99,577,0.485,190.1,3
2026-02-02,Email,Tablet,22,20,52,0.699,111.6,0
2026-02-02,Referral,Desktop,91,73,352,0.49,168.1,1
2026-02-02,Referral,Mobile,122,106,422,0.328,163.4,1
2026-02-02,Referral,Tablet,19,16,79,0.482,199.4,0
2026-02-03,Organic Search,Desktop,528,436,1031,0.453,80.3,6
2026-02-03,Organic Search,Mobile,934,806,3993,0.596,90.4,24
2026-02-03,Organic Search,Tablet,171,139,317,0.327,75.3,3
2026-02-03,Paid Search,Desktop,316,242,1396,0.47,176.5,4
2026-02-03,Paid Search,Mobile,392,317,939,0.62,116.0,4
2026-02-03,Paid Search,Tablet,64,58,154,0.525,195.9,0
2026-02-03,Social,Desktop,360,316,1275,0.311,223.3,3
2026-02-03,Social,Mobile,633,594,2435,0.417,129.9,6
2026-02-03,Social,Tablet,70,63,242,0.321,172.5,0
2026-02-03,Direct,Desktop,216,178,435,0.563,127.6,2
2026-02-03,Direct,Mobile,346,323,1024,0.409,166.8,9
2026-02-03,Direct,Tablet,40,34,110,0.303,77.9,1
2026-02-03,Email,Desktop,92,84,302,0.45,127.4,0
2026-02-03,Email,Mobile,122,114,463,0.415,174.7,3
2026-02-03,Email,Tablet,16,13,37,0.512,97.5,0
2026-02-03,Referral,Desktop,96,80,353,0.302,188.1,2
2026-02-03,Referral,Mobile,110,102,448,0.301,89.1,1
2026-02-03,Referral,Tablet,13,11,53,0.382,167.0,0
2026-02-04,Organic Search,Desktop,629,510,1556,0.464,203.0,4
2026-02-04,Organic Search,Mobile,858,664,1629,0.504,93.9,22
2026-02-04,Organic Search,Tablet,160,130,315,0.638,219.1,4
2026-02-04,Paid Search,Desktop,249,205,1097,0.581,110.5,5
2026-02-04,Paid Search,Mobile,430,369,1887,0.388,59.2,9
2026-02-04,Paid Search,Tablet,49,45,196,0.439,114.6,1
2026-02-04,Social,Desktop,392,311,828,0.513,86.0,3
2026-02-04,Social,Mobile,372,282,1069,0.589,121.0,4
2026-02-04,Social,Tablet,80,62,300,0.594,121.4,1
2026-02-04,Direct,Desktop,250,231,573,0.328,131.6,5
2026-02-04,Direct,Mobile,324,244,1301,0.506,49.8,2
2026-02-04,Direct,Tablet,42,37,88,0.363,172.8,0
2026-02-04,Email,Desktop,92,77,285,0.604,181.5,2
2026-02-04,Email,Mobile,156,124,551,0.697,111.9,4
2026-02-04,Email,Tablet,17,13,53,0.374,217.8,0
2026-02-04,Referral,Desktop,80,73,357,0.5,152.9,2
2026-02-04,Referral,Mobile,135,120,262,0.603,122.3,1
2026-02-04,Referral,Tablet,15,12,47,0.539,100.3,0
2026-02-05,Organic Search,Desktop,823,617,1963,0.424,237.9,19
2026-02-05,Organic Search,Mobile,1106,1016,2027,0.554,103.1,30
2026-02-05,Organic Search,Tablet,146,111,340,0.393,126.2,1
2026-02-05,Paid Search,Desktop,222,177,726,0.401,234.4,1
2026-02-05,Paid Search,Mobile,394,351,1644,0.523,173.3,4
2026-02-05,Paid Search,Tablet,57,50,251,0.586,227.9,1
2026-02-05,Social,Desktop,364,303,811,0.688,133.3,9
2026-02-05,Social,Mobile,475,448,1951,0.345,183.4,13
2026-02-05,Social,Tablet,45,34,123,0.657,77.7,0
2026-02-05,Direct,Desktop,204,176,524,0.499,171.9,4
2026-02-05,Direct,Mobile,355,274,1176,0.553,187.9,9
2026-02-05,Direct,Tablet,36,31,82,0.601,201.6,0
2026-02-05,Email,Desktop,88,76,258,0.692,143.7,1
2026-02-05,Email,Mobile,138,115,450,0.668,69.7,3
2026-02-05,Email,Tablet,24,18,102,0.449,132.8,0
2026-02-05,Referral,Desktop,81,63,174,0.523,194.3,1
2026-02-05,Referral,Mobile,105,85,470,0.553,123.7,1
2026-02-05,Referral,Tablet,22,18,62,0.654,185.8,0
2026-02-06,Organic Search,Desktop,526,416,1166,0.374,72.2,9
2026-02-06,Organic Search,Mobile,879,705,3164,0.302,103.2,12
2026-02-06,Organic Search,Tablet,112,104,270,0.606,62.4,1
2026-02-06,Paid Search,Desktop,265,212,1188,0.451,166.9,7
2026-02-06,Paid Search,Mobile,411,378,1065,0.552,89.1,8
2026-02-06,Paid Search,Tablet,54,45,145,0.44,162.1,0
2026-02-06,Social,Desktop,469,433,1811,0.424,221.5,8
2026-02-06,Social,Mobile,438,394,801,0.621,224.1,12
2026-02-06,Social,Tablet,66,62,189,0.393,144.0,0
2026-02-06,Direct,Desktop,188,171,540,0.686,222.4,4
2026-02-06,Direct,Mobile,298,279,1058,0.408,52.5,3
2026-02-06,Direct,Tablet,39,32,116,0.69,97.3,0
2026-02-06,Email,Desktop,117,102,482,0.663,162.1,2
2026-02-06,Email,Mobile,148,129,360,0.481,70.5,1
2026-02-06,Email,Tablet,15,13,53,0.575,171.8,0
2026-02-06,Referral,Desktop,61,54,231,0.548,124.7,1
2026-02-06,Referral,Mobile,131,110,282,0.687,101.0,2
2026-02-06,Referral,Tablet,19,17,60,0.356,58.5,0
2026-02-07,Organic Search,Desktop,726,670,1548,0.632,225.8,16
2026-02-07,Organic Search,Mobile,776,665,3462,0.681,134.7,20
2026-02-07,Organic Search,Tablet,155,123,567,0.306,126.6,1
2026-02-07,Paid Search,Desktop,292,245,885,0.322,174.4,8
2026-02-07,Paid Search,Mobile,431,396,793,0.331,61.2,5
2026-02-07,Paid Search,Tablet,60,55,130,0.645,228.2,1
2026-02-07,Social,Desktop,397,304,1140,0.539,149.0,10
2026-02-07,Social,Mobile,616,504,1449,0.509,45.3,5
2026-02-07,Social,Tablet,71,63,213,0.341,46.4,1
2026-02-07,Direct,Desktop,305,253,1022,0.582,221.6,2
2026-02-07,Direct,Mobile,443,381,1876,0.559,194.6,3
2026-02-07,Direct,Tablet,46,39,105,0.358,164.3,1
2026-02-07,Email,Desktop,105,96,239,0.461,228.5,1
2026-02-07,Email,Mobile,124,113,229,0.593,127.4,0
2026-02-07,Email,Tablet,21,17,86,0.315,150.0,0
2026-02-07,Referral,Desktop,96,84,211,0.541,178.7,1
2026-02-07,Referral,Mobile,109,92,442,0.486,132.5,1
2026-02-07,Referral,Tablet,16,12,59,0.333,209.4,0
2026-02-08,Organic Search,Desktop,939,868,2989,0.459,48.8,20
2026-02-08,Organic Search,Mobile,979,916,3617,0.638,144.4,9
2026-02-08,Organic Search,Tablet,199,165,532,0.572,202.2,1
2026-02-08,Paid Search,Desktop,357,331,708,0.572,73.3,9
2026-02-08,Paid Search,Mobile,400,320,1597,0.376,228.8,7
2026-02-08,Paid Search,Tablet,59,46,207,0.608,164.2,1
2026-02-08,Social,Desktop,344,265,1380,0.484,229.5,8
2026-02-08,Social,Mobile,594,513,2133,0.524,207.4,5
2026-02-08,Social,Tablet,80,68,343,0.355,221.9,1
2026-02-08,Direct,Desktop,251,233,802,0.412,206.3,3
2026-02-08,Direct,Mobile,321,270,763,0.682,86.7,4
2026-02-08,Direct,Tablet,58,48,109,0.336,190.2,0
2026-02-08,Email,Desktop,123,106,326,0.538,123.6,1
2026-02-08,Email,Mobile,136,116,436,0.364,216.2,2
2026-02-08,Email,Tablet,19,17,41,0.601,183.0,0
2026-02-08,Referral,Desktop,77,63,307,0.613,63.0,1
2026-02-08,Referral,Mobile,109,90,248,0.419,130.7,1
2026-02-08,Referral,Tablet,12,9,25,0.614,183.7,0
2026-02-09,Organic Search,Desktop,728,553,2079,0.644,146.5,13
2026-02-09,Organic Search,Mobile,778,715,2755,0.433,228.1,16
2026-02-09,Organic Search,Tablet,144,112,574,0.566,46.5,1
2026-02-09,Paid Search,Desktop,280,217,885,0.458,81.9,5
2026-02-09,Paid Search,Mobile,487,424,2063,0.311,157.8,3
2026-02-09,Paid Search,Tablet,63,54,166,0.307,104.9,1
2026-02-09,Social,Desktop,341,323,957,0.493,65.2,6
2026-02-09,Social,Mobile,472,434,2082,0.401,210.3,2
2026-02-09,Social,Tablet,69,61,242,0.421,75.8,1
2026-02-09,Direct,Desktop,251,225,994,0.696,167.7,5
2026-02-09,Direct,Mobile,334,259,855,0.67,76.8,1
2026-02-09,Direct,Tablet,57,53,185,0.335,70.1,1
2026-02-09,Email,Desktop,96,78,236,0.623,138.0,2
2026-02-09,Email,Mobile,173,142,712,0.638,71.5,1
2026-02-09,Email,Tablet,24,20,73,0.635,87.5,0
2026-02-09,Referral,Desktop,71,65,170,0.345,179.9,1
2026-02-09,Referral,Mobile,116,105,429,0.617,53.2,0
2026-02-09,Referral,Tablet,17,16,36,0.566,90.9,0
2026-02-10,Organic Search,Desktop,831,715,3163,0.394,89.2,6
2026-02-10,Organic Search,Mobile,1211,1119,3362,0.685,184.0,6
2026-02-10,Organic Search,Tablet,139,120,520,0.684,121.1,2
2026-02-10,Paid Search,Desktop,256,225,474,0.456,117.6,3
2026-02-10,Paid Search,Mobile,410,387,1179,0.344,170.9,6
2026-02-10,Paid Search,Tablet,44,33,184,0.346,108.0,0
2026-02-10,Social,Desktop,325,244,668,0.502,106.8,9
2026-02-10,Social,Mobile,563,423,2218,0.653,130.6,13
2026-02-10,Social,Tablet,68,58,209,0.594,51.4,1
2026-02-10,Direct,Desktop,278,249,690,0.577,77.3,7
2026-02-10,Direct,Mobile,326,268,911,0.671,155.9,9
2026-02-10,Direct,Tablet,53,40,164,0.518,121.9,1
2026-02-10,Email,Desktop,125,114,533,0.594,47.1,1
2026-02-10,Email,Mobile,115,93,439,0.683,144.4,1
2026-02-10,Email,Tablet,20,15,72,0.452,187.7,0
2026-02-10,Referral,Desktop,88,67,181,0.656,77.3,1
2026-02-10,Referral,Mobile,106,85,292,0.426,192.5,3
2026-02-10,Referral,Tablet,17,13,63,0.389,128.7,0
2026-02-11,Organic Search,Desktop,804,665,3352,0.462,227.7,15
2026-02-11,Organic Search,Mobile,840,689,2069,0.394,103.0,13
2026-02-11,Organic Search,Tablet,177,156,364,0.392,190.6,1
2026-02-11,Paid Search,Desktop,289,228,893,0.499,80.3,6
2026-02-11,Paid Search,Mobile,455,349,1987,0.374,102.6,8
2026-02-11,Paid Search,Tablet,72,57,233,0.344,143.3,1
2026-02-11,Social,Desktop,258,194,995,0.663,62.3,5
2026-02-11,Social,Mobile,549,414,1205,0.511,178.7,9
2026-02-11,Social,Tablet,77,63,328,0.427,193.4,2
2026-02-11,Direct,Desktop,228,203,945,0.625,118.1,4
2026-02-11,Direct,Mobile,361,283,1203,0.414,47.9,1
2026-02-11,Direct,Tablet,44,36,151,0.559,239.4,0
2026-02-11,Email,Desktop,109,89,251,0.653,164.6,2
2026-02-11,Email,Mobile,119,93,234,0.642,183.5,1
2026-02-11,Email,Tablet,25,22,65,0.536,85.9,0
2026-02-11,Referral,Desktop,70,64,222,0.385,226.9,1
2026-02-11,Referral,Mobile,124,104,303,0.588,54.5,2
2026-02-11,Referral,Tablet,20,15,84,0.578,210.5,0
2026-02-12,Organic Search,Desktop,925,834,3648,0.434,148.0,9
2026-02-12,Organic Search,Mobile,867,725,3770,0.672,56.3,7
2026-02-12,Organic Search,Tablet,158,121,664,0.658,113.5,1
2026-02-12,Paid Search,Desktop,238,179,854,0.505,156.9,2
2026-02-12,Paid Search,Mobile,369,297,789,0.604,215.8,7
2026-02-12,Paid Search,Tablet,61,48,273,0.445,208.3,1
2026-02-12,Social,Desktop,381,344,1475,0.681,170.8,6
2026-02-12,Social,Mobile,462,432,1079,0.377,45.1,6
2026-02-12,Social,Tablet,75,66,196,0.691,137.2,0
2026-02-12,Direct,Desktop,236,199,1031,0.509,160.3,2
2026-02-12,Direct,Mobile,245,196,711,0.483,99.8,2
2026-02-12,Direct,Tablet,48,43,100,0.399,102.7,0
2026-02-12,Email,Desktop,113,90,493,0.448,222.7,1
2026-02-12,Email,Mobile,132,114,500,0.446,133.5,1
2026-02-12,Email,Tablet,21,18,75,0.654,61.1,0
2026-02-12,Referral,Desktop,87,67,194,0.687,217.8,1
2026-02-12,Referral,Mobile,102,87,297,0.695,88.2,2
2026-02-12,Referral,Tablet,15,12,45,0.477,207.1,0
2026-02-13,Organic Search,Desktop,759,605,2071,0.632,194.1,6
2026-02-13,Organic Search,Mobile,923,760,3439,0.34,220.8,19
2026-02-13,Organic Search,Tablet,167,150,527,0.687,48.1,0
2026-02-13,Paid Search,Desktop,315,257,1003,0.439,128.7,4
2026-02-13,Paid Search,Mobile,384,309,1109,0.329,117.5,5
2026-02-13,Paid Search,Tablet,77,69,242,0.399,239.1,1
2026-02-13,Social,Desktop,295,252,1264,0.304,219.3,4
2026-02-13,Social,Mobile,414,374,1717,0.6,162.0,5
2026-02-13,Social,Tablet,62,57,259,0.405,123.9,1
2026-02-13,Direct,Desktop,260,203,708,0.308,177.1,4
2026-02-13,Direct,Mobile,358,310,821,0.595,160.0,2
2026-02-13,Direct,Tablet,46,35,151,0.37,229.2,0
2026-02-13,Email,Desktop,104,96,408,0.455,237.8,1
2026-02-13,Email,Mobile,144,110,332,0.432,110.7,3
2026-02-13,Email,Tablet,16,13,37,0.42,112.9,0
2026-02-13,Referral,Desktop,80,67,353,0.548,208.3,1
2026-02-13,Referral,Mobile,120,105,468,0.551,94.6,1
2026-02-13,Referral,Tablet,15,12,48,0.344,188.1,0
2026-02-14,Organic Search,Desktop,740,562,2376,0.566,203.9,18
2026-02-14,Organic Search,Mobile,963,886,2572,0.614,234.7,18
2026-02-14,Organic Search,Tablet,191,166,561,0.582,197.0,2
2026-02-14,Paid Search,Desktop,358,312,699,0.355,97.3,4
2026-02-14,Paid Search,Mobile,406,346,1822,0.427,121.2,6
2026-02-14,Paid Search,Tablet,47,42,170,0.355,134.9,0
2026-02-14,Social,Desktop,424,328,838,0.56,148.2,6
2026-02-14,Social,Mobile,491,429,974,0.556,103.7,13
2026-02-14,Social,Tablet,79,74,226,0.624,133.0,1
2026-02-14,Direct,Desktop,270,230,784,0.413,83.2,2
2026-02-14,Direct,Mobile,320,273,786,0.692,144.2,5
2026-02-14,Direct,Tablet,61,54,138,0.349,175.2,1
2026-02-14,Email,Desktop,80,61,333,0.337,146.9,1
2026-02-14,Email,Mobile,141,132,625,0.344,118.3,1
2026-02-14,Email,Tablet,28,23,53,0.524,81.1,0
2026-02-14,Referral,Desktop,88,69,203,0.459,46.8,1
2026-02-14,Referral,Mobile,129,116,461,0.528,144.5,3
2026-02-14,Referral,Tablet,18,14,73,0.517,106.3,0
2026-02-15,Organic Search,Desktop,830,776,2288,0.365,63.5,22
2026-02-15,Organic Search,Mobile,985,774,4039,0.522,90.8,15
2026-02-15,Organic Search,Tablet,146,134,643,0.432,162.1,3
2026-02-15,Paid Search,Desktop,242,228,711,0.374,46.7,4
2026-02-15,Paid Search,Mobile,340,264,904,0.481,192.5,6
2026-02-15,Paid Search,Tablet,69,54,179,0.388,66.8,1
2026-02-15,Social,Desktop,441,388,1895,0.366,153.4,7
2026-02-15,Social,Mobile,352,272,1183,0.639,159.3,7
2026-02-15,Social,Tablet,75,67,196,0.488,137.6,1
2026-02-15,Direct,Desktop,266,208,784,0.659,146.1,2
2026-02-15,Direct,Mobile,337,259,781,0.41,215.0,1
2026-02-15,Direct,Tablet,62,56,115,0.477,48.6,1
2026-02-15,Email,Desktop,112,91,473,0.689,71.4,2
2026-02-15,Email,Mobile,138,127,619,0.47,239.9,3
2026-02-15,Email,Tablet,18,14,53,0.465,237.9,0
2026-02-15,Referral,Desktop,83,68,340,0.643,82.6,0
2026-02-15,Referral,Mobile,96,89,238,0.554,128.1,2
2026-02-15,Referral,Tablet,15,11,62,0.33,239.3,0
2026-02-16,Organic Search,Desktop,640,537,1937,0.43,102.8,18
2026-02-16,Organic Search,Mobile,799,752,1826,0.561,138.4,18
2026-02-16,Organic Search,Tablet,128,99,492,0.574,123.9,2
2026-02-16,Paid Search,Desktop,345,289,658,0.525,137.3,7
2026-02-16,Paid Search,Mobile,430,352,1416,0.414,49.1,8
2026-02-16,Paid Search,Tablet,44,40,162,0.398,215.3,1
2026-02-16,Social,Desktop,335,300,1265,0.471,187.3,8
2026-02-16,Social,Mobile,472,396,1840,0.616,88.8,6
2026-02-16,Social,Tablet,70,60,249,0.472,186.5,1
2026-02-16,Direct,Desktop,181,141,620,0.62,236.3,4
2026-02-16,Direct,Mobile,358,268,1394,0.629,153.3,9
2026-02-16,Direct,Tablet,50,43,188,0.456,233.7,0
2026-02-16,Email,Desktop,122,103,285,0.524,220.0,2
2026-02-16,Email,Mobile,160,126,606,0.459,108.4,1
2026-02-16,Email,Tablet,20,15,37,0.4,157.9,0
2026-02-16,Referral,Desktop,71,53,160,0.537,198.9,0
2026-02-16,Referral,Mobile,102,91,307,0.328,63.6,1
2026-02-16,Referral,Tablet,14,12,49,0.403,57.1,0
2026-02-17,Organic Search,Desktop,876,682,3212,0.443,164.6,13
2026-02-17,Organic Search,Mobile,963,770,4233,0.689,74.0,17
2026-02-17,Organic Search,Tablet,152,135,651,0.545,104.5,4
2026-02-17,Paid Search,Desktop,294,235,901,0.529,155.2,1
2026-02-17,Paid Search,Mobile,346,315,955,0.364,206.1,1
2026-02-17,Paid Search,Tablet,51,43,116,0.405,107.2,1
2026-02-17,Social,Desktop,368,336,1649,0.63,111.4,4
2026-02-17,Social,Mobile,497,429,912,0.594,199.8,6
2026-02-17,Social,Tablet,72,65,149,0.337,56.6,1
2026-02-17,Direct,Desktop,223,182,691,0.586,59.8,1
2026-02-17,Direct,Mobile,336,269,1224,0.393,208.6,3
2026-02-17,Direct,Tablet,46,38,173,0.328,61.0,0
2026-02-17,Email,Desktop,87,78,353,0.356,81.5,0
2026-02-17,Email,Mobile,103,77,366,0.575,144.7,1
2026-02-17,Email,Tablet,24,19,93,0.615,150.6,0
2026-02-17,Referral,Desktop,87,77,305,0.617,178.8,2
2026-02-17,Referral,Mobile,135,125,405,0.628,54.1,0
2026-02-17,Referral,Tablet,17,14,33,0.52,230.0,0
2026-02-18,Organic Search,Desktop,714,553,1361,0.605,140.1,14
2026-02-18,Organic Search,Mobile,882,765,2152,0.677,174.1,13
2026-02-18,Organic Search,Tablet,167,144,632,0.33,95.4,2
2026-02-18,Paid Search,Desktop,278,242,937,0.433,94.0,6
2026-02-18,Paid Search,Mobile,381,296,714,0.58,135.8,4
2026-02-18,Paid Search,Tablet,53,40,224,0.318,208.9,0
2026-02-18,Social,Desktop,352,332,1019,0.376,109.2,4
2026-02-18,Social,Mobile,402,360,1399,0.419,127.3,2
2026-02-18,Social,Tablet,89,76,345,0.349,119.8,1
2026-02-18,Direct,Desktop,231,186,976,0.658,97.7,5
2026-02-18,Direct,Mobile,348,270,1553,0.427,51.5,4
2026-02-18,Direct,Tablet,53,45,177,0.662,215.3,0
2026-02-18,Email,Desktop,126,106,380,0.346,238.5,2
2026-02-18,Email,Mobile,101,94,285,0.503,236.2,1
2026-02-18,Email,Tablet,13,10,27,0.318,118.8,0
2026-02-18,Referral,Desktop,73,69,189,0.649,104.5,0
2026-02-18,Referral,Mobile,156,127,568,0.691,94.6,1
2026-02-18,Referral,Tablet,13,10,29,0.654,88.7,0
2026-02-19,Organic Search,Desktop,668,578,2186,0.552,70.9,17
2026-02-19,Organic Search,Mobile,864,728,2546,0.516,64.2,20
2026-02-19,Organic Search,Tablet,150,134,522,0.649,81.8,2
2026-02-19,Paid Search,Desktop,268,213,731,0.619,54.8,7
2026-02-19,Paid Search,Mobile,412,344,757,0.588,211.9,3
2026-02-19,Paid Search,Tablet,59,53,124,0.59,116.5,0
2026-02-19,Social,Desktop,349,294,1489,0.376,89.4,8
2026-02-19,Social,Mobile,510,417,984,0.535,132.6,9
2026-02-19,Social,Tablet,58,51,156,0.618,193.7,1
2026-02-19,Direct,Desktop,215,189,737,0.403,79.0,4
2026-02-19,Direct,Mobile,343,282,1313,0.514,67.0,3
2026-02-19,Direct,Tablet,55,47,180,0.666,147.9,0
2026-02-19,Email,Desktop,90,75,270,0.595,132.8,0
2026-02-19,Email,Mobile,145,123,399,0.561,104.8,1
2026-02-19,Email,Tablet,15,12,27,0.486,136.6,0
2026-02-19,Referral,Desktop,46,39,143,0.38,142.8,1
2026-02-19,Referral,Mobile,124,95,231,0.64,220.0,3
2026-02-19,Referral,Tablet,14,11,57,0.682,172.8,0
2026-02-20,Organic Search,Desktop,723,601,2674,0.467,147.2,12
2026-02-20,Organic Search,Mobile,747,631,3098,0.654,164.6,10
2026-02-20,Organic Search,Tablet,179,147,645,0.558,125.5,4
2026-02-20,Paid Search,Desktop,297,235,786,0.503,88.7,6
2026-02-20,Paid Search,Mobile,334,279,960,0.43,189.3,7
2026-02-20,Paid Search,Tablet,65,55,118,0.559,114.4,1
2026-02-20,Social,Desktop,300,252,564,0.411,145.9,1
2026-02-20,Social,Mobile,402,326,1601,0.56,171.2,6
2026-02-20,Social,Tablet,63,56,174,0.456,65.1,1
2026-02-20,Direct,Desktop,270,254,673,0.645,238.4,6
2026-02-20,Direct,Mobile,389,294,1026,0.68,129.2,2
2026-02-20,Direct,Tablet,50,44,134,0.472,194.7,0
2026-02-20,Email,Desktop,94,85,290,0.663,81.3,2
2026-02-20,Email,Mobile,142,124,274,0.393,164.7,1
2026-02-20,Email,Tablet,18,16,33,0.432,153.4,0
2026-02-20,Referral,Desktop,77,72,172,0.574,162.0,1
2026-02-20,Referral,Mobile,105,83,457,0.365,210.8,2
2026-02-20,Referral,Tablet,16,12,51,0.593,131.6,0
2026-02-21,Organic Search,Desktop,617,489,2290,0.612,143.6,16
2026-02-21,Organic Search,Mobile,1001,881,2296,0.41,115.8,21
2026-02-21,Organic Search,Tablet,171,151,604,0.573,179.4,1
2026-02-21,Paid Search,Desktop,316,249,1324,0.511,141.4,6
2026-02-21,Paid Search,Mobile,403,374,1644,0.502,110.6,5
2026-02-21,Paid Search,Tablet,59,52,115,0.318,208.4,1
2026-02-21,Social,Desktop,369,342,1241,0.626,231.3,8
2026-02-21,Social,Mobile,568,495,1608,0.588,99.8,6
2026-02-21,Social,Tablet,58,46,166,0.626,159.8,1
2026-02-21,Direct,Desktop,249,229,933,0.436,105.1,3
2026-02-21,Direct,Mobile,363,303,846,0.302,86.3,8
2026-02-21,Direct,Tablet,52,45,148,0.476,183.8,1
2026-02-21,Email,Desktop,118,93,514,0.315,86.6,1
2026-02-21,Email,Mobile,124,111,365,0.552,112.7,2
2026-02-21,Email,Tablet,16,13,43,0.491,117.9,0
2026-02-21,Referral,Desktop,85,70,250,0.541,223.7,0
2026-02-21,Referral,Mobile,108,94,378,0.422,90.6,1
2026-02-21,Referral,Tablet,17,14,38,0.422,185.0,0
2026-02-22,Organic Search,Desktop,894,774,2430,0.486,101.1,16
2026-02-22,Organic Search,Mobile,793,713,2736,0.406,123.8,20
2026-02-22,Organic Search,Tablet,128,115,516,0.496,232.8,2
2026-02-22,Paid Search,Desktop,312,245,604,0.521,102.6,6
2026-02-22,Paid Search,Mobile,409,308,986,0.624,163.4,3
2026-02-22,Paid Search,Tablet,56,51,211,0.611,216.0,1
2026-02-22,Social,Desktop,365,293,1094,0.485,109.2,6
2026-02-22,Social,Mobile,462,429,944,0.445,97.4,12
2026-02-22,Social,Tablet,75,70,149,0.411,144.8,1
2026-02-22,Direct,Desktop,305,286,697,0.511,168.4,7
2026-02-22,Direct,Mobile,355,298,841,0.512,60.5,4
2026-02-22,Direct,Tablet,51,41,219,0.492,208.3,0
2026-02-22,Email,Desktop,79,65,276,0.432,202.5,1
2026-02-22,Email,Mobile,190,161,770,0.363,214.1,3
2026-02-22,Email,Tablet,20,17,57,0.593,105.7,0
2026-02-22,Referral,Desktop,78,69,179,0.379,81.0,0
2026-02-22,Referral,Mobile,89,76,198,0.593,111.0,0
2026-02-22,Referral,Tablet,21,17,71,0.509,189.0,0
2026-02-23,Organic Search,Desktop,843,684,2763,0.592,109.0,11
2026-02-23,Organic Search,Mobile,956,896,3379,0.659,153.9,22
2026-02-23,Organic Search,Tablet,158,140,635,0.434,154.6,1
2026-02-23,Paid Search,Desktop,371,346,1054,0.435,134.0,8
2026-02-23,Paid Search,Mobile,448,379,1677,0.334,107.0,5
2026-02-23,Paid Search,Tablet,44,38,112,0.624,92.2,1
2026-02-23,Social,Desktop,265,199,599,0.403,193.5,5
2026-02-23,Social,Mobile,436,387,1222,0.441,227.1,4
2026-02-23,Social,Tablet,54,43,167,0.623,57.9,1
2026-02-23,Direct,Desktop,196,171,769,0.515,102.7,1
2026-02-23,Direct,Mobile,220,177,739,0.691,57.1,1
2026-02-23,Direct,Tablet,58,49,238,0.468,158.6,1
2026-02-23,Email,Desktop,100,93,262,0.322,133.2,0
2026-02-23,Email,Mobile,130,114,366,0.355,233.9,2
2026-02-23,Email,Tablet,24,19,87,0.696,222.9,0
2026-02-23,Referral,Desktop,78,73,202,0.509,70.3,2
2026-02-23,Referral,Mobile,118,95,274,0.358,237.3,1
2026-02-23,Referral,Tablet,13,10,54,0.345,130.8,0
2026-02-24,Organic Search,Desktop,722,655,1951,0.545,82.2,20
2026-02-24,Organic Search,Mobile,761,631,3213,0.517,194.4,5
2026-02-24,Organic Search,Tablet,174,144,703,0.414,74.4,3
2026-02-24,Paid Search,Desktop,271,243,661,0.352,183.4,3
2026-02-24,Paid Search,Mobile,346,282,1273,0.43,230.1,4
2026-02-24,Paid Search,Tablet,47,44,191,0.378,112.0,0
2026-02-24,Social,Desktop,409,374,750,0.646,113.8,9
2026-02-24,Social,Mobile,444,371,1154,0.541,228.5,12
2026-02-24,Social,Tablet,66,53,239,0.623,83.6,0
2026-02-24,Direct,Desktop,264,224,495,0.529,47.2,4
2026-02-24,Direct,Mobile,304,287,1314,0.666,155.3,8
2026-02-24,Direct,Tablet,63,47,269,0.38,151.4,1
2026-02-24,Email,Desktop,106,90,448,0.499,124.4,1
2026-02-24,Email,Mobile,120,99,235,0.457,112.4,0
2026-02-24,Email,Tablet,17,15,67,0.577,226.6,0
2026-02-24,Referral,Desktop,83,73,204,0.632,152.9,0
2026-02-24,Referral,Mobile,84,76,332,0.462,125.4,1
2026-02-24,Referral,Tablet,14,12,57,0.637,108.4,0
2026-02-25,Organic Search,Desktop,662,597,2958,0.432,50.3,8
2026-02-25,Organic Search,Mobile,1043,843,3714,0.427,104.0,5
2026-02-25,Organic Search,Tablet,161,145,537,0.594,144.9,2
2026-02-25,Paid Search,Desktop,323,251,1337,0.555,76.3,9
2026-02-25,Paid Search,Mobile,433,325,1135,0.658,125.4,6
2026-02-25,Paid Search,Tablet,63,48,146,0.519,114.9,1
2026-02-25,Social,Desktop,327,262,777,0.667,68.7,3
2026-02-25,Social,Mobile,389,308,883,0.363,108.6,2
2026-02-25,Social,Tablet,73,61,133,0.471,101.6,0
2026-02-25,Direct,Desktop,298,279,792,0.673,66.9,1
2026-02-25,Direct,Mobile,317,258,1332,0.54,76.1,4
2026-02-25,Direct,Tablet,51,42,105,0.454,68.6,0
2026-02-25,Email,Desktop,86,75,161,0.443,93.3,2
2026-02-25,Email,Mobile,134,104,273,0.539,147.8,1
2026-02-25,Email,Tablet,17,13,62,0.449,109.5,0
2026-02-25,Referral,Desktop,87,66,366,0.381,161.8,0
2026-02-25,Referral,Mobile,100,93,347,0.358,216.7,2
2026-02-25,Referral,Tablet,16,13,38,0.684,172.9,0
2026-02-26,Organic Search,Desktop,639,500,1601,0.534,105.7,17
2026-02-26,Organic Search,Mobile,838,689,2775,0.689,136.0,24
2026-02-26,Organic Search,Tablet,184,146,560,0.439,81.6,0
2026-02-26,Paid Search,Desktop,204,154,844,0.634,124.3,3
2026-02-26,Paid Search,Mobile,374,321,1113,0.638,196.5,10
2026-02-26,Paid Search,Tablet,64,54,139,0.369,149.6,1
2026-02-26,Social,Desktop,383,363,1301,0.687,129.1,11
2026-02-26,Social,Mobile,455,356,1353,0.601,196.8,10
2026-02-26,Social,Tablet,70,59,301,0.506,66.3,0
2026-02-26,Direct,Desktop,203,162,693,0.68,96.5,4
2026-02-26,Direct,Mobile,271,226,761,0.509,139.5,2
2026-02-26,Direct,Tablet,53,49,118,0.354,186.9,0
2026-02-26,Email,Desktop,116,98,516,0.425,101.6,2
2026-02-26,Email,Mobile,142,117,362,0.538,94.2,1
2026-02-26,Email,Tablet,21,18,75,0.577,220.3,0
2026-02-26,Referral,Desktop,79,73,283,0.51,192.6,2
2026-02-26,Referral,Mobile,98,87,308,0.438,170.0,2
2026-02-26,Referral,Tablet,12,9,37,0.355,69.8,0
2026-02-27,Organic Search,Desktop,488,437,1983,0.465,191.5,8
2026-02-27,Organic Search,Mobile,909,848,3245,0.404,119.7,27
2026-02-27,Organic Search,Tablet,128,113,435,0.613,192.6,3
2026-02-27,Paid Search,Desktop,259,222,735,0.692,161.2,2
2026-02-27,Paid Search,Mobile,383,363,1588,0.47,119.4,10
2026-02-27,Paid Search,Tablet,54,49,232,0.388,93.6,1
2026-02-27,Social,Desktop,375,342,1545,0.68,190.0,4
2026-02-27,Social,Mobile,434,351,1815,0.394,53.6,5
2026-02-27,Social,Tablet,79,60,352,0.42,184.4,0
2026-02-27,Direct,Desktop,216,172,505,0.694,213.4,5
2026-02-27,Direct,Mobile,308,257,1037,0.36,233.2,5
2026-02-27,Direct,Tablet,49,36,114,0.635,180.8,1
2026-02-27,Email,Desktop,90,78,371,0.387,220.4,2
2026-02-27,Email,Mobile,172,144,333,0.448,154.5,4
2026-02-27,Email,Tablet,19,17,61,0.359,173.6,0
2026-02-27,Referral,Desktop,82,67,295,0.65,125.3,1
2026-02-27,Referral,Mobile,105,99,284,0.364,208.2,2
2026-02-27,Referral,Tablet,17,15,56,0.597,170.0,0
2026-02-28,Organic Search,Desktop,999,910,3109,0.629,171.1,6
2026-02-28,Organic Search,Mobile,1178,967,3623,0.542,88.2,34
2026-02-28,Organic Search,Tablet,114,86,425,0.394,231.7,1
2026-02-28,Paid Search,Desktop,296,258,723,0.498,129.6,8
2026-02-28,Paid Search,Mobile,457,411,1322,0.632,202.6,6
2026-02-28,Paid Search,Tablet,68,59,283,0.682,123.4,1
2026-02-28,Social,Desktop,345,269,907,0.586,106.9,8
2026-02-28,Social,Mobile,562,532,1214,0.569,222.6,8
2026-02-28,Social,Tablet,84,68,245,0.329,151.1,2
2026-02-28,Direct,Desktop,238,225,903,0.533,71.0,2
2026-02-28,Direct,Mobile,431,323,1380,0.678,70.1,4
2026-02-28,Direct,Tablet,67,57,168,0.505,188.2,1
2026-02-28,Email,Desktop,109,85,479,0.587,57.6,1
2026-02-28,Email,Mobile,156,123,432,0.316,219.7,2
2026-02-28,Email,Tablet,20,16,50,0.361,209.4,0
2026-02-28,Referral,Desktop,91,72,318,0.507,214.3,2
2026-02-28,Referral,Mobile,97,88,223,0.457,194.7,0
2026-02-28,Referral,Tablet,16,14,60,0.617,169.6,0
2026-03-01,Organic Search,Desktop,591,468,1293,0.571,207.5,17
2026-03-01,Organic Search,Mobile,1234,991,4217,0.392,51.7,13
2026-03-01,Organic Search,Tablet,168,129,751,0.417,62.2,3
2026-03-01,Paid Search,Desktop,322,288,713,0.383,202.5,5
2026-03-01,Paid Search,Mobile,415,342,761,0.637,58.4,8
2026-03-01,Paid Search,Tablet,54,46,233,0.683,65.6,0
2026-03-01,Social,Desktop,517,440,1519,0.344,208.8,11
2026-03-01,Social,Mobile,499,378,1505,0.671,175.7,8
2026-03-01,Social,Tablet,97,78,301,0.504,108.6,0
2026-03-01,Direct,Desktop,295,258,884,0.664,220.8,5
2026-03-01,Direct,Mobile,405,370,1013,0.309,49.9,6
2026-03-01,Direct,Tablet,63,59,222,0.632,98.8,0
2026-03-01,Email,Desktop,88,74,313,0.585,161.5,2
2026-03-01,Email,Mobile,149,115,416,0.385,210.6,1
2026-03-01,Email,Tablet,24,22,93,0.398,87.4,0
2026-03-01,Referral,Desktop,91,86,375,0.6,176.5,0
2026-03-01,Referral,Mobile,133,108,408,0.59,49.5,2
2026-03-01,Referral,Tablet,21,18,40,0.614,184.9,0
2026-03-02,Organic Search,Desktop,856,659,2582,0.478,203.5,18
2026-03-02,Organic Search,Mobile,1018,800,1866,0.369,128.2,16
2026-03-02,Organic Search,Tablet,160,121,520,0.33,135.6,2
2026-03-02,Paid Search,Desktop,311,262,1246,0.667,185.7,1
2026-03-02,Paid Search,Mobile,461,408,1151,0.313,233.7,7
2026-03-02,Paid Search,Tablet,62,49,189,0.453,197.7,1
2026-03-02,Social,Desktop,411,368,1465,0.377,229.1,5
2026-03-02,Social,Mobile,520,413,2097,0.541,130.1,11
2026-03-02,Social,Tablet,74,63,305,0.346,82.3,0
2026-03-02,Direct,Desktop,243,211,1028,0.324,72.7,4
2026-03-02,Direct,Mobile,232,197,609,0.605,169.1,5
2026-03-02,Direct,Tablet,45,34,117,0.454,212.1,0
2026-03-02,Email,Desktop,119,111,460,0.629,143.6,2
2026-03-02,Email,Mobile,106,86,355,0.612,188.2,1
2026-03-02,Email,Tablet,15,13,42,0.475,156.3,0
2026-03-02,Referral,Desktop,98,84,184,0.589,182.6,1
2026-03-02,Referral,Mobile,110,99,232,0.675,224.6,2
2026-03-02,Referral,Tablet,15,13,50,0.689,184.1,0
2026-03-03,Organic Search,Desktop,843,659,1648,0.508,236.1,6
2026-03-03,Organic Search,Mobile,1114,1050,2140,0.468,181.6,20
2026-03-03,Organic Search,Tablet,143,111,326,0.645,76.6,1
2026-03-03,Paid Search,Desktop,282,215,903,0.347,167.2,3
2026-03-03,Paid Search,Mobile,381,290,1382,0.393,90.2,10
2026-03-03,Paid Search,Tablet,56,45,149,0.635,68.6,1
2026-03-03,Social,Desktop,295,227,1048,0.658,111.3,8
2026-03-03,Social,Mobile,583,451,2386,0.389,217.5,16
2026-03-03,Social,Tablet,66,60,194,0.508,190.9,1
2026-03-03,Direct,Desktop,294,247,1145,0.578,194.7,4
2026-03-03,Direct,Mobile,255,218,974,0.341,105.4,7
2026-03-03,Direct,Tablet,53,46,150,0.609,48.2,1
2026-03-03,Email,Desktop,72,57,198,0.62,101.5,1
2026-03-03,Email,Mobile,126,104,402,0.681,198.3,1
2026-03-03,Email,Tablet,24,20,55,0.603,147.4,0
2026-03-03,Referral,Desktop,88,73,351,0.524,70.4,2
2026-03-03,Referral,Mobile,117,107,215,0.573,144.0,2
2026-03-03,Referral,Tablet,17,15,40,0.69,53.9,0
2026-03-04,Organic Search,Desktop,732,557,2506,0.517,231.9,14
2026-03-04,Organic Search,Mobile,968,778,2987,0.563,147.5,10
2026-03-04,Organic Search,Tablet,164,123,727,0.444,83.3,1
2026-03-04,Paid Search,Desktop,252,233,693,0.323,137.9,3
2026-03-04,Paid Search,Mobile,438,353,879,0.417,90.4,3
2026-03-04,Paid Search,Tablet,52,47,160,0.54,53.5,1
2026-03-04,Social,Desktop,385,335,1422,0.567,86.5,9
2026-03-04,Social,Mobile,479,448,933,0.673,113.6,5
2026-03-04,Social,Tablet,83,74,319,0.541,177.9,1
2026-03-04,Direct,Desktop,249,197,461,0.635,142.0,5
2026-03-04,Direct,Mobile,286,234,901,0.35,214.5,6
2026-03-04,Direct,Tablet,53,47,230,0.538,106.9,0
2026-03-04,Email,Desktop,115,92,495,0.577,56.9,2
2026-03-04,Email,Mobile,129,99,391,0.433,149.9,0
2026-03-04,Email,Tablet,23,19,63,0.582,93.8,0
2026-03-04,Referral,Desktop,88,83,188,0.451,178.0,2
2026-03-04,Referral,Mobile,109,82,459,0.644,99.7,1
2026-03-04,Referral,Tablet,21,19,85,0.336,203.7,0
2026-03-05,Organic Search,Desktop,701,663,2628,0.51,190.9,3
2026-03-05,Organic Search,Mobile,898,787,3147,0.394,211.3,21
2026-03-05,Organic Search,Tablet,155,123,447,0.333,92.6,1
2026-03-05,Paid Search,Desktop,303,246,999,0.686,50.0,7
2026-03-05,Paid Search,Mobile,401,305,1382,0.376,115.0,7
2026-03-05,Paid Search,Tablet,81,73,262,0.366,231.4,1
2026-03-05,Social,Desktop,434,392,1726,0.69,137.3,11
2026-03-05,Social,Mobile,436,412,1048,0.457,130.4,6
2026-03-05,Social,Tablet,71,58,140,0.595,122.5,1
2026-03-05,Direct,Desktop,274,255,897,0.383,54.4,6
2026-03-05,Direct,Mobile,308,279,830,0.686,204.2,3
2026-03-05,Direct,Tablet,51,47,135,0.51,63.7,0
2026-03-05,Email,Desktop,122,107,439,0.611,115.8,2
2026-03-05,Email,Mobile,114,88,347,0.561,216.1,1
2026-03-05,Email,Tablet,17,16,55,0.338,110.3,0
2026-03-05,Referral,Desktop,100,81,449,0.623,219.5,0
2026-03-05,Referral,Mobile,93,87,188,0.336,47.3,1
2026-03-05,Referral,Tablet,16,15,44,0.312,53.9,0
2026-03-06,Organic Search,Desktop,628,530,1507,0.697,145.6,11
2026-03-06,Organic Search,Mobile,1060,898,2205,0.419,98.5,8
2026-03-06,Organic Search,Tablet,148,135,610,0.435,74.4,4
2026-03-06,Paid Search,Desktop,268,234,1120,0.319,46.6,3
2026-03-06,Paid Search,Mobile,392,311,1101,0.583,210.2,4
2026-03-06,Paid Search,Tablet,51,45,128,0.511,105.1,0
2026-03-06,Social,Desktop,463,375,2079,0.461,146.0,4
2026-03-06,Social,Mobile,442,385,1046,0.44,64.7,5
2026-03-06,Social,Tablet,70,54,165,0.538,70.3,0
2026-03-06,Direct,Desktop,301,255,1151,0.632,137.8,8
2026-03-06,Direct,Mobile,257,193,608,0.675,104.8,6
2026-03-06,Direct,Tablet,54,42,152,0.512,47.7,0
2026-03-06,Email,Desktop,99,76,303,0.521,91.2,1
2026-03-06,Email,Mobile,151,137,299,0.432,131.0,0
2026-03-06,Email,Tablet,27,24,53,0.456,203.3,0
2026-03-06,Referral,Desktop,87,81,183,0.397,186.5,2
2026-03-06,Referral,Mobile,97,84,384,0.53,180.1,2
2026-03-06,Referral,Tablet,16,14,55,0.625,101.0,0
2026-03-07,Organic Search,Desktop,624,510,2042,0.625,109.4,9
2026-03-07,Organic Search,Mobile,1226,1020,4083,0.314,45.9,15
2026-03-07,Organic Search,Tablet,195,156,556,0.629,230.2,3
2026-03-07,Paid Search,Desktop,315,286,1133,0.567,80.5,3
2026-03-07,Paid Search,Mobile,439,363,1550,0.602,98.3,10
2026-03-07,Paid Search,Tablet,65,56,257,0.559,194.7,1
2026-03-07,Social,Desktop,454,415,1996,0.592,98.5,4
2026-03-07,Social,Mobile,495,468,988,0.348,168.5,12
2026-03-07,Social,Tablet,74,66,311,0.694,55.1,1
2026-03-07,Direct,Desktop,302,253,1255,0.597,138.4,5
2026-03-07,Direct,Mobile,348,307,812,0.694,128.4,4
2026-03-07,Direct,Tablet,57,45,107,0.349,172.7,0
2026-03-07,Email,Desktop,104,84,269,0.626,201.0,1
2026-03-07,Email,Mobile,130,121,270,0.51,236.8,2
2026-03-07,Email,Tablet,23,20,63,0.309,158.5,0
2026-03-07,Referral,Desktop,111,99,333,0.403,209.1,2
2026-03-07,Referral,Mobile,119,105,407,0.465,209.8,0
2026-03-07,Referral,Tablet,19,14,41,0.676,47.4,0
2026-03-08,Organic Search,Desktop,839,704,2464,0.345,97.6,17
2026-03-08,Organic Search,Mobile,1062,911,3486,0.659,47.9,5
2026-03-08,Organic Search,Tablet,167,156,395,0.555,171.5,2
2026-03-08,Paid Search,Desktop,306,284,1090,0.436,66.8,8
2026-03-08,Paid Search,Mobile,409,362,1753,0.597,214.3,11
2026-03-08,Paid Search,Tablet,67,52,298,0.497,135.5,1
2026-03-08,Social,Desktop,400,371,1276,0.681,219.7,2
2026-03-08,Social,Mobile,452,392,1351,0.425,62.8,9
2026-03-08,Social,Tablet,93,74,290,0.68,129.5,2
2026-03-08,Direct,Desktop,243,217,925,0.423,182.8,5
2026-03-08,Direct,Mobile,469,378,1508,0.302,200.6,13
2026-03-08,Direct,Tablet,70,66,132,0.687,152.4,0
2026-03-08,Email,Desktop,79,68,204,0.599,68.3,1
2026-03-08,Email,Mobile,124,97,292,0.494,134.2,2
2026-03-08,Email,Tablet,22,19,56,0.331,89.7,0
2026-03-08,Referral,Desktop,93,73,224,0.55,85.3,0
2026-03-08,Referral,Mobile,106,89,230,0.521,169.5,1
2026-03-08,Referral,Tablet,17,15,58,0.551,224.7,0
2026-03-09,Organic Search,Desktop,844,676,3168,0.653,194.0,12
2026-03-09,Organic Search,Mobile,746,676,3319,0.602,172.1,8
2026-03-09,Organic Search,Tablet,151,134,615,0.537,77.7,0
2026-03-09,Paid Search,Desktop,198,186,639,0.618,85.1,2
2026-03-09,Paid Search,Mobile,489,367,1083,0.352,189.7,4
2026-03-09,Paid Search,Tablet,59,53,263,0.642,66.4,1
2026-03-09,Social,Desktop,478,383,1306,0.532,155.1,9
2026-03-09,Social,Mobile,518,442,2093,0.682,175.1,6
2026-03-09,Social,Tablet,94,86,376,0.695,82.2,2
2026-03-09,Direct,Desktop,260,235,1167,0.437,53.9,5
2026-03-09,Direct,Mobile,279,257,569,0.495,142.8,3
2026-03-09,Direct,Tablet,61,54,264,0.565,69.1,0
2026-03-09,Email,Desktop,130,106,439,0.566,193.7,3
2026-03-09,Email,Mobile,121,91,266,0.387,125.8,1
2026-03-09,Email,Tablet,14,12,56,0.557,90.0,0
2026-03-09,Referral,Desktop,81,67,259,0.594,183.5,2
2026-03-09,Referral,Mobile,120,109,438,0.653,93.7,3
2026-03-09,Referral,Tablet,16,12,62,0.574,87.5,0
2026-03-10,Organic Search,Desktop,647,515,1572,0.496,193.1,5
2026-03-10,Organic Search,Mobile,1041,900,2287,0.44,108.8,30
2026-03-10,Organic Search,Tablet,132,121,589,0.661,196.6,1
2026-03-10,Paid Search,Desktop,380,305,1651,0.328,179.5,6
2026-03-10,Paid Search,Mobile,395,304,1584,0.417,232.1,5
2026-03-10,Paid Search,Tablet,52,44,168,0.519,220.9,1
2026-03-10,Social,Desktop,367,302,1630,0.469,224.0,9
2026-03-10,Social,Mobile,479,375,1969,0.464,196.0,11
2026-03-10,Social,Tablet,79,59,267,0.681,129.8,1
2026-03-10,Direct,Desktop,228,179,940,0.585,118.3,2
2026-03-10,Direct,Mobile,313,249,1121,0.57,81.3,1
2026-03-10,Direct,Tablet,48,42,199,0.33,98.3,1
2026-03-10,Email,Desktop,80,70,251,0.501,184.5,1
2026-03-10,Email,Mobile,131,101,302,0.6,92.4,1
2026-03-10,Email,Tablet,21,17,91,0.456,83.2,0
2026-03-10,Referral,Desktop,75,66,327,0.541,74.6,1
2026-03-10,Referral,Mobile,100,92,385,0.686,99.7,1
2026-03-10,Referral,Tablet,18,16,63,0.513,60.6,0
2026-03-11,Organic Search,Desktop,816,633,3183,0.456,85.4,12
2026-03-11,Organic Search,Mobile,895,739,3871,0.635,50.5,14
2026-03-11,Organic Search,Tablet,163,145,730,0.621,195.6,1
2026-03-11,Paid Search,Desktop,223,182,901,0.312,189.8,2
2026-03-11,Paid Search,Mobile,361,281,1290,0.663,231.2,5
2026-03-11,Paid Search,Tablet,71,65,216,0.555,90.1,1
2026-03-11,Social,Desktop,383,334,904,0.453,191.3,9
2026-03-11,Social,Mobile,370,348,1377,0.684,168.0,7
2026-03-11,Social,Tablet,71,64,217,0.573,207.6,0
2026-03-11,Direct,Desktop,235,212,705,0.569,186.8,6
2026-03-11,Direct,Mobile,242,188,730,0.494,230.8,4
2026-03-11,Direct,Tablet,58,53,169,0.606,149.3,1
2026-03-11,Email,Desktop,122,105,368,0.435,111.6,0
2026-03-11,Email,Mobile,140,109,364,0.461,151.8,1
2026-03-11,Email,Tablet,21,16,70,0.558,158.0,0
2026-03-11,Referral,Desktop,86,72,340,0.651,68.8,2
2026-03-11,Referral,Mobile,90,78,395,0.575,190.1,1
2026-03-11,Referral,Tablet,11,8,21,0.428,180.2,0
2026-03-12,Organic Search,Desktop,581,450,1828,0.624,224.2,8
2026-03-12,Organic Search,Mobile,1066,878,4794,0.378,108.8,18
2026-03-12,Organic Search,Tablet,163,149,368,0.387,57.2,4
2026-03-12,Paid Search,Desktop,395,370,1058,0.419,198.6,2
2026-03-12,Paid Search,Mobile,398,317,1104,0.382,230.9,9
2026-03-12,Paid Search,Tablet,52,40,98,0.646,211.5,0
2026-03-12,Social,Desktop,381,346,1034,0.633,127.2,5
2026-03-12,Social,Mobile,475,387,1614,0.412,48.6,3
2026-03-12,Social,Tablet,57,45,129,0.352,193.4,0
2026-03-12,Direct,Desktop,238,189,828,0.463,70.7,3
2026-03-12,Direct,Mobile,411,361,1742,0.629,66.7,10
2026-03-12,Direct,Tablet,54,41,167,0.411,239.8,1
2026-03-12,Email,Desktop,95,75,180,0.337,118.5,1
2026-03-12,Email,Mobile,144,120,579,0.413,128.8,1
2026-03-12,Email,Tablet,18,13,32,0.477,52.3,0
2026-03-12,Referral,Desktop,94,82,350,0.445,87.8,2
2026-03-12,Referral,Mobile,108,100,293,0.461,219.4,2
2026-03-12,Referral,Tablet,13,10,37,0.601,52.5,0
2026-03-13,Organic Search,Desktop,545,512,2064,0.597,83.7,3
2026-03-13,Organic Search,Mobile,927,847,2736,0.325,226.4,18
2026-03-13,Organic Search,Tablet,170,130,546,0.689,101.6,4
2026-03-13,Paid Search,Desktop,265,249,618,0.516,230.4,4
2026-03-13,Paid Search,Mobile,420,374,1203,0.573,93.9,2
2026-03-13,Paid Search,Tablet,84,73,332,0.551,211.2,1
2026-03-13,Social,Desktop,407,382,1008,0.699,65.3,3
2026-03-13,Social,Mobile,456,425,916,0.424,77.8,4
2026-03-13,Social,Tablet,77,70,225,0.506,196.6,1
2026-03-13,Direct,Desktop,215,183,852,0.642,205.9,1
2026-03-13,Direct,Mobile,370,320,1640,0.429,163.1,10
2026-03-13,Direct,Tablet,62,58,216,0.583,78.2,0
2026-03-13,Email,Desktop,114,94,231,0.633,208.1,3
2026-03-13,Email,Mobile,149,115,453,0.632,172.4,1
2026-03-13,Email,Tablet,24,20,105,0.316,107.4,0
2026-03-13,Referral,Desktop,89,79,226,0.56,193.0,0
2026-03-13,Referral,Mobile,98,89,298,0.604,225.4,2
2026-03-13,Referral,Tablet,20,17,63,0.569,199.3,0
2026-03-14,Organic Search,Desktop,802,688,2674,0.669,124.8,8
2026-03-14,Organic Search,Mobile,1084,914,3064,0.555,202.0,15
2026-03-14,Organic Search,Tablet,155,117,280,0.306,85.3,1
2026-03-14,Paid Search,Desktop,360,275,1412,0.673,170.3,8
2026-03-14,Paid Search,Mobile,399,341,1290,0.592,171.2,4
2026-03-14,Paid Search,Tablet,54,48,202,0.487,166.5,0
2026-03-14,Social,Desktop,455,369,1413,0.576,123.6,3
2026-03-14,Social,Mobile,508,449,1033,0.484,162.9,6
2026-03-14,Social,Tablet,100,89,244,0.589,128.2,2
2026-03-14,Direct,Desktop,334,263,1104,0.633,187.4,5
2026-03-14,Direct,Mobile,387,350,1304,0.597,171.1,11
2026-03-14,Direct,Tablet,39,29,114,0.658,78.7,0
2026-03-14,Email,Desktop,111,100,237,0.36,68.0,3
2026-03-14,Email,Mobile,152,114,537,0.481,224.3,2
2026-03-14,Email,Tablet,25,21,106,0.654,141.7,0
2026-03-14,Referral,Desktop,98,88,204,0.583,150.4,2
2026-03-14,Referral,Mobile,133,100,262,0.681,47.9,3
2026-03-14,Referral,Tablet,20,15,66,0.327,152.2,0
2026-03-15,Organic Search,Desktop,838,750,2592,0.449,184.4,10
2026-03-15,Organic Search,Mobile,1000,830,4279,0.589,135.2,12
2026-03-15,Organic Search,Tablet,127,107,366,0.402,100.7,3
2026-03-15,Paid Search,Desktop,291,232,1184,0.606,90.5,2
2026-03-15,Paid Search,Mobile,423,366,870,0.409,58.5,8
2026-03-15,Paid Search,Tablet,71,55,242,0.693,72.6,1
2026-03-15,Social,Desktop,481,403,973,0.534,56.5,12
2026-03-15,Social,Mobile,484,363,1280,0.526,81.0,5
2026-03-15,Social,Tablet,83,76,266,0.345,161.9,0
2026-03-15,Direct,Desktop,353,323,1089,0.373,229.7,6
2026-03-15,Direct,Mobile,387,349,836,0.618,220.2,10
2026-03-15,Direct,Tablet,53,43,115,0.387,69.4,1
2026-03-15,Email,Desktop,110,83,336,0.496,216.1,3
2026-03-15,Email,Mobile,151,135,416,0.445,80.6,4
2026-03-15,Email,Tablet,20,17,88,0.519,198.8,0
2026-03-15,Referral,Desktop,110,84,400,0.447,141.9,1
2026-03-15,Referral,Mobile,106,86,222,0.548,112.8,2
2026-03-15,Referral,Tablet,19,17,82,0.428,234.7,0
2026-03-16,Organic Search,Desktop,737,651,2043,0.517,216.4,17
2026-03-16,Organic Search,Mobile,1001,799,1893,0.455,165.2,24
2026-03-16,Organic Search,Tablet,153,136,545,0.618,214.6,3
2026-03-16,Paid Search,Desktop,289,250,1268,0.623,235.4,4
2026-03-16,Paid Search,Mobile,375,306,1677,0.305,196.6,11
2026-03-16,Paid Search,Tablet,60,46,211,0.527,136.8,1
2026-03-16,Social,Desktop,430,351,880,0.567,215.8,3
2026-03-16,Social,Mobile,543,452,2312,0.608,203.2,9
2026-03-16,Social,Tablet,73,61,284,0.461,55.0,0
2026-03-16,Direct,Desktop,294,261,631,0.302,152.6,7
2026-03-16,Direct,Mobile,337,299,1102,0.397,51.4,6
2026-03-16,Direct,Tablet,52,43,135,0.33,111.7,1
2026-03-16,Email,Desktop,121,94,405,0.501,144.6,1
2026-03-16,Email,Mobile,97,72,311,0.465,69.5,2
2026-03-16,Email,Tablet,20,15,63,0.395,237.2,0
2026-03-16,Referral,Desktop,73,68,191,0.347,136.0,1
2026-03-16,Referral,Mobile,101,89,264,0.321,71.0,2
2026-03-16,Referral,Tablet,22,18,77,0.395,225.1,0
2026-03-17,Organic Search,Desktop,830,753,3503,0.329,104.1,15
2026-03-17,Organic Search,Mobile,1264,1026,4436,0.477,62.1,22
2026-03-17,Organic Search,Tablet,113,87,254,0.496,232.2,1
2026-03-17,Paid Search,Desktop,260,235,905,0.577,196.4,1
2026-03-17,Paid Search,Mobile,407,334,1460,0.475,143.0,10
2026-03-17,Paid Search,Tablet,58,48,150,0.574,155.3,0
2026-03-17,Social,Desktop,411,325,1133,0.673,132.7,12
2026-03-17,Social,Mobile,545,495,1289,0.489,140.9,10
2026-03-17,Social,Tablet,77,64,301,0.569,100.9,1
2026-03-17,Direct,Desktop,265,213,574,0.574,240.0,3
2026-03-17,Direct,Mobile,309,254,653,0.681,216.5,2
2026-03-17,Direct,Tablet,55,44,173,0.32,239.3,0
2026-03-17,Email,Desktop,101,79,387,0.487,127.8,2
2026-03-17,Email,Mobile,127,112,434,0.51,174.1,2
2026-03-17,Email,Tablet,20,18,57,0.566,137.7,0
2026-03-17,Referral,Desktop,77,60,248,0.54,194.1,1
2026-03-17,Referral,Mobile,113,99,271,0.302,117.9,0
2026-03-17,Referral,Tablet,15,12,29,0.426,223.9,0
2026-03-18,Organic Search,Desktop,787,609,3041,0.534,195.6,11
2026-03-18,Organic Search,Mobile,902,786,3360,0.435,192.1,8
2026-03-18,Organic Search,Tablet,168,137,744,0.686,200.4,3
2026-03-18,Paid Search,Desktop,364,295,898,0.303,208.9,3
2026-03-18,Paid Search,Mobile,372,330,704,0.485,49.3,7
2026-03-18,Paid Search,Tablet,69,64,153,0.338,217.6,1
2026-03-18,Social,Desktop,446,398,1964,0.656,50.9,4
2026-03-18,Social,Mobile,484,390,1003,0.321,145.9,12
2026-03-18,Social,Tablet,71,66,318,0.622,53.0,1
2026-03-18,Direct,Desktop,211,192,870,0.54,58.5,1
2026-03-18,Direct,Mobile,285,254,961,0.624,223.7,6
2026-03-18,Direct,Tablet,52,48,214,0.543,191.3,1
2026-03-18,Email,Desktop,116,99,496,0.541,184.4,3
2026-03-18,Email,Mobile,135,113,325,0.357,52.7,1
2026-03-18,Email,Tablet,23,17,77,0.459,102.2,0
2026-03-18,Referral,Desktop,95,88,224,0.546,191.7,2
2026-03-18,Referral,Mobile,82,75,172,0.367,127.6,2
2026-03-18,Referral,Tablet,19,15,37,0.605,87.5,0
2026-03-19,Organic Search,Desktop,919,776,3549,0.371,46.7,15
2026-03-19,Organic Search,Mobile,930,758,4176,0.678,130.5,6
2026-03-19,Organic Search,Tablet,126,116,411,0.413,133.7,1
2026-03-19,Paid Search,Desktop,266,237,529,0.426,221.8,2
2026-03-19,Paid Search,Mobile,449,398,1591,0.513,190.1,4
2026-03-19,Paid Search,Tablet,62,46,235,0.61,73.5,0
2026-03-19,Social,Desktop,392,362,1262,0.357,76.6,4
2026-03-19,Social,Mobile,476,404,1081,0.626,127.8,7
2026-03-19,Social,Tablet,79,60,179,0.55,165.6,0
2026-03-19,Direct,Desktop,233,187,726,0.342,67.1,6
2026-03-19,Direct,Mobile,352,315,1158,0.511,239.4,9
2026-03-19,Direct,Tablet,36,28,161,0.49,206.3,1
2026-03-19,Email,Desktop,110,97,216,0.357,92.9,1
2026-03-19,Email,Mobile,130,107,263,0.554,231.5,2
2026-03-19,Email,Tablet,21,17,88,0.406,163.7,0
2026-03-19,Referral,Desktop,75,57,294,0.671,147.7,2
2026-03-19,Referral,Mobile,112,93,320,0.604,111.0,2
2026-03-19,Referral,Tablet,19,15,68,0.519,164.7,0
2026-03-20,Organic Search,Desktop,949,713,3814,0.422,191.2,4
2026-03-20,Organic Search,Mobile,995,791,2047,0.629,218.8,28
2026-03-20,Organic Search,Tablet,117,102,226,0.621,62.5,1
2026-03-20,Paid Search,Desktop,299,229,1034,0.395,223.9,5
2026-03-20,Paid Search,Mobile,410,359,906,0.606,218.2,11
2026-03-20,Paid Search,Tablet,56,44,138,0.478,221.5,1
2026-03-20,Social,Desktop,347,279,688,0.413,75.6,8
2026-03-20,Social,Mobile,518,457,1983,0.559,225.8,3
2026-03-20,Social,Tablet,92,83,371,0.647,79.8,0
2026-03-20,Direct,Desktop,279,229,1222,0.693,206.4,1
2026-03-20,Direct,Mobile,284,245,777,0.336,210.8,7
2026-03-20,Direct,Tablet,60,54,124,0.621,222.5,1
2026-03-20,Email,Desktop,101,83,325,0.322,164.2,2
2026-03-20,Email,Mobile,113,102,288,0.313,53.5,3
2026-03-20,Email,Tablet,19,17,49,0.354,48.3,0
2026-03-20,Referral,Desktop,93,79,282,0.519,206.3,2
2026-03-20,Referral,Mobile,129,108,346,0.538,135.6,0
2026-03-20,Referral,Tablet,14,10,57,0.555,215.0,0
2026-03-21,Organic Search,Desktop,794,683,2445,0.451,64.8,16
2026-03-21,Organic Search,Mobile,1080,932,2272,0.409,156.6,18
2026-03-21,Organic Search,Tablet,192,178,361,0.419,53.2,4
2026-03-21,Paid Search,Desktop,267,228,692,0.679,173.1,7
2026-03-21,Paid Search,Mobile,529,456,1565,0.672,180.1,15
2026-03-21,Paid Search,Tablet,62,53,227,0.517,125.0,1
2026-03-21,Social,Desktop,505,474,959,0.577,87.6,5
2026-03-21,Social,Mobile,480,410,2065,0.574,202.7,5
2026-03-21,Social,Tablet,82,62,192,0.437,167.3,1
2026-03-21,Direct,Desktop,289,243,1114,0.591,183.0,2
2026-03-21,Direct,Mobile,402,355,1762,0.6,191.6,2
2026-03-21,Direct,Tablet,70,63,289,0.334,171.5,1
2026-03-21,Email,Desktop,123,107,395,0.553,75.0,1
2026-03-21,Email,Mobile,161,149,499,0.479,64.9,3
2026-03-21,Email,Tablet,21,19,94,0.688,133.8,0
2026-03-21,Referral,Desktop,99,89,349,0.442,160.5,2
2026-03-21,Referral,Mobile,106,88,411,0.567,57.1,1
2026-03-21,Referral,Tablet,17,15,33,0.519,138.1,0
2026-03-22,Organic Search,Desktop,653,550,1593,0.585,130.4,3
2026-03-22,Organic Search,Mobile,1217,958,3211,0.564,236.1,29
2026-03-22,Organic Search,Tablet,233,187,566,0.59,203.0,3
2026-03-22,Paid Search,Desktop,335,299,1215,0.615,77.8,5
2026-03-22,Paid Search,Mobile,418,360,1711,0.6,176.8,7
2026-03-22,Paid Search,Tablet,60,49,251,0.325,117.6,1
2026-03-22,Social,Desktop,465,397,1654,0.678,154.9,4
2026-03-22,Social,Mobile,561,493,2055,0.445,66.0,10
2026-03-22,Social,Tablet,104,79,347,0.521,60.2,2
2026-03-22,Direct,Desktop,261,200,800,0.43,141.5,4
2026-03-22,Direct,Mobile,282,266,693,0.674,108.1,2
2026-03-22,Direct,Tablet,65,59,257,0.629,213.3,1
2026-03-22,Email,Desktop,119,94,408,0.557,138.3,2
2026-03-22,Email,Mobile,157,140,543,0.459,229.5,1
2026-03-22,Email,Tablet,25,22,46,0.643,146.6,0
2026-03-22,Referral,Desktop,114,95,217,0.438,89.2,3
2026-03-22,Referral,Mobile,110,101,415,0.435,191.3,2
2026-03-22,Referral,Tablet,22,20,60,0.439,88.2,0
2026-03-23,Organic Search,Desktop,705,651,2386,0.669,53.9,15
2026-03-23,Organic Search,Mobile,1248,1148,4974,0.549,95.3,8
2026-03-23,Organic Search,Tablet,112,96,300,0.332,46.5,1
2026-03-23,Paid Search,Desktop,312,259,743,0.62,223.2,9
2026-03-23,Paid Search,Mobile,460,393,1868,0.646,163.8,13
2026-03-23,Paid Search,Tablet,43,38,161,0.342,76.8,0
2026-03-23,Social,Desktop,300,283,723,0.336,56.9,3
2026-03-23,Social,Mobile,546,418,1636,0.45,228.9,15
2026-03-23,Social,Tablet,73,58,326,0.516,138.1,1
2026-03-23,Direct,Desktop,272,234,502,0.574,149.0,6
2026-03-23,Direct,Mobile,337,281,1407,0.442,156.2,8
2026-03-23,Direct,Tablet,59,54,179,0.404,148.7,1
2026-03-23,Email,Desktop,107,88,346,0.443,184.5,2
2026-03-23,Email,Mobile,162,132,504,0.644,52.2,1
2026-03-23,Email,Tablet,25,23,105,0.389,113.9,0
2026-03-23,Referral,Desktop,63,55,137,0.673,193.9,1
2026-03-23,Referral,Mobile,102,91,454,0.697,110.3,2
2026-03-23,Referral,Tablet,19,14,65,0.489,49.9,0
2026-03-24,Organic Search,Desktop,801,698,2639,0.31,115.1,23
2026-03-24,Organic Search,Mobile,862,789,1817,0.572,180.2,23
2026-03-24,Organic Search,Tablet,136,124,479,0.68,61.5,2
2026-03-24,Paid Search,Desktop,316,250,1387,0.602,231.6,5
2026-03-24,Paid Search,Mobile,385,334,1721,0.631,175.1,10
2026-03-24,Paid Search,Tablet,54,50,125,0.686,100.6,0
2026-03-24,Social,Desktop,457,367,1996,0.586,235.7,7
2026-03-24,Social,Mobile,503,401,1512,0.389,159.2,3
2026-03-24,Social,Tablet,72,62,155,0.352,187.5,1
2026-03-24,Direct,Desktop,278,250,865,0.403,230.3,4
2026-03-24,Direct,Mobile,328,306,869,0.389,139.6,9
2026-03-24,Direct,Tablet,42,35,155,0.652,145.7,0
2026-03-24,Email,Desktop,84,69,339,0.456,99.3,2
2026-03-24,Email,Mobile,113,104,210,0.363,166.3,2
2026-03-24,Email,Tablet,20,17,57,0.616,163.7,0
2026-03-24,Referral,Desktop,100,86,180,0.661,221.2,1
2026-03-24,Referral,Mobile,91,82,290,0.505,217.2,1
2026-03-24,Referral,Tablet,21,15,38,0.608,150.8,0
2026-03-25,Organic Search,Desktop,867,673,3734,0.508,202.7,21
2026-03-25,Organic Search,Mobile,923,751,3272,0.545,162.6,23
2026-03-25,Organic Search,Tablet,167,149,431,0.687,189.6,1
2026-03-25,Paid Search,Desktop,282,247,1078,0.676,57.2,2
2026-03-25,Paid Search,Mobile,523,427,1281,0.646,50.7,7
2026-03-25,Paid Search,Tablet,65,49,279,0.443,86.8,1
2026-03-25,Social,Desktop,402,320,1470,0.444,239.5,4
2026-03-25,Social,Mobile,371,352,1450,0.576,160.1,9
2026-03-25,Social,Tablet,100,94,297,0.446,192.5,1
2026-03-25,Direct,Desktop,305,244,567,0.386,73.3,2
2026-03-25,Direct,Mobile,303,271,612,0.461,170.4,7
2026-03-25,Direct,Tablet,56,50,111,0.611,175.3,0
2026-03-25,Email,Desktop,129,105,382,0.551,189.6,2
2026-03-25,Email,Mobile,144,114,345,0.619,45.4,3
2026-03-25,Email,Tablet,16,13,60,0.437,159.0,0
2026-03-25,Referral,Desktop,85,76,318,0.638,124.4,1
2026-03-25,Referral,Mobile,123,97,339,0.593,207.9,0
2026-03-25,Referral,Tablet,17,14,42,0.459,230.3,0
2026-03-26,Organic Search,Desktop,924,791,3635,0.645,143.5,22
2026-03-26,Organic Search,Mobile,1107,867,2658,0.352,216.0,31
2026-03-26,Organic Search,Tablet,179,135,542,0.35,153.3,2
2026-03-26,Paid Search,Desktop,202,179,828,0.536,103.3,5
2026-03-26,Paid Search,Mobile,383,345,1341,0.346,144.7,4
2026-03-26,Paid Search,Tablet,60,49,191,0.421,69.1,1
2026-03-26,Social,Desktop,473,421,1040,0.343,85.5,5
2026-03-26,Social,Mobile,516,455,2172,0.43,172.1,6
2026-03-26,Social,Tablet,43,32,151,0.567,152.9,0
2026-03-26,Direct,Desktop,265,218,844,0.438,111.0,4
2026-03-26,Direct,Mobile,322,245,1288,0.582,95.3,6
2026-03-26,Direct,Tablet,48,40,214,0.639,121.9,0
2026-03-26,Email,Desktop,88,69,267,0.301,162.8,2
2026-03-26,Email,Mobile,135,118,537,0.523,222.0,1
2026-03-26,Email,Tablet,18,16,64,0.336,218.2,0
2026-03-26,Referral,Desktop,90,80,268,0.349,59.2,0
2026-03-26,Referral,Mobile,120,91,319,0.431,178.0,2
2026-03-26,Referral,Tablet,16,12,51,0.68,155.7,0
2026-03-27,Organic Search,Desktop,645,501,1891,0.317,157.1,19
2026-03-27,Organic Search,Mobile,1141,1035,2147,0.478,78.1,30
2026-03-27,Organic Search,Tablet,191,171,451,0.436,153.4,4
2026-03-27,Paid Search,Desktop,194,162,455,0.315,220.3,0
2026-03-27,Paid Search,Mobile,420,321,1019,0.583,230.5,3
2026-03-27,Paid Search,Tablet,57,52,140,0.509,59.2,1
2026-03-27,Social,Desktop,450,393,1792,0.507,147.0,10
2026-03-27,Social,Mobile,344,298,1443,0.569,139.0,3
2026-03-27,Social,Tablet,91,79,310,0.625,177.8,1
2026-03-27,Direct,Desktop,210,197,782,0.611,101.4,5
2026-03-27,Direct,Mobile,387,314,1695,0.538,205.9,2
2026-03-27,Direct,Tablet,50,46,123,0.629,129.5,0
2026-03-27,Email,Desktop,93,87,316,0.479,58.4,1
2026-03-27,Email,Mobile,128,101,349,0.338,81.0,0
2026-03-27,Email,Tablet,16,12,63,0.39,102.3,0
2026-03-27,Referral,Desktop,84,76,352,0.641,98.5,2
2026-03-27,Referral,Mobile,97,90,288,0.667,155.7,1
2026-03-27,Referral,Tablet,16,12,39,0.682,229.0,0
2026-03-28,Organic Search,Desktop,894,806,3257,0.574,124.3,15
2026-03-28,Organic Search,Mobile,911,738,2173,0.4,194.6,17
2026-03-28,Organic Search,Tablet,124,95,517,0.583,87.4,3
2026-03-28,Paid Search,Desktop,297,237,624,0.622,148.0,5
2026-03-28,Paid Search,Mobile,393,340,1632,0.697,133.1,9
2026-03-28,Paid Search,Tablet,70,59,192,0.649,51.0,0
2026-03-28,Social,Desktop,420,356,836,0.318,200.7,7
2026-03-28,Social,Mobile,571,462,1558,0.587,94.8,6
2026-03-28,Social,Tablet,95,73,239,0.481,103.3,2
2026-03-28,Direct,Desktop,309,263,800,0.336,70.9,8
2026-03-28,Direct,Mobile,329,277,984,0.479,149.2,1
2026-03-28,Direct,Tablet,74,62,179,0.348,203.1,0
2026-03-28,Email,Desktop,118,105,257,0.668,198.6,1
2026-03-28,Email,Mobile,122,100,505,0.362,51.2,2
2026-03-28,Email,Tablet,24,18,79,0.657,176.2,0
2026-03-28,Referral,Desktop,72,62,208,0.408,75.7,2
2026-03-28,Referral,Mobile,128,103,479,0.592,201.4,3
2026-03-28,Referral,Tablet,17,13,62,0.51,49.0,0
2026-03-29,Organic Search,Desktop,695,541,2084,0.692,48.2,12
2026-03-29,Organic Search,Mobile,957,748,3040,0.553,215.5,7
2026-03-29,Organic Search,Tablet,165,143,540,0.48,192.5,2
2026-03-29,Paid Search,Desktop,343,291,1099,0.446,231.5,3
2026-03-29,Paid Search,Mobile,400,377,1006,0.35,99.5,8
2026-03-29,Paid Search,Tablet,64,48,261,0.31,207.3,0
2026-03-29,Social,Desktop,416,392,1496,0.514,65.3,11
2026-03-29,Social,Mobile,438,369,904,0.676,143.3,11
2026-03-29,Social,Tablet,74,57,278,0.328,126.1,2
2026-03-29,Direct,Desktop,312,253,763,0.436,172.1,7
2026-03-29,Direct,Mobile,325,297,1144,0.344,228.2,5
2026-03-29,Direct,Tablet,59,51,252,0.665,190.9,1
2026-03-29,Email,Desktop,131,104,559,0.597,131.8,1
2026-03-29,Email,Mobile,156,128,478,0.605,158.1,0
2026-03-29,Email,Tablet,18,16,57,0.639,238.3,0
2026-03-29,Referral,Desktop,125,114,383,0.669,220.0,0
2026-03-29,Referral,Mobile,116,88,491,0.58,182.4,0
2026-03-29,Referral,Tablet,19,15,45,0.623,98.0,0
2026-03-30,Organic Search,Desktop,759,632,3342,0.457,169.4,7
2026-03-30,Organic Search,Mobile,696,655,1920,0.661,69.4,14
2026-03-30,Organic Search,Tablet,178,153,344,0.306,193.8,4
2026-03-30,Paid Search,Desktop,268,222,868,0.606,218.6,3
2026-03-30,Paid Search,Mobile,320,284,1267,0.636,86.5,4
2026-03-30,Paid Search,Tablet,52,46,230,0.656,83.0,1
2026-03-30,Social,Desktop,374,309,1243,0.398,95.0,4
2026-03-30,Social,Mobile,516,446,1143,0.375,161.7,7
2026-03-30,Social,Tablet,61,53,202,0.395,120.0,0
2026-03-30,Direct,Desktop,223,203,547,0.454,179.0,5
2026-03-30,Direct,Mobile,279,240,544,0.306,48.6,5
2026-03-30,Direct,Tablet,51,48,189,0.671,125.9,1
2026-03-30,Email,Desktop,105,98,298,0.451,127.5,2
2026-03-30,Email,Mobile,128,109,292,0.392,163.9,3
2026-03-30,Email,Tablet,27,23,61,0.613,89.8,0
2026-03-30,Referral,Desktop,101,87,326,0.447,162.7,0
2026-03-30,Referral,Mobile,113,101,458,0.391,214.6,2
2026-03-30,Referral,Tablet,14,11,25,0.316,76.4,0
2026-03-31,Organic Search,Desktop,850,747,3472,0.466,54.6,15
2026-03-31,Organic Search,Mobile,1002,908,4085,0.434,134.7,25
2026-03-31,Organic Search,Tablet,158,119,562,0.329,82.8,1
2026-03-31,Paid Search,Desktop,300,250,849,0.436,157.6,7
2026-03-31,Paid Search,Mobile,409,360,1447,0.353,231.3,5
2026-03-31,Paid Search,Tablet,51,41,183,0.577,216.3,0
2026-03-31,Social,Desktop,297,271,772,0.516,173.6,5
2026-03-31,Social,Mobile,462,418,1258,0.621,109.5,2
2026-03-31,Social,Tablet,81,67,160,0.357,155.4,1
2026-03-31,Direct,Desktop,231,186,694,0.497,125.2,5
2026-03-31,Direct,Mobile,364,328,857,0.621,165.6,4
2026-03-31,Direct,Tablet,46,41,96,0.646,78.7,0
2026-03-31,Email,Desktop,107,89,253,0.537,74.3,2
2026-03-31,Email,Mobile,163,136,400,0.598,170.1,3
2026-03-31,Email,Tablet,19,14,71,0.663,86.0,0
2026-03-31,Referral,Desktop,111,102,392,0.6,171.2,1
2026-03-31,Referral,Mobile,99,78,293,0.66,186.3,1
2026-03-31,Referral,Tablet,18,14,69,0.517,174.4,0
2026-04-01,Organic Search,Desktop,791,600,3010,0.382,138.8,11
2026-04-01,Organic Search,Mobile,1072,865,3470,0.638,218.6,19
2026-04-01,Organic Search,Tablet,138,118,533,0.648,212.6,1
2026-04-01,Paid Search,Desktop,245,224,464,0.657,186.2,1
2026-04-01,Paid Search,Mobile,281,234,1246,0.406,130.9,5
2026-04-01,Paid Search,Tablet,41,34,177,0.63,177.4,0
2026-04-01,Social,Desktop,337,286,1202,0.696,200.2,9
2026-04-01,Social,Mobile,413,340,933,0.582,175.1,4
2026-04-01,Social,Tablet,68,53,273,0.374,50.2,0
2026-04-01,Direct,Desktop,285,215,764,0.383,54.0,2
2026-04-01,Direct,Mobile,275,241,912,0.621,138.0,6
2026-04-01,Direct,Tablet,54,42,208,0.319,183.0,0
2026-04-01,Email,Desktop,95,82,186,0.579,144.1,1
2026-04-01,Email,Mobile,83,62,349,0.641,57.0,1
2026-04-01,Email,Tablet,17,16,49,0.354,220.3,0
2026-04-01,Referral,Desktop,64,51,222,0.503,210.2,0
2026-04-01,Referral,Mobile,78,71,276,0.664,58.2,2
2026-04-01,Referral,Tablet,16,13,44,0.372,201.2,0
2026-04-02,Organic Search,Desktop,991,752,3474,0.445,140.4,15
2026-04-02,Organic Search,Mobile,1024,968,3591,0.389,131.6,6
2026-04-02,Organic Search,Tablet,147,118,577,0.697,145.8,0
2026-04-02,Paid Search,Desktop,199,165,607,0.37,157.0,2
2026-04-02,Paid Search,Mobile,326,285,805,0.553,105.2,2
2026-04-02,Paid Search,Tablet,56,48,145,0.43,141.4,1
2026-04-02,Social,Desktop,260,230,892,0.512,132.9,4
2026-04-02,Social,Mobile,301,245,893,0.606,197.3,6
2026-04-02,Social,Tablet,45,38,111,0.397,155.6,0
2026-04-02,Direct,Desktop,190,167,583,0.321,222.6,3
2026-04-02,Direct,Mobile,282,257,748,0.532,117.7,3
2026-04-02,Direct,Tablet,44,36,83,0.393,171.5,0
2026-04-02,Email,Desktop,92,80,304,0.511,142.4,1
2026-04-02,Email,Mobile,150,133,542,0.41,104.8,3
2026-04-02,Email,Tablet,14,10,52,0.45,172.1,0
2026-04-02,Referral,Desktop,78,62,350,0.692,113.6,1
2026-04-02,Referral,Mobile,89,72,324,0.408,217.5,0
2026-04-02,Referral,Tablet,17,15,56,0.568,126.9,0
2026-04-03,Organic Search,Desktop,753,603,2511,0.351,147.1,12
2026-04-03,Organic Search,Mobile,855,804,3007,0.646,84.8,17
2026-04-03,Organic Search,Tablet,101,84,405,0.528,171.3,1
2026-04-03,Paid Search,Desktop,217,190,768,0.459,59.3,1
2026-04-03,Paid Search,Mobile,285,214,1229,0.472,217.8,4
2026-04-03,Paid Search,Tablet,53,44,144,0.694,49.7,0
2026-04-03,Social,Desktop,299,259,864,0.356,64.6,8
2026-04-03,Social,Mobile,466,410,1794,0.422,85.8,8
2026-04-03,Social,Tablet,60,45,138,0.363,113.2,1
2026-04-03,Direct,Desktop,268,217,955,0.639,124.7,2
2026-04-03,Direct,Mobile,281,255,1219,0.634,172.6,7
2026-04-03,Direct,Tablet,47,43,193,0.6,71.0,0
2026-04-03,Email,Desktop,105,90,230,0.444,128.0,1
2026-04-03,Email,Mobile,116,96,367,0.676,93.2,2
2026-04-03,Email,Tablet,19,15,64,0.304,238.7,0
2026-04-03,Referral,Desktop,74,61,187,0.528,106.4,0
2026-04-03,Referral,Mobile,110,85,409,0.643,122.4,0
2026-04-03,Referral,Tablet,11,8,31,0.476,81.0,0
2026-04-04,Organic Search,Desktop,876,766,2053,0.6,94.1,19
2026-04-04,Organic Search,Mobile,1091,825,4265,0.669,202.4,12
2026-04-04,Organic Search,Tablet,170,129,720,0.404,232.7,0
2026-04-04,Paid Search,Desktop,236,220,631,0.375,49.5,5
2026-04-04,Paid Search,Mobile,363,319,1494,0.451,123.6,5
2026-04-04,Paid Search,Tablet,60,52,243,0.308,129.4,1
2026-04-04,Social,Desktop,343,268,1165,0.553,48.8,8
2026-04-04,Social,Mobile,457,344,1453,0.566,140.3,9
2026-04-04,Social,Tablet,75,68,186,0.448,199.3,1
2026-04-04,Direct,Desktop,214,200,441,0.534,99.5,3
2026-04-04,Direct,Mobile,369,319,1509,0.639,223.5,8
2026-04-04,Direct,Tablet,46,35,91,0.585,134.4,1
2026-04-04,Email,Desktop,93,76,319,0.321,236.2,2
2026-04-04,Email,Mobile,136,121,576,0.521,92.1,1
2026-04-04,Email,Tablet,19,15,77,0.667,78.0,0
2026-04-04,Referral,Desktop,93,78,230,0.594,144.0,0
2026-04-04,Referral,Mobile,120,104,333,0.645,163.2,3
2026-04-04,Referral,Tablet,16,13,70,0.557,131.2,0
2026-04-05,Organic Search,Desktop,851,808,3371,0.604,100.8,19
2026-04-05,Organic Search,Mobile,1171,1060,4943,0.648,184.9,29
2026-04-05,Organic Search,Tablet,162,126,359,0.621,181.4,1
2026-04-05,Paid Search,Desktop,242,212,653,0.518,169.3,1
2026-04-05,Paid Search,Mobile,432,383,1039,0.398,233.7,11
2026-04-05,Paid Search,Tablet,50,44,158,0.305,191.8,1
2026-04-05,Social,Desktop,407,358,1822,0.555,164.1,12
2026-04-05,Social,Mobile,459,349,1332,0.331,183.2,2
2026-04-05,Social,Tablet,94,82,411,0.607,204.4,2
2026-04-05,Direct,Desktop,282,216,963,0.354,131.6,5
2026-04-05,Direct,Mobile,317,284,876,0.608,174.4,9
2026-04-05,Direct,Tablet,46,37,135,0.519,75.1,0
2026-04-05,Email,Desktop,106,92,398,0.34,191.3,2
2026-04-05,Email,Mobile,124,117,236,0.317,229.8,0
2026-04-05,Email,Tablet,21,19,64,0.437,231.7,0
2026-04-05,Referral,Desktop,76,69,185,0.594,67.9,1
2026-04-05,Referral,Mobile,114,93,475,0.596,139.4,1
2026-04-05,Referral,Tablet,20,15,50,0.542,231.4,0
2026-04-06,Organic Search,Desktop,594,560,1830,0.499,174.7,17
2026-04-06,Organic Search,Mobile,815,627,3193,0.645,63.2,17
2026-04-06,Organic Search,Tablet,133,124,595,0.36,53.6,1
2026-04-06,Paid Search,Desktop,291,238,1245,0.321,148.8,3
2026-04-06,Paid Search,Mobile,416,313,1218,0.658,200.0,7
2026-04-06,Paid Search,Tablet,42,39,155,0.536,202.3,1
2026-04-06,Social,Desktop,359,301,1084,0.63,228.5,1
2026-04-06,Social,Mobile,288,228,1173,0.63,169.8,8
2026-04-06,Social,Tablet,88,78,249,0.348,79.7,2
2026-04-06,Direct,Desktop,201,177,784,0.381,68.7,1
2026-04-06,Direct,Mobile,252,229,967,0.643,142.9,7
2026-04-06,Direct,Tablet,40,35,158,0.691,138.5,0
2026-04-06,Email,Desktop,89,69,397,0.421,139.8,2
2026-04-06,Email,Mobile,140,120,502,0.434,106.3,2
2026-04-06,Email,Tablet,16,14,29,0.474,166.2,0
2026-04-06,Referral,Desktop,57,45,201,0.439,141.5,1
2026-04-06,Referral,Mobile,97,76,345,0.44,207.3,0
2026-04-06,Referral,Tablet,12,10,41,0.51,212.3,0
2026-04-07,Organic Search,Desktop,937,864,2308,0.541,48.2,23
2026-04-07,Organic Search,Mobile,693,548,1630,0.352,112.8,17
2026-04-07,Organic Search,Tablet,139,125,287,0.339,117.1,2
2026-04-07,Paid Search,Desktop,244,223,791,0.308,116.2,5
2026-04-07,Paid Search,Mobile,247,232,1013,0.302,159.2,7
2026-04-07,Paid Search,Tablet,58,46,258,0.372,197.6,1
2026-04-07,Social,Desktop,351,265,852,0.672,70.1,9
2026-04-07,Social,Mobile,431,344,1287,0.588,154.0,4
2026-04-07,Social,Tablet,74,63,269,0.563,106.3,1
2026-04-07,Direct,Desktop,229,204,847,0.361,139.0,4
2026-04-07,Direct,Mobile,319,302,1390,0.691,100.9,3
2026-04-07,Direct,Tablet,52,42,141,0.695,146.5,1
2026-04-07,Email,Desktop,91,71,341,0.57,103.5,1
2026-04-07,Email,Mobile,117,94,286,0.545,233.9,2
2026-04-07,Email,Tablet,15,13,43,0.377,135.7,0
2026-04-07,Referral,Desktop,66,51,275,0.693,54.0,0
2026-04-07,Referral,Mobile,81,73,153,0.437,172.5,2
2026-04-07,Referral,Tablet,18,14,77,0.507,95.5,0
2026-04-08,Organic Search,Desktop,717,602,3162,0.437,49.9,20
2026-04-08,Organic Search,Mobile,679,517,2867,0.637,115.2,5
2026-04-08,Organic Search,Tablet,125,101,350,0.411,181.9,2
2026-04-08,Paid Search,Desktop,301,271,1202,0.469,82.2,5
2026-04-08,Paid Search,Mobile,350,269,969,0.363,89.2,10
2026-04-08,Paid Search,Tablet,43,37,88,0.554,142.1,0
2026-04-08,Social,Desktop,332,279,762,0.497,132.7,3
2026-04-08,Social,Mobile,488,398,1322,0.66,153.8,13
2026-04-08,Social,Tablet,93,75,362,0.454,125.1,1
2026-04-08,Direct,Desktop,241,185,743,0.662,92.1,5
2026-04-08,Direct,Mobile,323,291,661,0.567,79.8,6
2026-04-08,Direct,Tablet,45,41,87,0.448,124.0,0
2026-04-08,Email,Desktop,94,82,241,0.543,81.0,2
2026-04-08,Email,Mobile,125,109,557,0.613,219.4,2
2026-04-08,Email,Tablet,20,18,49,0.629,130.5,0
2026-04-08,Referral,Desktop,65,49,151,0.594,185.4,0
2026-04-08,Referral,Mobile,102,80,401,0.565,48.4,1
2026-04-08,Referral,Tablet,19,17,39,0.501,198.1,0
2026-04-09,Organic Search,Desktop,651,600,2445,0.586,60.0,15
2026-04-09,Organic Search,Mobile,1011,899,3594,0.563,208.5,16
2026-04-09,Organic Search,Tablet,159,125,664,0.551,238.4,3
2026-04-09,Paid Search,Desktop,299,276,594,0.614,181.8,8
2026-04-09,Paid Search,Mobile,346,301,1518,0.571,49.9,2
2026-04-09,Paid Search,Tablet,55,50,100,0.501,148.5,1
2026-04-09,Social,Desktop,323,268,1131,0.478,172.6,8
2026-04-09,Social,Mobile,419,324,1785,0.696,173.8,3
2026-04-09,Social,Tablet,80,73,205,0.542,181.0,0
2026-04-09,Direct,Desktop,266,209,964,0.315,90.7,1
2026-04-09,Direct,Mobile,283,219,948,0.686,177.1,5
2026-04-09,Direct,Tablet,42,34,83,0.47,159.4,0
2026-04-09,Email,Desktop,87,81,169,0.302,193.5,1
2026-04-09,Email,Mobile,149,125,515,0.578,178.9,1
2026-04-09,Email,Tablet,23,20,81,0.633,138.2,0
2026-04-09,Referral,Desktop,73,68,258,0.489,157.0,2
2026-04-09,Referral,Mobile,88,79,281,0.548,185.4,1
2026-04-09,Referral,Tablet,14,13,59,0.317,167.3,0
2026-04-10,Organic Search,Desktop,623,560,1548,0.432,102.4,13
2026-04-10,Organic Search,Mobile,966,880,4326,0.477,130.5,20
2026-04-10,Organic Search,Tablet,128,101,313,0.642,217.1,0
2026-04-10,Paid Search,Desktop,298,258,1307,0.46,235.6,1
2026-04-10,Paid Search,Mobile,386,314,1565,0.677,212.9,8
2026-04-10,Paid Search,Tablet,55,44,114,0.318,88.5,0
2026-04-10,Social,Desktop,311,271,1191,0.319,69.6,4
2026-04-10,Social,Mobile,487,407,1392,0.69,227.0,8
2026-04-10,Social,Tablet,39,35,159,0.367,140.1,0
2026-04-10,Direct,Desktop,256,221,1040,0.665,160.9,2
2026-04-10,Direct,Mobile,320,276,801,0.646,152.1,8
2026-04-10,Direct,Tablet,39,31,111,0.492,205.8,0
2026-04-10,Email,Desktop,96,86,357,0.491,66.9,1
2026-04-10,Email,Mobile,105,89,434,0.463,73.5,0
2026-04-10,Email,Tablet,19,15,42,0.377,61.1,0
2026-04-10,Referral,Desktop,82,71,299,0.462,160.7,2
2026-04-10,Referral,Mobile,102,81,299,0.516,217.6,2
2026-04-10,Referral,Tablet,15,13,42,0.427,164.3,0
2026-04-11,Organic Search,Desktop,717,616,2723,0.685,58.0,20
2026-04-11,Organic Search,Mobile,923,804,2183,0.45,105.2,9
2026-04-11,Organic Search,Tablet,152,139,445,0.646,205.3,1
2026-04-11,Paid Search,Desktop,298,278,616,0.345,49.5,6
2026-04-11,Paid Search,Mobile,430,403,1592,0.551,61.9,4
2026-04-11,Paid Search,Tablet,67,60,206,0.553,86.0,0
2026-04-11,Social,Desktop,394,313,984,0.545,61.9,3
2026-04-11,Social,Mobile,564,515,2166,0.601,213.0,7
2026-04-11,Social,Tablet,84,65,205,0.556,96.4,1
2026-04-11,Direct,Desktop,242,208,601,0.573,165.4,5
2026-04-11,Direct,Mobile,191,151,531,0.671,91.8,5
2026-04-11,Direct,Tablet,55,45,145,0.519,136.3,0
2026-04-11,Email,Desktop,118,97,473,0.631,52.1,0
2026-04-11,Email,Mobile,126,101,497,0.581,238.6,3
2026-04-11,Email,Tablet,27,25,84,0.34,101.6,0
2026-04-11,Referral,Desktop,80,61,253,0.334,79.5,1
2026-04-11,Referral,Mobile,137,117,297,0.433,111.0,1
2026-04-11,Referral,Tablet,12,11,28,0.339,87.6,0
2026-04-12,Organic Search,Desktop,513,439,1283,0.698,217.5,10
2026-04-12,Organic Search,Mobile,1089,934,3572,0.427,78.1,12
2026-04-12,Organic Search,Tablet,160,130,444,0.329,81.8,2
2026-04-12,Paid Search,Desktop,293,253,533,0.679,203.3,3
2026-04-12,Paid Search,Mobile,363,290,1548,0.606,177.7,9
2026-04-12,Paid Search,Tablet,39,31,131,0.691,58.3,0
2026-04-12,Social,Desktop,417,393,1069,0.564,45.6,4
2026-04-12,Social,Mobile,480,396,1527,0.532,202.7,8
2026-04-12,Social,Tablet,69,53,175,0.687,142.0,0
2026-04-12,Direct,Desktop,255,228,657,0.517,104.1,6
2026-04-12,Direct,Mobile,337,314,881,0.634,240.0,6
2026-04-12,Direct,Tablet,53,44,164,0.408,67.1,0
2026-04-12,Email,Desktop,121,101,391,0.339,180.6,2
2026-04-12,Email,Mobile,144,112,398,0.415,222.3,1
2026-04-12,Email,Tablet,24,21,102,0.399,110.3,0
2026-04-12,Referral,Desktop,88,77,291,0.507,234.8,1
2026-04-12,Referral,Mobile,105,78,456,0.564,91.1,1
2026-04-12,Referral,Tablet,20,18,49,0.391,79.0,0
2026-04-13,Organic Search,Desktop,606,557,1732,0.62,204.3,16
2026-04-13,Organic Search,Mobile,940,759,4110,0.423,197.9,27
2026-04-13,Organic Search,Tablet,132,122,382,0.433,75.7,3
2026-04-13,Paid Search,Desktop,265,251,670,0.558,220.8,7
2026-04-13,Paid Search,Mobile,443,341,1505,0.664,128.3,6
2026-04-13,Paid Search,Tablet,53,47,141,0.555,221.6,0
2026-04-13,Social,Desktop,289,223,569,0.375,148.9,7
2026-04-13,Social,Mobile,397,357,849,0.456,89.7,2
2026-04-13,Social,Tablet,62,50,140,0.406,83.9,0
2026-04-13,Direct,Desktop,180,167,453,0.617,175.4,4
2026-04-13,Direct,Mobile,230,189,1024,0.579,57.7,5
2026-04-13,Direct,Tablet,57,51,180,0.516,155.5,0
2026-04-13,Email,Desktop,92,83,246,0.61,59.1,1
2026-04-13,Email,Mobile,130,123,371,0.363,120.8,1
2026-04-13,Email,Tablet,16,13,30,0.369,126.1,0
2026-04-13,Referral,Desktop,64,59,263,0.48,166.9,0
2026-04-13,Referral,Mobile,85,73,250,0.346,103.4,1
2026-04-13,Referral,Tablet,15,12,34,0.378,80.2,0
2026-04-14,Organic Search,Desktop,764,695,3045,0.648,166.2,12
2026-04-14,Organic Search,Mobile,1013,820,3601,0.458,115.6,22
2026-04-14,Organic Search,Tablet,185,143,683,0.423,115.0,3
2026-04-14,Paid Search,Desktop,286,229,528,0.465,212.5,5
2026-04-14,Paid Search,Mobile,299,279,1215,0.581,54.7,5
2026-04-14,Paid Search,Tablet,47,38,99,0.35,182.4,1
2026-04-14,Social,Desktop,256,205,1060,0.634,55.2,7
2026-04-14,Social,Mobile,375,318,1132,0.526,216.9,2
2026-04-14,Social,Tablet,72,66,211,0.492,125.0,0
2026-04-14,Direct,Desktop,189,155,456,0.32,115.5,1
2026-04-14,Direct,Mobile,225,169,614,0.689,164.6,3
2026-04-14,Direct,Tablet,49,43,182,0.389,146.0,0
2026-04-14,Email,Desktop,98,86,338,0.668,136.9,2
2026-04-14,Email,Mobile,145,114,351,0.322,58.5,3
2026-04-14,Email,Tablet,23,18,65,0.555,110.5,0
2026-04-14,Referral,Desktop,62,46,209,0.322,111.0,1
2026-04-14,Referral,Mobile,91,86,260,0.309,52.3,1
2026-04-14,Referral,Tablet,13,10,53,0.355,133.0,0
2026-04-15,Organic Search,Desktop,619,572,2327,0.571,163.6,8
2026-04-15,Organic Search,Mobile,707,543,1327,0.377,122.6,20
2026-04-15,Organic Search,Tablet,94,86,212,0.486,201.2,0
2026-04-15,Paid Search,Desktop,245,202,776,0.37,145.0,4
2026-04-15,Paid Search,Mobile,248,193,917,0.523,92.4,4
2026-04-15,Paid Search,Tablet,56,50,239,0.606,99.3,1
2026-04-15,Social,Desktop,262,222,692,0.356,178.5,6
2026-04-15,Social,Mobile,397,371,1761,0.336,137.0,3
2026-04-15,Social,Tablet,84,79,370,0.506,88.5,2
2026-04-15,Direct,Desktop,272,206,599,0.428,63.3,1
2026-04-15,Direct,Mobile,356,273,1553,0.699,179.7,6
2026-04-15,Direct,Tablet,53,48,174,0.336,124.0,0
2026-04-15,Email,Desktop,84,65,152,0.587,132.2,1
2026-04-15,Email,Mobile,151,116,435,0.341,119.4,3
2026-04-15,Email,Tablet,23,19,66,0.43,222.6,0
2026-04-15,Referral,Desktop,71,54,272,0.451,209.7,0
2026-04-15,Referral,Mobile,93,69,277,0.369,47.8,2
2026-04-15,Referral,Tablet,17,13,46,0.548,214.0,0
2026-04-16,Organic Search,Desktop,793,637,2572,0.584,169.7,7
2026-04-16,Organic Search,Mobile,847,746,1747,0.434,100.1,5
2026-04-16,Organic Search,Tablet,121,108,318,0.538,105.4,2
2026-04-16,Paid Search,Desktop,279,256,789,0.427,202.0,1
2026-04-16,Paid Search,Mobile,279,222,604,0.586,193.5,7
2026-04-16,Paid Search,Tablet,55,41,200,0.627,193.3,0
2026-04-16,Social,Desktop,339,285,1243,0.396,126.6,4
2026-04-16,Social,Mobile,492,375,1413,0.364,46.9,9
2026-04-16,Social,Tablet,72,67,271,0.36,128.7,1
2026-04-16,Direct,Desktop,226,198,742,0.647,151.0,4
2026-04-16,Direct,Mobile,257,208,1053,0.314,197.8,3
2026-04-16,Direct,Tablet,47,40,161,0.593,150.5,0
2026-04-16,Email,Desktop,99,77,216,0.492,93.4,1
2026-04-16,Email,Mobile,103,88,294,0.507,87.0,1
2026-04-16,Email,Tablet,19,14,56,0.658,104.8,0
2026-04-16,Referral,Desktop,66,55,121,0.681,52.2,1
2026-04-16,Referral,Mobile,112,96,240,0.339,162.9,2
2026-04-16,Referral,Tablet,16,12,57,0.413,220.0,0
2026-04-17,Organic Search,Desktop,599,521,1736,0.393,76.9,4
2026-04-17,Organic Search,Mobile,939,805,3115,0.421,224.6,16
2026-04-17,Organic Search,Tablet,157,146,657,0.304,155.0,0
2026-04-17,Paid Search,Desktop,267,239,1026,0.419,211.3,2
2026-04-17,Paid Search,Mobile,349,271,872,0.544,85.3,9
2026-04-17,Paid Search,Tablet,59,51,142,0.415,95.2,1
2026-04-17,Social,Desktop,380,318,977,0.397,58.4,7
2026-04-17,Social,Mobile,344,264,713,0.658,217.5,3
2026-04-17,Social,Tablet,66,58,197,0.59,183.4,1
2026-04-17,Direct,Desktop,258,211,858,0.635,189.2,5
2026-04-17,Direct,Mobile,283,245,604,0.623,113.3,8
2026-04-17,Direct,Tablet,49,37,194,0.444,237.3,0
2026-04-17,Email,Desktop,68,61,164,0.628,51.1,0
2026-04-17,Email,Mobile,92,86,332,0.417,214.1,1
2026-04-17,Email,Tablet,18,13,60,0.629,152.4,0
2026-04-17,Referral,Desktop,78,73,318,0.66,238.4,1
2026-04-17,Referral,Mobile,118,103,454,0.446,63.2,1
2026-04-17,Referral,Tablet,13,11,45,0.412,157.8,0
2026-04-18,Organic Search,Desktop,754,578,2991,0.56,172.7,15
2026-04-18,Organic Search,Mobile,957,893,4263,0.607,82.7,6
2026-04-18,Organic Search,Tablet,180,146,802,0.502,65.7,4
2026-04-18,Paid Search,Desktop,345,289,731,0.311,226.7,6
2026-04-18,Paid Search,Mobile,412,369,1047,0.682,106.0,6
2026-04-18,Paid Search,Tablet,63,54,115,0.457,80.0,1
2026-04-18,Social,Desktop,414,351,1004,0.318,97.3,3
2026-04-18,Social,Mobile,466,384,1176,0.693,57.0,9
2026-04-18,Social,Tablet,78,63,274,0.344,149.7,0
2026-04-18,Direct,Desktop,191,158,437,0.539,151.4,5
2026-04-18,Direct,Mobile,270,251,869,0.334,165.8,2
2026-04-18,Direct,Tablet,42,37,101,0.336,144.4,1
2026-04-18,Email,Desktop,102,91,278,0.541,172.4,0
2026-04-18,Email,Mobile,142,110,282,0.439,130.4,2
2026-04-18,Email,Tablet,22,17,43,0.491,74.9,0
2026-04-18,Referral,Desktop,79,72,318,0.485,239.2,1
2026-04-18,Referral,Mobile,109,97,260,0.559,177.9,3
2026-04-18,Referral,Tablet,16,13,70,0.47,141.0,0
2026-04-19,Organic Search,Desktop,863,791,3246,0.523,222.1,25
2026-04-19,Organic Search,Mobile,942,875,3973,0.609,218.4,13
2026-04-19,Organic Search,Tablet,163,143,652,0.483,100.0,4
2026-04-19,Paid Search,Desktop,242,196,830,0.611,136.9,5
2026-04-19,Paid Search,Mobile,359,306,1394,0.586,133.0,3
2026-04-19,Paid Search,Tablet,70,55,266,0.595,220.0,1
2026-04-19,Social,Desktop,371,298,1523,0.352,154.1,8
2026-04-19,Social,Mobile,602,518,1901,0.492,178.1,6
2026-04-19,Social,Tablet,59,54,180,0.38,209.7,1
2026-04-19,Direct,Desktop,277,258,1130,0.443,55.8,6
2026-04-19,Direct,Mobile,313,243,1315,0.353,207.6,2
2026-04-19,Direct,Tablet,37,30,101,0.414,60.3,0
2026-04-19,Email,Desktop,104,85,200,0.555,48.9,2
2026-04-19,Email,Mobile,145,119,625,0.344,189.8,1
2026-04-19,Email,Tablet,24,18,63,0.644,232.5,0
2026-04-19,Referral,Desktop,87,73,295,0.357,80.1,0
2026-04-19,Referral,Mobile,119,96,381,0.324,59.6,2
2026-04-19,Referral,Tablet,15,12,31,0.667,117.1,0
2026-04-20,Organic Search,Desktop,865,779,3648,0.324,175.0,11
2026-04-20,Organic Search,Mobile,898,810,3110,0.601,213.8,20
2026-04-20,Organic Search,Tablet,150,128,550,0.341,217.1,3
2026-04-20,Paid Search,Desktop,224,185,513,0.354,202.0,4
2026-04-20,Paid Search,Mobile,353,287,1152,0.36,53.1,3
2026-04-20,Paid Search,Tablet,50,38,161,0.65,209.5,0
2026-04-20,Social,Desktop,312,258,1260,0.621,152.5,9
2026-04-20,Social,Mobile,479,374,1421,0.582,95.5,9
2026-04-20,Social,Tablet,82,76,347,0.474,156.5,0
2026-04-20,Direct,Desktop,249,205,925,0.636,215.9,2
2026-04-20,Direct,Mobile,253,219,792,0.342,170.6,5
2026-04-20,Direct,Tablet,45,37,81,0.421,114.8,0
2026-04-20,Email,Desktop,78,74,150,0.577,64.6,1
2026-04-20,Email,Mobile,138,114,421,0.508,205.7,1
2026-04-20,Email,Tablet,19,17,51,0.55,197.5,0
2026-04-20,Referral,Desktop,76,66,295,0.547,212.0,0
2026-04-20,Referral,Mobile,86,81,200,0.476,129.9,1
2026-04-20,Referral,Tablet,20,18,50,0.423,87.6,0
2026-04-21,Organic Search,Desktop,708,591,1492,0.408,141.6,7
2026-04-21,Organic Search,Mobile,1232,972,5353,0.659,70.6,29
2026-04-21,Organic Search,Tablet,148,123,452,0.619,217.5,4
2026-04-21,Paid Search,Desktop,305,257,665,0.445,205.9,5
2026-04-21,Paid Search,Mobile,306,237,1244,0.446,169.0,6
2026-04-21,Paid Search,Tablet,57,52,229,0.602,157.3,1
2026-04-21,Social,Desktop,250,197,931,0.674,111.1,6
2026-04-21,Social,Mobile,460,416,1565,0.617,187.8,12
2026-04-21,Social,Tablet,59,51,259,0.423,132.7,0
2026-04-21,Direct,Desktop,197,167,824,0.315,118.5,4
2026-04-21,Direct,Mobile,260,222,1030,0.649,236.5,4
2026-04-21,Direct,Tablet,55,42,116,0.692,49.1,0
2026-04-21,Email,Desktop,86,74,350,0.495,166.6,1
2026-04-21,Email,Mobile,137,109,440,0.359,136.6,3
2026-04-21,Email,Tablet,20,16,38,0.582,234.9,0
2026-04-21,Referral,Desktop,93,81,221,0.585,205.1,0
2026-04-21,Referral,Mobile,112,102,482,0.368,109.9,1
2026-04-21,Referral,Tablet,11,8,34,0.618,140.2,0
2026-04-22,Organic Search,Desktop,598,515,1858,0.456,126.9,8
2026-04-22,Organic Search,Mobile,1124,947,2467,0.378,65.4,30
2026-04-22,Organic Search,Tablet,123,108,257,0.596,104.1,2
2026-04-22,Paid Search,Desktop,286,214,1124,0.614,163.8,1
2026-04-22,Paid Search,Mobile,358,329,1518,0.477,180.5,6
2026-04-22,Paid Search,Tablet,50,42,106,0.441,221.1,0
2026-04-22,Social,Desktop,371,311,859,0.351,146.6,6
2026-04-22,Social,Mobile,399,333,880,0.554,114.2,8
2026-04-22,Social,Tablet,71,60,163,0.657,212.4,0
2026-04-22,Direct,Desktop,233,176,481,0.428,165.4,6
2026-04-22,Direct,Mobile,325,291,806,0.557,211.2,2
2026-04-22,Direct,Tablet,41,38,155,0.407,163.5,0
2026-04-22,Email,Desktop,105,85,382,0.342,116.8,1
2026-04-22,Email,Mobile,120,111,442,0.519,78.2,2
2026-04-22,Email,Tablet,17,13,47,0.398,164.7,0
2026-04-22,Referral,Desktop,79,61,237,0.697,197.9,0
2026-04-22,Referral,Mobile,112,104,429,0.691,90.4,0
2026-04-22,Referral,Tablet,15,13,54,0.385,47.6,0
2026-04-23,Organic Search,Desktop,559,508,1876,0.667,220.8,16
2026-04-23,Organic Search,Mobile,854,704,3208,0.329,58.8,19
2026-04-23,Organic Search,Tablet,166,132,440,0.452,179.6,3
2026-04-23,Paid Search,Desktop,313,292,1200,0.419,206.3,7
2026-04-23,Paid Search,Mobile,290,274,845,0.62,152.9,8
2026-04-23,Paid Search,Tablet,68,54,185,0.404,50.3,0
2026-04-23,Social,Desktop,346,292,1173,0.302,174.6,8
2026-04-23,Social,Mobile,447,395,1271,0.679,75.0,3
2026-04-23,Social,Tablet,68,62,192,0.412,113.7,1
2026-04-23,Direct,Desktop,250,191,512,0.493,238.4,5
2026-04-23,Direct,Mobile,197,178,682,0.638,95.8,1
2026-04-23,Direct,Tablet,43,34,187,0.471,47.3,1
2026-04-23,Email,Desktop,106,82,294,0.52,138.3,0
2026-04-23,Email,Mobile,151,130,369,0.304,72.4,3
2026-04-23,Email,Tablet,24,18,103,0.467,107.3,0
2026-04-23,Referral,Desktop,91,84,236,0.522,77.7,1
2026-04-23,Referral,Mobile,106,100,357,0.479,84.6,0
2026-04-23,Referral,Tablet,11,9,23,0.57,70.5,0
2026-04-24,Organic Search,Desktop,715,664,1701,0.396,59.3,12
2026-04-24,Organic Search,Mobile,798,747,3088,0.612,95.3,16
2026-04-24,Organic Search,Tablet,135,104,346,0.663,194.8,3
2026-04-24,Paid Search,Desktop,267,245,748,0.335,216.7,4
2026-04-24,Paid Search,Mobile,345,310,1434,0.616,54.3,7
2026-04-24,Paid Search,Tablet,48,45,101,0.697,72.5,1
2026-04-24,Social,Desktop,467,395,1093,0.59,87.6,9
2026-04-24,Social,Mobile,461,398,1991,0.615,186.7,7
2026-04-24,Social,Tablet,69,52,149,0.339,204.2,0
2026-04-24,Direct,Desktop,239,186,550,0.47,122.4,5
2026-04-24,Direct,Mobile,284,268,516,0.44,238.8,1
2026-04-24,Direct,Tablet,34,31,135,0.425,129.5,0
2026-04-24,Email,Desktop,120,99,404,0.327,171.4,2
2026-04-24,Email,Mobile,98,75,388,0.51,209.2,2
2026-04-24,Email,Tablet,20,16,81,0.536,100.6,0
2026-04-24,Referral,Desktop,61,54,151,0.451,69.1,0
2026-04-24,Referral,Mobile,100,84,181,0.356,205.8,1
2026-04-24,Referral,Tablet,17,13,66,0.684,107.3,0
2026-04-25,Organic Search,Desktop,662,565,1360,0.469,108.8,8
2026-04-25,Organic Search,Mobile,875,760,2170,0.606,108.5,10
2026-04-25,Organic Search,Tablet,152,142,608,0.616,82.9,1
2026-04-25,Paid Search,Desktop,290,261,1202,0.37,204.7,4
2026-04-25,Paid Search,Mobile,377,313,1549,0.59,113.7,9
2026-04-25,Paid Search,Tablet,60,46,167,0.36,212.2,0
2026-04-25,Social,Desktop,342,296,714,0.468,121.7,5
2026-04-25,Social,Mobile,488,380,1844,0.665,84.2,13
2026-04-25,Social,Tablet,82,62,267,0.356,158.7,1
2026-04-25,Direct,Desktop,244,227,579,0.538,227.0,3
2026-04-25,Direct,Mobile,316,287,1225,0.38,219.0,8
2026-04-25,Direct,Tablet,39,35,109,0.481,128.8,0
2026-04-25,Email,Desktop,114,97,431,0.609,210.0,3
2026-04-25,Email,Mobile,150,140,462,0.678,236.2,2
2026-04-25,Email,Tablet,28,25,116,0.563,190.5,0
2026-04-25,Referral,Desktop,87,75,363,0.538,211.2,1
2026-04-25,Referral,Mobile,110,92,456,0.592,156.7,1
2026-04-25,Referral,Tablet,17,13,59,0.327,117.2,0
2026-04-26,Organic Search,Desktop,668,553,2884,0.437,213.8,9
2026-04-26,Organic Search,Mobile,1146,957,4911,0.683,173.9,18
2026-04-26,Organic Search,Tablet,160,129,501,0.365,167.6,1
2026-04-26,Paid Search,Desktop,311,289,1157,0.679,96.8,2
2026-04-26,Paid Search,Mobile,276,220,822,0.512,66.2,3
2026-04-26,Paid Search,Tablet,52,40,225,0.524,130.3,0
2026-04-26,Social,Desktop,370,281,939,0.465,120.8,4
2026-04-26,Social,Mobile,448,361,1761,0.537,97.6,12
2026-04-26,Social,Tablet,75,67,203,0.389,138.4,1
2026-04-26,Direct,Desktop,286,254,1021,0.671,216.6,5
2026-04-26,Direct,Mobile,444,398,1646,0.563,155.6,9
2026-04-26,Direct,Tablet,48,37,107,0.369,134.0,0
2026-04-26,Email,Desktop,80,65,242,0.354,222.9,2
2026-04-26,Email,Mobile,130,99,234,0.645,130.4,1
2026-04-26,Email,Tablet,23,17,97,0.419,215.0,0
2026-04-26,Referral,Desktop,97,88,343,0.528,108.0,1
2026-04-26,Referral,Mobile,97,89,408,0.584,218.7,1
2026-04-26,Referral,Tablet,15,13,54,0.32,160.2,0
2026-04-27,Organic Search,Desktop,495,435,985,0.588,159.3,4
2026-04-27,Organic Search,Mobile,986,845,1952,0.517,67.6,22
2026-04-27,Organic Search,Tablet,133,100,262,0.396,148.4,0
2026-04-27,Paid Search,Desktop,328,279,1025,0.604,212.2,3
2026-04-27,Paid Search,Mobile,346,282,1360,0.565,185.1,5
2026-04-27,Paid Search,Tablet,45,37,110,0.552,150.9,0
2026-04-27,Social,Desktop,359,336,764,0.352,95.5,8
2026-04-27,Social,Mobile,531,428,1181,0.484,53.3,12
2026-04-27,Social,Tablet,60,50,150,0.371,208.8,0
2026-04-27,Direct,Desktop,172,145,601,0.422,216.0,3
2026-04-27,Direct,Mobile,290,234,761,0.399,166.5,6
2026-04-27,Direct,Tablet,52,46,161,0.691,206.0,1
2026-04-27,Email,Desktop,100,81,316,0.683,87.5,2
2026-04-27,Email,Mobile,131,99,462,0.444,54.4,2
2026-04-27,Email,Tablet,23,20,55,0.454,192.0,0
2026-04-27,Referral,Desktop,116,90,441,0.637,87.0,1
2026-04-27,Referral,Mobile,112,93,227,0.368,117.3,2
2026-04-27,Referral,Tablet,14,10,59,0.309,87.4,0
2026-04-28,Organic Search,Desktop,601,543,2108,0.333,114.5,5
2026-04-28,Organic Search,Mobile,1103,1003,3484,0.612,108.7,10
2026-04-28,Organic Search,Tablet,106,81,308,0.665,234.1,2
2026-04-28,Paid Search,Desktop,304,250,672,0.405,53.0,6
2026-04-28,Paid Search,Mobile,296,258,1212,0.374,183.8,2
2026-04-28,Paid Search,Tablet,34,31,151,0.52,117.8,0
2026-04-28,Social,Desktop,411,356,1323,0.353,83.0,7
2026-04-28,Social,Mobile,354,310,999,0.44,186.4,6
2026-04-28,Social,Tablet,71,53,235,0.374,146.8,0
2026-04-28,Direct,Desktop,215,189,834,0.594,199.5,1
2026-04-28,Direct,Mobile,339,269,915,0.689,91.5,5
2026-04-28,Direct,Tablet,43,38,182,0.434,126.9,0
2026-04-28,Email,Desktop,86,67,255,0.598,170.8,0
2026-04-28,Email,Mobile,135,118,426,0.57,66.4,4
2026-04-28,Email,Tablet,22,20,51,0.461,233.1,0
2026-04-28,Referral,Desktop,84,68,331,0.435,47.1,0
2026-04-28,Referral,Mobile,70,57,145,0.439,216.8,1
2026-04-28,Referral,Tablet,15,11,61,0.467,168.6,0
2026-04-29,Organic Search,Desktop,721,579,1723,0.434,91.9,12
2026-04-29,Organic Search,Mobile,865,738,2829,0.496,166.4,11
2026-04-29,Organic Search,Tablet,127,110,417,0.651,166.2,1
2026-04-29,Paid Search,Desktop,263,206,837,0.557,234.9,7
2026-04-29,Paid Search,Mobile,367,281,1334,0.633,144.0,9
2026-04-29,Paid Search,Tablet,60,50,199,0.677,146.9,1
2026-04-29,Social,Desktop,333,266,869,0.596,136.9,8
2026-04-29,Social,Mobile,379,348,1339,0.601,54.2,2
2026-04-29,Social,Tablet,72,65,287,0.406,71.6,1
2026-04-29,Direct,Desktop,197,151,775,0.459,234.3,5
2026-04-29,Direct,Mobile,322,303,1373,0.503,150.5,4
2026-04-29,Direct,Tablet,33,26,116,0.309,96.6,0
2026-04-29,Email,Desktop,102,80,381,0.417,235.7,2
2026-04-29,Email,Mobile,161,135,306,0.397,210.9,3
2026-04-29,Email,Tablet,22,19,50,0.616,107.4,0
2026-04-29,Referral,Desktop,68,51,125,0.45,206.1,1
2026-04-29,Referral,Mobile,66,62,216,0.427,146.2,1
2026-04-29,Referral,Tablet,15,13,62,0.522,59.1,0
2026-04-30,Organic Search,Desktop,524,471,1038,0.617,162.8,9
2026-04-30,Organic Search,Mobile,754,567,2114,0.574,187.7,13
2026-04-30,Organic Search,Tablet,171,135,419,0.655,132.8,2
2026-04-30,Paid Search,Desktop,254,209,667,0.693,230.0,7
2026-04-30,Paid Search,Mobile,294,227,1220,0.643,218.3,8
2026-04-30,Paid Search,Tablet,62,47,189,0.452,188.7,0
2026-04-30,Social,Desktop,297,226,653,0.336,187.7,2
2026-04-30,Social,Mobile,505,381,1916,0.678,192.5,13
2026-04-30,Social,Tablet,86,70,206,0.446,231.8,1
2026-04-30,Direct,Desktop,161,135,437,0.383,45.2,4
2026-04-30,Direct,Mobile,258,203,543,0.394,166.5,2
2026-04-30,Direct,Tablet,55,41,229,0.363,140.9,0
2026-04-30,Email,Desktop,69,55,259,0.574,232.5,1
2026-04-30,Email,Mobile,131,99,515,0.499,148.7,1
2026-04-30,Email,Tablet,15,12,63,0.42,64.1,0
2026-04-30,Referral,Desktop,70,56,245,0.417,230.4,1
2026-04-30,Referral,Mobile,120,108,535,0.37,47.2,2
2026-04-30,Referral,Tablet,15,12,63,0.351,144.5,0
2026-05-01,Organic Search,Desktop,795,626,2688,0.356,89.5,23
2026-05-01,Organic Search,Mobile,1129,884,2922,0.371,182.5,10
2026-05-01,Organic Search,Tablet,158,120,447,0.336,142.8,2
2026-05-01,Paid Search,Desktop,305,248,944,0.381,199.1,8
2026-05-01,Paid Search,Mobile,395,364,1178,0.571,94.1,3
2026-05-01,Paid Search,Tablet,56,51,246,0.349,156.4,1
2026-05-01,Social,Desktop,391,293,1583,0.693,113.5,10
2026-05-01,Social,Mobile,483,400,1504,0.681,78.2,4
2026-05-01,Social,Tablet,80,63,159,0.585,136.8,1
2026-05-01,Direct,Desktop,260,196,501,0.667,116.2,6
2026-05-01,Direct,Mobile,274,244,1228,0.526,114.8,3
2026-05-01,Direct,Tablet,45,34,193,0.522,190.7,1
2026-05-01,Email,Desktop,91,68,301,0.532,142.4,2
2026-05-01,Email,Mobile,130,103,564,0.347,84.4,3
2026-05-01,Email,Tablet,24,22,51,0.374,113.0,0
2026-05-01,Referral,Desktop,70,56,181,0.67,90.6,0
2026-05-01,Referral,Mobile,141,132,305,0.605,87.3,4
2026-05-01,Referral,Tablet,15,11,64,0.488,211.1,0
2026-05-02,Organic Search,Desktop,826,665,2063,0.575,218.1,13
2026-05-02,Organic Search,Mobile,854,650,2376,0.408,228.9,5
2026-05-02,Organic Search,Tablet,188,162,482,0.461,147.8,2
2026-05-02,Paid Search,Desktop,337,269,1510,0.478,219.2,4
2026-05-02,Paid Search,Mobile,397,338,1531,0.685,46.0,2
2026-05-02,Paid Search,Tablet,53,49,129,0.386,194.4,0
2026-05-02,Social,Desktop,397,299,1441,0.418,191.1,4
2026-05-02,Social,Mobile,602,513,2233,0.478,49.3,15
2026-05-02,Social,Tablet,55,44,100,0.607,200.1,1
2026-05-02,Direct,Desktop,182,136,688,0.696,158.8,3
2026-05-02,Direct,Mobile,325,281,1446,0.601,224.2,4
2026-05-02,Direct,Tablet,77,67,254,0.303,119.6,0
2026-05-02,Email,Desktop,112,94,285,0.412,203.3,3
2026-05-02,Email,Mobile,151,138,500,0.49,143.3,2
2026-05-02,Email,Tablet,27,23,69,0.489,216.2,0
2026-05-02,Referral,Desktop,91,75,164,0.652,95.4,2
2026-05-02,Referral,Mobile,153,132,575,0.465,224.9,2
2026-05-02,Referral,Tablet,17,12,46,0.64,51.6,0
2026-05-03,Organic Search,Desktop,982,786,2043,0.617,112.0,8
2026-05-03,Organic Search,Mobile,923,825,3910,0.676,95.8,5
2026-05-03,Organic Search,Tablet,171,140,503,0.656,127.0,2
2026-05-03,Paid Search,Desktop,314,273,1233,0.544,98.7,7
2026-05-03,Paid Search,Mobile,418,381,1160,0.484,179.5,9
2026-05-03,Paid Search,Tablet,62,57,131,0.576,55.8,0
2026-05-03,Social,Desktop,486,445,1355,0.502,147.8,9
2026-05-03,Social,Mobile,581,483,1461,0.315,138.1,7
2026-05-03,Social,Tablet,67,59,266,0.478,203.3,1
2026-05-03,Direct,Desktop,309,270,749,0.323,102.9,6
2026-05-03,Direct,Mobile,387,320,1557,0.683,209.5,7
2026-05-03,Direct,Tablet,48,36,189,0.396,211.3,1
2026-05-03,Email,Desktop,120,105,286,0.335,61.2,1
2026-05-03,Email,Mobile,171,160,548,0.314,84.6,3
2026-05-03,Email,Tablet,24,18,94,0.642,213.0,0
2026-05-03,Referral,Desktop,92,79,296,0.657,179.0,1
2026-05-03,Referral,Mobile,104,78,211,0.321,176.8,2
2026-05-03,Referral,Tablet,18,15,37,0.372,193.3,0
2026-05-04,Organic Search,Desktop,624,506,2497,0.544,144.9,8
2026-05-04,Organic Search,Mobile,878,766,2457,0.659,229.5,22
2026-05-04,Organic Search,Tablet,125,100,371,0.392,149.8,2
2026-05-04,Paid Search,Desktop,308,267,881,0.688,114.3,5
2026-05-04,Paid Search,Mobile,442,389,1476,0.412,161.2,7
2026-05-04,Paid Search,Tablet,72,64,259,0.404,73.3,0
2026-05-04,Social,Desktop,360,322,1341,0.491,159.9,8
2026-05-04,Social,Mobile,502,455,2068,0.488,212.4,11
2026-05-04,Social,Tablet,81,65,197,0.567,225.0,2
2026-05-04,Direct,Desktop,290,243,664,0.408,82.6,1
2026-05-04,Direct,Mobile,328,262,888,0.342,123.2,4
2026-05-04,Direct,Tablet,51,47,167,0.45,104.9,0
2026-05-04,Email,Desktop,95,84,232,0.538,85.1,1
2026-05-04,Email,Mobile,149,129,649,0.434,91.5,2
2026-05-04,Email,Tablet,23,21,95,0.356,109.0,0
2026-05-04,Referral,Desktop,77,59,213,0.422,66.6,2
2026-05-04,Referral,Mobile,112,105,233,0.611,233.2,1
2026-05-04,Referral,Tablet,14,12,46,0.398,182.9,0
2026-05-05,Organic Search,Desktop,599,568,2039,0.376,217.5,10
2026-05-05,Organic Search,Mobile,713,653,1563,0.606,239.0,9
2026-05-05,Organic Search,Tablet,165,153,319,0.486,62.5,4
2026-05-05,Paid Search,Desktop,341,291,965,0.613,126.8,3
2026-05-05,Paid Search,Mobile,331,255,1051,0.653,178.7,2
2026-05-05,Paid Search,Tablet,67,58,300,0.486,171.7,1
2026-05-05,Social,Desktop,402,373,1114,0.621,231.7,3
2026-05-05,Social,Mobile,566,432,1305,0.683,150.8,5
2026-05-05,Social,Tablet,72,56,318,0.349,46.3,1
2026-05-05,Direct,Desktop,252,219,717,0.474,110.9,4
2026-05-05,Direct,Mobile,283,257,540,0.519,70.5,6
2026-05-05,Direct,Tablet,39,36,161,0.605,133.8,0
2026-05-05,Email,Desktop,94,87,400,0.645,172.7,1
2026-05-05,Email,Mobile,131,120,543,0.57,162.8,3
2026-05-05,Email,Tablet,15,12,52,0.477,67.3,0
2026-05-05,Referral,Desktop,81,70,292,0.577,233.0,2
2026-05-05,Referral,Mobile,108,85,267,0.335,61.7,1
2026-05-05,Referral,Tablet,14,12,53,0.543,144.7,0
2026-05-06,Organic Search,Desktop,912,790,2643,0.414,77.4,20
2026-05-06,Organic Search,Mobile,1233,962,2776,0.587,230.9,29
2026-05-06,Organic Search,Tablet,160,140,435,0.45,237.9,1
2026-05-06,Paid Search,Desktop,266,252,891,0.305,128.4,6
2026-05-06,Paid Search,Mobile,453,379,1900,0.458,124.8,7
2026-05-06,Paid Search,Tablet,60,45,172,0.665,199.9,0
2026-05-06,Social,Desktop,297,259,737,0.658,164.9,4
2026-05-06,Social,Mobile,516,410,976,0.452,111.7,6
2026-05-06,Social,Tablet,91,78,318,0.348,168.6,1
2026-05-06,Direct,Desktop,227,191,854,0.492,142.6,2
2026-05-06,Direct,Mobile,369,292,1366,0.62,239.8,3
2026-05-06,Direct,Tablet,40,34,110,0.585,200.5,0
2026-05-06,Email,Desktop,106,82,388,0.682,159.7,3
2026-05-06,Email,Mobile,139,108,517,0.363,119.4,2
2026-05-06,Email,Tablet,22,18,82,0.389,114.2,0
2026-05-06,Referral,Desktop,93,70,353,0.475,166.2,0
2026-05-06,Referral,Mobile,108,84,481,0.662,167.1,1
2026-05-06,Referral,Tablet,18,15,48,0.625,167.8,0
2026-05-07,Organic Search,Desktop,941,806,2301,0.472,239.7,25
2026-05-07,Organic Search,Mobile,856,702,2631,0.396,82.8,7
2026-05-07,Organic Search,Tablet,169,150,645,0.675,139.7,2
2026-05-07,Paid Search,Desktop,355,298,1268,0.577,168.5,7
2026-05-07,Paid Search,Mobile,436,412,1218,0.414,49.4,12
2026-05-07,Paid Search,Tablet,56,43,117,0.697,120.7,0
2026-05-07,Social,Desktop,373,353,1135,0.392,166.7,3
2026-05-07,Social,Mobile,490,385,2076,0.344,221.1,14
2026-05-07,Social,Tablet,75,60,176,0.398,187.1,1
2026-05-07,Direct,Desktop,254,230,802,0.424,206.1,1
2026-05-07,Direct,Mobile,285,224,780,0.699,215.6,4
2026-05-07,Direct,Tablet,52,45,149,0.507,46.4,0
2026-05-07,Email,Desktop,103,82,220,0.63,74.5,2
2026-05-07,Email,Mobile,138,123,609,0.481,203.1,2
2026-05-07,Email,Tablet,21,19,58,0.683,208.6,0
2026-05-07,Referral,Desktop,87,70,372,0.578,129.9,1
2026-05-07,Referral,Mobile,127,115,327,0.483,174.0,1
2026-05-07,Referral,Tablet,19,16,79,0.36,175.9,0
2026-05-08,Organic Search,Desktop,830,742,2635,0.304,147.8,24
2026-05-08,Organic Search,Mobile,861,757,2526,0.443,156.1,22
2026-05-08,Organic Search,Tablet,144,136,418,0.471,220.6,4
2026-05-08,Paid Search,Desktop,294,277,873,0.601,62.5,3
2026-05-08,Paid Search,Mobile,317,270,1416,0.408,135.4,7
2026-05-08,Paid Search,Tablet,66,49,246,0.676,67.3,1
2026-05-08,Social,Desktop,328,259,1298,0.615,114.1,8
2026-05-08,Social,Mobile,520,415,1967,0.434,162.7,5
2026-05-08,Social,Tablet,85,68,379,0.431,211.0,1
2026-05-08,Direct,Desktop,222,191,562,0.403,226.9,2
2026-05-08,Direct,Mobile,345,294,869,0.613,129.3,2
2026-05-08,Direct,Tablet,62,50,119,0.314,144.1,1
2026-05-08,Email,Desktop,113,94,479,0.361,110.6,1
2026-05-08,Email,Mobile,144,129,376,0.382,48.4,3
2026-05-08,Email,Tablet,24,19,95,0.392,193.4,0
2026-05-08,Referral,Desktop,80,72,263,0.568,100.2,0
2026-05-08,Referral,Mobile,110,98,367,0.424,130.7,3
2026-05-08,Referral,Tablet,18,15,44,0.418,72.3,0
2026-05-09,Organic Search,Desktop,871,760,3572,0.461,152.8,20
2026-05-09,Organic Search,Mobile,985,931,2794,0.379,160.8,19
2026-05-09,Organic Search,Tablet,173,138,508,0.442,117.1,1
2026-05-09,Paid Search,Desktop,341,266,1258,0.498,142.3,4
2026-05-09,Paid Search,Mobile,494,389,2093,0.564,117.7,6
2026-05-09,Paid Search,Tablet,67,63,227,0.599,163.6,1
2026-05-09,Social,Desktop,350,300,1302,0.35,106.4,3
2026-05-09,Social,Mobile,549,421,2088,0.584,82.6,12
2026-05-09,Social,Tablet,87,76,323,0.64,177.4,0
2026-05-09,Direct,Desktop,317,250,1154,0.312,138.5,5
2026-05-09,Direct,Mobile,478,368,1443,0.647,136.8,3
2026-05-09,Direct,Tablet,56,43,157,0.392,141.3,0
2026-05-09,Email,Desktop,98,87,330,0.491,115.1,1
2026-05-09,Email,Mobile,162,152,561,0.501,120.2,4
2026-05-09,Email,Tablet,26,22,96,0.657,239.5,0
2026-05-09,Referral,Desktop,103,93,317,0.427,239.6,2
2026-05-09,Referral,Mobile,107,83,437,0.329,79.7,0
2026-05-09,Referral,Tablet,12,10,27,0.366,79.6,0
2026-05-10,Organic Search,Desktop,636,530,2155,0.536,131.0,11
2026-05-10,Organic Search,Mobile,932,812,2550,0.692,125.4,18
2026-05-10,Organic Search,Tablet,194,174,498,0.662,239.1,2
2026-05-10,Paid Search,Desktop,298,281,1295,0.53,178.9,8
2026-05-10,Paid Search,Mobile,389,296,1435,0.497,170.5,3
2026-05-10,Paid Search,Tablet,57,50,221,0.36,67.8,0
2026-05-10,Social,Desktop,433,372,1459,0.629,195.8,9
2026-05-10,Social,Mobile,633,526,2494,0.63,145.1,3
2026-05-10,Social,Tablet,91,79,388,0.494,179.0,2
2026-05-10,Direct,Desktop,288,257,640,0.39,137.5,7
2026-05-10,Direct,Mobile,386,359,1186,0.316,74.2,4
2026-05-10,Direct,Tablet,58,46,118,0.319,55.1,1
2026-05-10,Email,Desktop,84,67,290,0.663,238.2,1
2026-05-10,Email,Mobile,127,97,229,0.487,78.0,1
2026-05-10,Email,Tablet,26,23,104,0.621,220.3,0
2026-05-10,Referral,Desktop,110,92,251,0.391,113.7,1
2026-05-10,Referral,Mobile,156,117,572,0.509,177.1,1
2026-05-10,Referral,Tablet,19,17,46,0.435,65.1,0
2026-05-11,Organic Search,Desktop,787,600,2558,0.529,61.6,9
2026-05-11,Organic Search,Mobile,978,808,2896,0.559,46.3,19
2026-05-11,Organic Search,Tablet,154,128,683,0.443,57.6,0
2026-05-11,Paid Search,Desktop,263,216,1159,0.485,68.5,7
2026-05-11,Paid Search,Mobile,321,295,698,0.604,192.8,4
2026-05-11,Paid Search,Tablet,60,47,185,0.55,54.0,0
2026-05-11,Social,Desktop,318,290,1210,0.523,174.9,9
2026-05-11,Social,Mobile,616,483,1615,0.319,162.8,17
2026-05-11,Social,Tablet,59,52,117,0.499,67.4,0
2026-05-11,Direct,Desktop,291,225,1268,0.493,64.3,1
2026-05-11,Direct,Mobile,418,315,1644,0.607,128.6,6
2026-05-11,Direct,Tablet,54,40,161,0.624,184.9,0
2026-05-11,Email,Desktop,127,118,280,0.48,155.3,3
2026-05-11,Email,Mobile,169,138,341,0.327,157.8,4
2026-05-11,Email,Tablet,16,14,66,0.431,94.7,0
2026-05-11,Referral,Desktop,54,48,134,0.653,93.7,0
2026-05-11,Referral,Mobile,103,82,406,0.682,61.9,2
2026-05-11,Referral,Tablet,16,12,37,0.647,137.2,0
2026-05-12,Organic Search,Desktop,811,673,1720,0.618,206.8,12
2026-05-12,Organic Search,Mobile,945,807,1834,0.307,191.2,17
2026-05-12,Organic Search,Tablet,161,134,665,0.666,115.5,2
2026-05-12,Paid Search,Desktop,304,251,1356,0.613,109.1,5
2026-05-12,Paid Search,Mobile,317,266,1187,0.507,183.5,1
2026-05-12,Paid Search,Tablet,63,54,159,0.48,207.7,1
2026-05-12,Social,Desktop,406,333,1673,0.589,143.9,5
2026-05-12,Social,Mobile,418,340,873,0.429,112.8,6
2026-05-12,Social,Tablet,70,59,144,0.651,197.7,0
2026-05-12,Direct,Desktop,250,188,800,0.336,149.2,2
2026-05-12,Direct,Mobile,383,290,1593,0.687,152.1,8
2026-05-12,Direct,Tablet,51,46,151,0.453,190.3,0
2026-05-12,Email,Desktop,104,82,322,0.311,109.8,2
2026-05-12,Email,Mobile,159,128,665,0.579,172.9,2
2026-05-12,Email,Tablet,12,10,42,0.369,45.2,0
2026-05-12,Referral,Desktop,101,82,206,0.301,55.0,2
2026-05-12,Referral,Mobile,134,110,478,0.467,171.7,2
2026-05-12,Referral,Tablet,17,12,49,0.595,131.7,0
2026-05-13,Organic Search,Desktop,894,779,3403,0.536,155.3,25
2026-05-13,Organic Search,Mobile,937,826,2574,0.333,149.8,10
2026-05-13,Organic Search,Tablet,152,128,476,0.362,231.8,2
2026-05-13,Paid Search,Desktop,328,269,882,0.541,66.8,5
2026-05-13,Paid Search,Mobile,401,333,1799,0.332,124.1,10
2026-05-13,Paid Search,Tablet,61,49,186,0.575,195.7,0
2026-05-13,Social,Desktop,426,335,1274,0.641,234.5,12
2026-05-13,Social,Mobile,549,439,998,0.548,133.1,13
2026-05-13,Social,Tablet,92,79,323,0.322,122.8,0
2026-05-13,Direct,Desktop,288,218,1233,0.577,109.9,3
2026-05-13,Direct,Mobile,336,252,1163,0.602,178.4,3
2026-05-13,Direct,Tablet,66,58,157,0.385,172.6,0
2026-05-13,Email,Desktop,98,86,401,0.352,146.4,2
2026-05-13,Email,Mobile,125,95,398,0.488,120.5,3
2026-05-13,Email,Tablet,23,20,66,0.49,53.0,0
2026-05-13,Referral,Desktop,72,67,241,0.586,174.3,1
2026-05-13,Referral,Mobile,112,96,263,0.506,148.8,2
2026-05-13,Referral,Tablet,15,12,44,0.549,133.5,0
2026-05-14,Organic Search,Desktop,761,576,2940,0.665,195.1,5
2026-05-14,Organic Search,Mobile,1094,1003,2986,0.52,128.9,23
2026-05-14,Organic Search,Tablet,149,132,595,0.517,116.7,3
2026-05-14,Paid Search,Desktop,423,319,1715,0.438,95.7,11
2026-05-14,Paid Search,Mobile,377,322,1558,0.302,64.1,7
2026-05-14,Paid Search,Tablet,76,72,267,0.597,80.8,1
2026-05-14,Social,Desktop,401,305,885,0.398,52.8,11
2026-05-14,Social,Mobile,406,304,1071,0.564,52.6,4
2026-05-14,Social,Tablet,84,75,156,0.398,181.3,1
2026-05-14,Direct,Desktop,266,223,990,0.405,138.1,2
2026-05-14,Direct,Mobile,321,254,1270,0.519,191.4,9
2026-05-14,Direct,Tablet,50,46,192,0.654,207.2,0
2026-05-14,Email,Desktop,98,87,336,0.487,181.4,1
2026-05-14,Email,Mobile,169,146,458,0.569,185.7,4
2026-05-14,Email,Tablet,23,21,68,0.561,82.5,0
2026-05-14,Referral,Desktop,108,92,383,0.506,208.5,1
2026-05-14,Referral,Mobile,128,109,271,0.565,67.9,2
2026-05-14,Referral,Tablet,19,16,37,0.384,139.6,0
2026-05-15,Organic Search,Desktop,853,757,3399,0.493,97.2,10
2026-05-15,Organic Search,Mobile,880,760,2922,0.668,96.7,20
2026-05-15,Organic Search,Tablet,166,132,502,0.381,133.0,2
2026-05-15,Paid Search,Desktop,308,257,729,0.454,201.9,5
2026-05-15,Paid Search,Mobile,363,297,1065,0.67,126.4,5
2026-05-15,Paid Search,Tablet,61,54,267,0.488,177.2,1
2026-05-15,Social,Desktop,367,327,1326,0.508,202.4,6
2026-05-15,Social,Mobile,280,259,1209,0.516,124.6,7
2026-05-15,Social,Tablet,75,57,151,0.332,122.2,0
2026-05-15,Direct,Desktop,223,168,467,0.466,104.0,6
2026-05-15,Direct,Mobile,316,256,1162,0.633,93.8,7
2026-05-15,Direct,Tablet,59,44,259,0.568,137.8,1
2026-05-15,Email,Desktop,112,98,422,0.591,130.6,3
2026-05-15,Email,Mobile,181,144,457,0.601,201.8,0
2026-05-15,Email,Tablet,20,18,64,0.635,53.7,0
2026-05-15,Referral,Desktop,74,64,138,0.369,151.9,1
2026-05-15,Referral,Mobile,127,106,437,0.542,208.1,1
2026-05-15,Referral,Tablet,16,12,36,0.395,59.8,0
2026-05-16,Organic Search,Desktop,777,726,2802,0.447,70.5,17
2026-05-16,Organic Search,Mobile,1212,1138,4061,0.564,236.1,19
2026-05-16,Organic Search,Tablet,153,117,606,0.581,127.6,3
2026-05-16,Paid Search,Desktop,278,244,692,0.587,110.4,3
2026-05-16,Paid Search,Mobile,411,356,1551,0.411,86.7,11
2026-05-16,Paid Search,Tablet,76,58,321,0.583,230.6,0
2026-05-16,Social,Desktop,478,401,1439,0.493,47.8,2
2026-05-16,Social,Mobile,616,505,2346,0.547,80.5,5
2026-05-16,Social,Tablet,89,79,358,0.554,112.4,2
2026-05-16,Direct,Desktop,335,312,848,0.63,216.5,9
2026-05-16,Direct,Mobile,395,345,975,0.467,208.6,6
2026-05-16,Direct,Tablet,58,54,141,0.414,151.8,0
2026-05-16,Email,Desktop,113,98,378,0.605,150.2,1
2026-05-16,Email,Mobile,161,131,438,0.608,113.9,3
2026-05-16,Email,Tablet,22,20,49,0.401,229.6,0
2026-05-16,Referral,Desktop,91,76,266,0.504,174.8,0
2026-05-16,Referral,Mobile,123,104,294,0.425,173.3,2
2026-05-16,Referral,Tablet,20,17,36,0.623,110.0,0
2026-05-17,Organic Search,Desktop,1017,965,2015,0.446,212.8,20
2026-05-17,Organic Search,Mobile,1265,1098,2780,0.641,219.8,14
2026-05-17,Organic Search,Tablet,178,138,567,0.698,175.5,4
2026-05-17,Paid Search,Desktop,312,286,911,0.529,159.2,4
2026-05-17,Paid Search,Mobile,433,383,892,0.582,136.7,12
2026-05-17,Paid Search,Tablet,72,68,165,0.339,201.5,0
2026-05-17,Social,Desktop,377,306,1427,0.464,211.7,11
2026-05-17,Social,Mobile,605,558,1688,0.465,211.2,3
2026-05-17,Social,Tablet,84,63,208,0.626,214.3,0
2026-05-17,Direct,Desktop,260,220,994,0.498,202.1,5
2026-05-17,Direct,Mobile,349,329,639,0.323,176.3,3
2026-05-17,Direct,Tablet,48,40,196,0.405,179.4,1
2026-05-17,Email,Desktop,127,117,392,0.43,159.1,2
2026-05-17,Email,Mobile,125,113,433,0.699,121.4,1
2026-05-17,Email,Tablet,26,21,49,0.399,89.7,0
2026-05-17,Referral,Desktop,94,74,184,0.385,148.6,0
2026-05-17,Referral,Mobile,118,103,486,0.377,155.5,3
2026-05-17,Referral,Tablet,18,16,40,0.486,67.7,0
2026-05-18,Organic Search,Desktop,801,651,1570,0.304,151.0,15
2026-05-18,Organic Search,Mobile,809,699,2923,0.473,165.0,19
2026-05-18,Organic Search,Tablet,114,88,292,0.419,112.3,2
2026-05-18,Paid Search,Desktop,380,289,938,0.547,103.6,9
2026-05-18,Paid Search,Mobile,460,350,1605,0.467,118.9,6
2026-05-18,Paid Search,Tablet,75,59,156,0.452,72.5,0
2026-05-18,Social,Desktop,415,372,1173,0.605,84.6,12
2026-05-18,Social,Mobile,496,407,1583,0.426,61.5,10
2026-05-18,Social,Tablet,68,62,187,0.629,77.4,1
2026-05-18,Direct,Desktop,249,223,710,0.416,130.7,2
2026-05-18,Direct,Mobile,469,393,1206,0.45,237.8,9
2026-05-18,Direct,Tablet,34,27,132,0.623,224.8,0
2026-05-18,Email,Desktop,97,78,408,0.635,214.9,1
2026-05-18,Email,Mobile,153,141,661,0.41,163.7,2
2026-05-18,Email,Tablet,21,18,53,0.347,169.9,0
2026-05-18,Referral,Desktop,79,63,259,0.69,60.2,1
2026-05-18,Referral,Mobile,123,95,465,0.469,104.9,1
2026-05-18,Referral,Tablet,17,15,52,0.599,131.0,0
2026-05-19,Organic Search,Desktop,817,678,2648,0.36,147.9,18
2026-05-19,Organic Search,Mobile,937,861,3806,0.482,147.6,26
2026-05-19,Organic Search,Tablet,151,118,505,0.433,67.3,2
2026-05-19,Paid Search,Desktop,363,343,1226,0.454,189.4,8
2026-05-19,Paid Search,Mobile,452,342,1216,0.567,61.2,3
2026-05-19,Paid Search,Tablet,59,55,221,0.518,149.2,0
2026-05-19,Social,Desktop,443,344,802,0.549,156.9,7
2026-05-19,Social,Mobile,612,527,1976,0.616,227.5,4
2026-05-19,Social,Tablet,69,59,148,0.593,168.6,0
2026-05-19,Direct,Desktop,243,190,1074,0.33,127.4,5
2026-05-19,Direct,Mobile,342,321,1337,0.362,59.0,8
2026-05-19,Direct,Tablet,56,46,244,0.42,144.7,0
2026-05-19,Email,Desktop,101,86,341,0.564,173.2,2
2026-05-19,Email,Mobile,167,134,700,0.504,67.4,2
2026-05-19,Email,Tablet,19,15,36,0.348,136.5,0
2026-05-19,Referral,Desktop,49,44,174,0.381,56.1,0
2026-05-19,Referral,Mobile,119,98,328,0.353,81.1,3
2026-05-19,Referral,Tablet,16,12,42,0.316,237.6,0
2026-05-20,Organic Search,Desktop,585,527,2440,0.658,210.3,9
2026-05-20,Organic Search,Mobile,1057,929,2695,0.32,94.7,30
2026-05-20,Organic Search,Tablet,121,109,381,0.516,152.5,1
2026-05-20,Paid Search,Desktop,286,223,853,0.339,92.7,4
2026-05-20,Paid Search,Mobile,460,350,1492,0.422,51.6,12
2026-05-20,Paid Search,Tablet,58,54,200,0.306,130.8,0
2026-05-20,Social,Desktop,336,309,1189,0.633,205.9,5
2026-05-20,Social,Mobile,581,541,2225,0.528,62.9,9
2026-05-20,Social,Tablet,63,49,271,0.629,209.3,1
2026-05-20,Direct,Desktop,249,216,1057,0.659,144.0,1
2026-05-20,Direct,Mobile,327,260,1095,0.69,53.2,8
2026-05-20,Direct,Tablet,53,39,146,0.423,166.6,0
2026-05-20,Email,Desktop,109,97,284,0.316,147.6,2
2026-05-20,Email,Mobile,179,143,538,0.662,140.2,3
2026-05-20,Email,Tablet,18,14,47,0.52,101.8,0
2026-05-20,Referral,Desktop,82,63,178,0.694,55.4,1
2026-05-20,Referral,Mobile,102,92,311,0.562,189.3,2
2026-05-20,Referral,Tablet,12,10,51,0.684,72.0,0
2026-05-21,Organic Search,Desktop,649,574,1365,0.49,117.8,13
2026-05-21,Organic Search,Mobile,1048,799,3031,0.47,187.1,16
2026-05-21,Organic Search,Tablet,164,125,643,0.527,103.9,2
2026-05-21,Paid Search,Desktop,303,260,784,0.6,106.6,2
2026-05-21,Paid Search,Mobile,263,245,757,0.474,81.9,2
2026-05-21,Paid Search,Tablet,57,45,103,0.514,68.2,0
2026-05-21,Social,Desktop,437,368,1857,0.589,50.2,6
2026-05-21,Social,Mobile,425,371,1434,0.625,61.5,3
2026-05-21,Social,Tablet,91,69,186,0.643,113.1,2
2026-05-21,Direct,Desktop,323,261,990,0.66,56.4,2
2026-05-21,Direct,Mobile,323,267,1296,0.414,74.7,6
2026-05-21,Direct,Tablet,53,43,189,0.651,213.5,0
2026-05-21,Email,Desktop,102,80,455,0.624,50.5,2
2026-05-21,Email,Mobile,135,114,470,0.53,90.3,3
2026-05-21,Email,Tablet,18,14,66,0.441,231.7,0
2026-05-21,Referral,Desktop,91,81,324,0.435,92.3,1
2026-05-21,Referral,Mobile,111,87,462,0.444,221.9,0
2026-05-21,Referral,Tablet,18,13,32,0.662,72.7,0
2026-05-22,Organic Search,Desktop,713,613,1688,0.543,206.2,14
2026-05-22,Organic Search,Mobile,1051,986,4187,0.594,81.1,26
2026-05-22,Organic Search,Tablet,136,121,580,0.568,56.1,2
2026-05-22,Paid Search,Desktop,295,243,1264,0.561,146.6,7
2026-05-22,Paid Search,Mobile,476,366,2045,0.513,104.0,12
2026-05-22,Paid Search,Tablet,43,35,124,0.395,186.0,0
2026-05-22,Social,Desktop,389,315,866,0.341,68.0,2
2026-05-22,Social,Mobile,546,506,1173,0.49,90.1,15
2026-05-22,Social,Tablet,92,70,321,0.316,72.2,0
2026-05-22,Direct,Desktop,250,193,962,0.675,187.6,1
2026-05-22,Direct,Mobile,277,240,887,0.635,97.6,6
2026-05-22,Direct,Tablet,60,49,151,0.362,65.2,1
2026-05-22,Email,Desktop,86,79,174,0.68,148.5,2
2026-05-22,Email,Mobile,118,89,285,0.667,142.8,1
2026-05-22,Email,Tablet,20,17,86,0.653,130.9,0
2026-05-22,Referral,Desktop,96,87,299,0.314,195.0,0
2026-05-22,Referral,Mobile,111,86,391,0.689,220.1,1
2026-05-22,Referral,Tablet,17,14,59,0.321,100.7,0
2026-05-23,Organic Search,Desktop,880,691,1910,0.481,134.0,23
2026-05-23,Organic Search,Mobile,1173,1070,5019,0.586,172.2,30
2026-05-23,Organic Search,Tablet,208,156,450,0.499,45.4,1
2026-05-23,Paid Search,Desktop,353,273,1583,0.596,173.4,1
2026-05-23,Paid Search,Mobile,347,302,1066,0.336,51.0,6
2026-05-23,Paid Search,Tablet,71,62,165,0.615,167.1,0
2026-05-23,Social,Desktop,450,401,926,0.317,224.4,9
2026-05-23,Social,Mobile,572,492,2276,0.426,59.0,15
2026-05-23,Social,Tablet,75,60,251,0.655,71.2,0
2026-05-23,Direct,Desktop,246,197,1058,0.324,146.5,6
2026-05-23,Direct,Mobile,455,368,1277,0.337,237.4,2
2026-05-23,Direct,Tablet,56,52,164,0.407,220.7,0
2026-05-23,Email,Desktop,100,80,352,0.476,84.2,1
2026-05-23,Email,Mobile,135,115,455,0.482,165.7,3
2026-05-23,Email,Tablet,24,19,91,0.539,102.8,0
2026-05-23,Referral,Desktop,92,83,226,0.455,55.0,2
2026-05-23,Referral,Mobile,104,97,412,0.473,118.5,2
2026-05-23,Referral,Tablet,14,12,42,0.618,215.1,0
2026-05-24,Organic Search,Desktop,1046,886,3458,0.551,134.3,24
2026-05-24,Organic Search,Mobile,1147,869,3637,0.373,221.5,11
2026-05-24,Organic Search,Tablet,185,175,634,0.624,165.6,4
2026-05-24,Paid Search,Desktop,354,277,955,0.538,67.3,6
2026-05-24,Paid Search,Mobile,397,340,1340,0.683,194.0,11
2026-05-24,Paid Search,Tablet,61,54,246,0.601,88.6,1
2026-05-24,Social,Desktop,469,419,1700,0.371,178.5,2
2026-05-24,Social,Mobile,528,405,1998,0.379,63.8,14
2026-05-24,Social,Tablet,98,86,187,0.55,209.1,2
2026-05-24,Direct,Desktop,316,269,952,0.307,113.2,3
2026-05-24,Direct,Mobile,428,324,1089,0.419,114.5,11
2026-05-24,Direct,Tablet,46,37,132,0.387,178.2,0
2026-05-24,Email,Desktop,112,97,290,0.35,73.1,1
2026-05-24,Email,Mobile,177,166,726,0.413,59.7,3
2026-05-24,Email,Tablet,27,22,56,0.357,58.5,0
2026-05-24,Referral,Desktop,106,89,310,0.454,136.1,0
2026-05-24,Referral,Mobile,138,107,372,0.537,219.8,0
2026-05-24,Referral,Tablet,20,18,44,0.654,236.0,0
2026-05-25,Organic Search,Desktop,764,632,2084,0.396,140.0,16
2026-05-25,Organic Search,Mobile,1078,942,4500,0.632,51.8,22
2026-05-25,Organic Search,Tablet,120,99,247,0.508,57.1,0
2026-05-25,Paid Search,Desktop,339,307,919,0.387,207.5,7
2026-05-25,Paid Search,Mobile,477,403,1450,0.312,145.4,6
2026-05-25,Paid Search,Tablet,67,62,247,0.377,216.7,0
2026-05-25,Social,Desktop,451,345,1197,0.699,164.6,2
2026-05-25,Social,Mobile,496,416,953,0.496,218.1,14
2026-05-25,Social,Tablet,78,70,188,0.61,113.7,2
2026-05-25,Direct,Desktop,265,239,774,0.387,148.9,6
2026-05-25,Direct,Mobile,410,346,815,0.654,88.1,2
2026-05-25,Direct,Tablet,53,43,224,0.63,52.3,0
2026-05-25,Email,Desktop,137,115,575,0.352,77.3,3
2026-05-25,Email,Mobile,172,144,510,0.395,53.1,3
2026-05-25,Email,Tablet,19,17,66,0.505,81.8,0
2026-05-25,Referral,Desktop,85,74,162,0.579,105.6,0
2026-05-25,Referral,Mobile,126,105,528,0.427,172.6,0
2026-05-25,Referral,Tablet,14,11,41,0.638,207.5,0
2026-05-26,Organic Search,Desktop,814,748,3432,0.523,109.9,20
2026-05-26,Organic Search,Mobile,939,737,4016,0.634,49.3,12
2026-05-26,Organic Search,Tablet,128,97,492,0.564,157.2,3
2026-05-26,Paid Search,Desktop,270,231,730,0.401,45.3,2
2026-05-26,Paid Search,Mobile,405,337,745,0.647,184.2,3
2026-05-26,Paid Search,Tablet,56,47,213,0.631,192.8,0
2026-05-26,Social,Desktop,396,361,1538,0.528,101.2,10
2026-05-26,Social,Mobile,649,510,2428,0.59,175.5,8
2026-05-26,Social,Tablet,86,79,258,0.475,165.5,2
2026-05-26,Direct,Desktop,265,211,539,0.563,236.4,2
2026-05-26,Direct,Mobile,383,321,1379,0.362,217.7,10
2026-05-26,Direct,Tablet,55,45,125,0.502,176.2,1
2026-05-26,Email,Desktop,99,90,196,0.591,192.6,1
2026-05-26,Email,Mobile,126,98,464,0.552,105.9,1
2026-05-26,Email,Tablet,24,21,86,0.444,161.9,0
2026-05-26,Referral,Desktop,78,60,315,0.69,113.6,1
2026-05-26,Referral,Mobile,86,67,239,0.401,139.3,0
2026-05-26,Referral,Tablet,13,11,35,0.612,78.1,0
2026-05-27,Organic Search,Desktop,816,642,1889,0.453,75.4,7
2026-05-27,Organic Search,Mobile,863,671,3815,0.419,219.2,14
2026-05-27,Organic Search,Tablet,141,132,295,0.385,155.3,3
2026-05-27,Paid Search,Desktop,253,228,747,0.466,239.2,5
2026-05-27,Paid Search,Mobile,421,372,1671,0.686,168.2,3
2026-05-27,Paid Search,Tablet,53,41,169,0.556,205.1,0
2026-05-27,Social,Desktop,488,375,1321,0.339,91.8,14
2026-05-27,Social,Mobile,570,514,2041,0.339,225.1,3
2026-05-27,Social,Tablet,72,55,172,0.32,60.2,1
2026-05-27,Direct,Desktop,243,202,552,0.546,208.3,6
2026-05-27,Direct,Mobile,391,368,808,0.55,46.2,9
2026-05-27,Direct,Tablet,57,48,197,0.393,161.4,0
2026-05-27,Email,Desktop,109,84,397,0.612,117.2,1
2026-05-27,Email,Mobile,134,126,458,0.351,225.2,1
2026-05-27,Email,Tablet,24,21,63,0.35,60.1,0
2026-05-27,Referral,Desktop,86,80,236,0.539,186.4,2
2026-05-27,Referral,Mobile,94,77,209,0.445,161.1,0
2026-05-27,Referral,Tablet,14,11,44,0.523,161.7,0
2026-05-28,Organic Search,Desktop,697,560,1330,0.345,134.9,20
2026-05-28,Organic Search,Mobile,1004,874,3698,0.624,67.5,21
2026-05-28,Organic Search,Tablet,130,103,346,0.668,150.5,2
2026-05-28,Paid Search,Desktop,325,265,1029,0.513,57.0,5
2026-05-28,Paid Search,Mobile,326,283,1345,0.548,216.6,2
2026-05-28,Paid Search,Tablet,51,44,107,0.536,45.7,1
2026-05-28,Social,Desktop,309,274,769,0.376,85.2,3
2026-05-28,Social,Mobile,487,454,931,0.661,138.5,7
2026-05-28,Social,Tablet,75,56,311,0.575,69.6,1
2026-05-28,Direct,Desktop,301,268,1006,0.371,101.8,5
2026-05-28,Direct,Mobile,268,248,845,0.579,46.1,7
2026-05-28,Direct,Tablet,59,48,185,0.647,237.4,1
2026-05-28,Email,Desktop,113,85,354,0.343,189.3,3
2026-05-28,Email,Mobile,120,109,495,0.68,155.0,2
2026-05-28,Email,Tablet,22,19,74,0.419,57.4,0
2026-05-28,Referral,Desktop,97,90,350,0.639,62.3,0
2026-05-28,Referral,Mobile,110,99,279,0.374,69.3,2
2026-05-28,Referral,Tablet,13,11,52,0.641,195.5,0
2026-05-29,Organic Search,Desktop,789,632,2845,0.599,214.5,16
2026-05-29,Organic Search,Mobile,1092,997,3297,0.506,182.0,28
2026-05-29,Organic Search,Tablet,147,112,559,0.351,209.4,3
2026-05-29,Paid Search,Desktop,370,340,837,0.413,86.9,2
2026-05-29,Paid Search,Mobile,392,345,1673,0.405,73.0,3
2026-05-29,Paid Search,Tablet,61,47,119,0.467,200.8,1
2026-05-29,Social,Desktop,290,233,1230,0.659,202.1,6
2026-05-29,Social,Mobile,543,460,2219,0.625,92.9,3
2026-05-29,Social,Tablet,75,61,171,0.553,119.7,0
2026-05-29,Direct,Desktop,231,174,759,0.404,195.6,5
2026-05-29,Direct,Mobile,255,221,871,0.595,183.6,3
2026-05-29,Direct,Tablet,55,46,212,0.61,54.6,0
2026-05-29,Email,Desktop,83,75,212,0.45,205.2,0
2026-05-29,Email,Mobile,157,132,300,0.386,69.8,2
2026-05-29,Email,Tablet,24,19,49,0.509,153.1,0
2026-05-29,Referral,Desktop,97,75,267,0.565,53.8,1
2026-05-29,Referral,Mobile,103,85,417,0.617,216.6,0
2026-05-29,Referral,Tablet,15,11,58,0.564,59.8,0
2026-05-30,Organic Search,Desktop,855,789,3633,0.306,194.4,10
2026-05-30,Organic Search,Mobile,1271,1046,2787,0.68,233.4,25
2026-05-30,Organic Search,Tablet,204,190,802,0.661,195.9,1
2026-05-30,Paid Search,Desktop,352,284,1451,0.403,67.4,5
2026-05-30,Paid Search,Mobile,405,349,873,0.317,196.0,7
2026-05-30,Paid Search,Tablet,64,53,272,0.555,166.7,1
2026-05-30,Social,Desktop,409,356,1313,0.472,202.2,11
2026-05-30,Social,Mobile,566,454,2057,0.604,201.1,8
2026-05-30,Social,Tablet,76,57,291,0.64,80.0,1
2026-05-30,Direct,Desktop,357,293,1457,0.572,73.5,8
2026-05-30,Direct,Mobile,426,362,1801,0.608,50.6,9
2026-05-30,Direct,Tablet,49,42,189,0.515,148.7,0
2026-05-30,Email,Desktop,146,110,571,0.386,93.1,1
2026-05-30,Email,Mobile,163,133,372,0.582,151.9,1
2026-05-30,Email,Tablet,27,25,118,0.391,50.4,0
2026-05-30,Referral,Desktop,93,86,193,0.645,191.8,1
2026-05-30,Referral,Mobile,117,110,297,0.579,195.7,1
2026-05-30,Referral,Tablet,16,12,66,0.5,161.7,0
2026-05-31,Organic Search,Desktop,812,653,2878,0.43,184.6,12
2026-05-31,Organic Search,Mobile,1080,970,3039,0.551,105.4,15
2026-05-31,Organic Search,Tablet,167,126,552,0.616,195.4,3
2026-05-31,Paid Search,Desktop,355,290,1448,0.419,101.6,9
2026-05-31,Paid Search,Mobile,435,409,1879,0.54,119.0,12
2026-05-31,Paid Search,Tablet,80,63,239,0.342,117.8,0
2026-05-31,Social,Desktop,455,387,1082,0.577,238.1,5
2026-05-31,Social,Mobile,534,422,2154,0.344,210.1,10
2026-05-31,Social,Tablet,78,72,279,0.61,89.7,1
2026-05-31,Direct,Desktop,294,260,1074,0.322,192.0,3
2026-05-31,Direct,Mobile,379,333,1132,0.436,51.6,6
2026-05-31,Direct,Tablet,51,45,143,0.653,227.3,0
2026-05-31,Email,Desktop,130,98,337,0.427,77.8,2
2026-05-31,Email,Mobile,156,117,636,0.409,111.5,2
2026-05-31,Email,Tablet,23,18,77,0.646,138.8,0
2026-05-31,Referral,Desktop,106,85,408,0.518,108.4,2
2026-05-31,Referral,Mobile,128,119,502,0.448,192.6,3
2026-05-31,Referral,Tablet,19,17,37,0.347,220.1,0
2026-06-01,Organic Search,Desktop,700,635,2630,0.641,72.0,18
2026-06-01,Organic Search,Mobile,1060,879,3705,0.66,113.1,31
2026-06-01,Organic Search,Tablet,159,136,380,0.412,86.7,1
2026-06-01,Paid Search,Desktop,251,216,1010,0.625,150.8,6
2026-06-01,Paid Search,Mobile,429,368,1828,0.604,189.8,4
2026-06-01,Paid Search,Tablet,63,58,209,0.314,206.5,0
2026-06-01,Social,Desktop,432,364,1470,0.497,213.7,10
2026-06-01,Social,Mobile,500,394,1830,0.648,55.6,7
2026-06-01,Social,Tablet,89,68,297,0.418,140.3,1
2026-06-01,Direct,Desktop,295,249,755,0.438,213.4,5
2026-06-01,Direct,Mobile,502,435,2220,0.505,57.2,9
2026-06-01,Direct,Tablet,61,48,124,0.591,210.8,1
2026-06-01,Email,Desktop,108,98,450,0.304,213.4,2
2026-06-01,Email,Mobile,108,83,272,0.398,201.7,2
2026-06-01,Email,Tablet,25,19,92,0.519,177.4,0
2026-06-01,Referral,Desktop,89,69,350,0.389,195.7,1
2026-06-01,Referral,Mobile,124,105,388,0.415,126.3,1
2026-06-01,Referral,Tablet,15,11,30,0.312,81.6,0
2026-06-02,Organic Search,Desktop,690,614,2900,0.572,109.2,10
2026-06-02,Organic Search,Mobile,1108,899,2953,0.581,191.9,17
2026-06-02,Organic Search,Tablet,161,149,599,0.579,178.0,4
2026-06-02,Paid Search,Desktop,228,194,893,0.308,158.8,1
2026-06-02,Paid Search,Mobile,382,299,977,0.369,110.3,6
2026-06-02,Paid Search,Tablet,59,49,145,0.589,81.4,0
2026-06-02,Social,Desktop,399,307,873,0.474,194.6,9
2026-06-02,Social,Mobile,517,466,1228,0.578,68.3,7
2026-06-02,Social,Tablet,86,66,284,0.612,144.1,1
2026-06-02,Direct,Desktop,291,248,850,0.306,143.6,3
2026-06-02,Direct,Mobile,364,304,1282,0.544,144.6,8
2026-06-02,Direct,Tablet,42,39,88,0.533,121.4,0
2026-06-02,Email,Desktop,111,95,267,0.422,76.5,0
2026-06-02,Email,Mobile,116,95,260,0.632,164.0,2
2026-06-02,Email,Tablet,22,18,84,0.463,184.7,0
2026-06-02,Referral,Desktop,109,103,409,0.304,187.9,3
2026-06-02,Referral,Mobile,138,129,448,0.68,226.0,2
2026-06-02,Referral,Tablet,18,16,79,0.682,178.0,0
2026-06-03,Organic Search,Desktop,898,803,2342,0.547,65.5,11
2026-06-03,Organic Search,Mobile,1071,893,4610,0.368,87.9,21
2026-06-03,Organic Search,Tablet,158,132,376,0.439,201.9,4
2026-06-03,Paid Search,Desktop,200,156,651,0.567,166.3,3
2026-06-03,Paid Search,Mobile,371,330,1093,0.515,95.7,3
2026-06-03,Paid Search,Tablet,54,41,221,0.652,237.5,1
2026-06-03,Social,Desktop,400,352,1053,0.646,71.3,6
2026-06-03,Social,Mobile,645,508,2063,0.477,56.4,16
2026-06-03,Social,Tablet,80,66,219,0.462,175.7,0
2026-06-03,Direct,Desktop,213,170,386,0.615,75.5,1
2026-06-03,Direct,Mobile,414,390,984,0.359,141.6,5
2026-06-03,Direct,Tablet,56,51,177,0.456,89.1,0
2026-06-03,Email,Desktop,136,125,335,0.325,167.7,4
2026-06-03,Email,Mobile,134,122,505,0.605,177.8,0
2026-06-03,Email,Tablet,21,17,46,0.306,56.9,0
2026-06-03,Referral,Desktop,90,73,312,0.32,113.3,0
2026-06-03,Referral,Mobile,74,62,319,0.539,90.2,0
2026-06-03,Referral,Tablet,16,13,63,0.436,104.5,0
2026-06-04,Organic Search,Desktop,624,508,1615,0.664,160.0,15
2026-06-04,Organic Search,Mobile,1111,968,4319,0.347,134.3,25
2026-06-04,Organic Search,Tablet,146,137,546,0.611,63.8,4
2026-06-04,Paid Search,Desktop,381,360,1232,0.616,214.6,6
2026-06-04,Paid Search,Mobile,439,351,1305,0.32,125.8,6
2026-06-04,Paid Search,Tablet,63,58,146,0.463,161.8,1
2026-06-04,Social,Desktop,482,365,2096,0.335,174.5,8
2026-06-04,Social,Mobile,492,447,1650,0.428,204.5,14
2026-06-04,Social,Tablet,84,68,269,0.635,98.9,1
2026-06-04,Direct,Desktop,255,208,748,0.492,145.6,6
2026-06-04,Direct,Mobile,370,296,892,0.624,107.2,8
2026-06-04,Direct,Tablet,65,61,267,0.621,71.4,0
2026-06-04,Email,Desktop,110,95,413,0.684,62.2,2
2026-06-04,Email,Mobile,146,111,344,0.344,178.8,2
2026-06-04,Email,Tablet,21,18,43,0.334,154.6,0
2026-06-04,Referral,Desktop,78,62,160,0.364,125.3,0
2026-06-04,Referral,Mobile,137,129,455,0.391,86.4,0
2026-06-04,Referral,Tablet,18,14,77,0.54,210.7,0
2026-06-05,Organic Search,Desktop,543,484,2014,0.38,84.2,5
2026-06-05,Organic Search,Mobile,955,777,2613,0.361,117.3,6
2026-06-05,Organic Search,Tablet,158,132,579,0.616,91.8,1
2026-06-05,Paid Search,Desktop,356,309,1127,0.539,207.2,9
2026-06-05,Paid Search,Mobile,473,393,1361,0.503,178.7,12
2026-06-05,Paid Search,Tablet,54,41,114,0.516,152.7,0
2026-06-05,Social,Desktop,530,419,1248,0.655,202.7,4
2026-06-05,Social,Mobile,482,377,1640,0.663,78.8,6
2026-06-05,Social,Tablet,76,72,254,0.335,151.8,1
2026-06-05,Direct,Desktop,250,190,512,0.342,233.7,6
2026-06-05,Direct,Mobile,343,263,622,0.361,117.7,4
2026-06-05,Direct,Tablet,62,46,258,0.354,182.8,0
2026-06-05,Email,Desktop,107,91,313,0.349,217.8,1
2026-06-05,Email,Mobile,155,119,472,0.355,183.9,1
2026-06-05,Email,Tablet,19,16,58,0.522,83.5,0
2026-06-05,Referral,Desktop,71,55,175,0.616,140.7,0
2026-06-05,Referral,Mobile,121,97,461,0.529,66.5,3
2026-06-05,Referral,Tablet,19,17,68,0.496,73.5,0
2026-06-06,Organic Search,Desktop,875,794,3060,0.648,63.7,19
2026-06-06,Organic Search,Mobile,1030,927,3075,0.49,87.1,25
2026-06-06,Organic Search,Tablet,175,156,322,0.615,211.1,4
2026-06-06,Paid Search,Desktop,329,287,1319,0.32,186.2,6
2026-06-06,Paid Search,Mobile,474,413,1857,0.494,79.5,7
2026-06-06,Paid Search,Tablet,61,46,175,0.354,198.6,0
2026-06-06,Social,Desktop,353,310,1162,0.62,155.6,5
2026-06-06,Social,Mobile,566,425,1785,0.523,174.6,7
2026-06-06,Social,Tablet,94,82,320,0.545,48.9,1
2026-06-06,Direct,Desktop,283,251,1122,0.55,144.5,3
2026-06-06,Direct,Mobile,313,270,1107,0.589,237.7,9
2026-06-06,Direct,Tablet,70,56,157,0.488,224.7,0
2026-06-06,Email,Desktop,110,100,237,0.429,72.5,2
2026-06-06,Email,Mobile,137,124,372,0.453,152.3,1
2026-06-06,Email,Tablet,21,17,56,0.478,109.2,0
2026-06-06,Referral,Desktop,70,59,222,0.578,237.4,1
2026-06-06,Referral,Mobile,134,114,412,0.382,120.5,3
2026-06-06,Referral,Tablet,23,20,75,0.574,82.0,0
2026-06-07,Organic Search,Desktop,931,721,1692,0.452,90.6,10
2026-06-07,Organic Search,Mobile,1093,904,3522,0.668,130.3,18
2026-06-07,Organic Search,Tablet,162,125,572,0.374,139.0,2
2026-06-07,Paid Search,Desktop,347,266,1114,0.543,69.0,5
2026-06-07,Paid Search,Mobile,396,299,1013,0.504,66.0,6
2026-06-07,Paid Search,Tablet,73,59,217,0.665,141.0,1
2026-06-07,Social,Desktop,432,338,1360,0.529,74.3,12
2026-06-07,Social,Mobile,589,480,1382,0.666,213.3,17
2026-06-07,Social,Tablet,88,72,234,0.454,92.4,2
2026-06-07,Direct,Desktop,334,289,626,0.305,94.1,7
2026-06-07,Direct,Mobile,383,302,1029,0.451,199.8,8
2026-06-07,Direct,Tablet,47,37,195,0.328,206.6,0
2026-06-07,Email,Desktop,108,101,364,0.348,90.0,1
2026-06-07,Email,Mobile,194,174,554,0.559,196.5,3
2026-06-07,Email,Tablet,26,24,49,0.513,197.8,0
2026-06-07,Referral,Desktop,91,69,229,0.592,110.5,0
2026-06-07,Referral,Mobile,108,87,340,0.415,204.7,1
2026-06-07,Referral,Tablet,16,13,57,0.35,156.6,0
2026-06-08,Organic Search,Desktop,781,671,3341,0.545,143.1,21
2026-06-08,Organic Search,Mobile,973,753,3687,0.538,178.6,17
2026-06-08,Organic Search,Tablet,166,134,371,0.332,50.8,4
2026-06-08,Paid Search,Desktop,368,293,1154,0.548,145.7,10
2026-06-08,Paid Search,Mobile,422,364,1301,0.484,171.6,7
2026-06-08,Paid Search,Tablet,50,39,200,0.561,81.5,1
2026-06-08,Social,Desktop,440,363,1123,0.493,204.4,4
2026-06-08,Social,Mobile,550,434,2345,0.56,229.1,3
2026-06-08,Social,Tablet,68,59,252,0.594,166.9,1
2026-06-08,Direct,Desktop,282,228,668,0.304,123.4,3
2026-06-08,Direct,Mobile,346,276,1006,0.489,54.0,3
2026-06-08,Direct,Tablet,60,48,122,0.484,144.0,0
2026-06-08,Email,Desktop,117,89,387,0.391,52.9,1
2026-06-08,Email,Mobile,165,150,403,0.392,134.5,2
2026-06-08,Email,Tablet,19,17,80,0.443,145.8,0
2026-06-08,Referral,Desktop,75,58,327,0.39,56.1,0
2026-06-08,Referral,Mobile,125,101,237,0.693,146.4,1
2026-06-08,Referral,Tablet,19,16,46,0.468,74.4,0
2026-06-09,Organic Search,Desktop,736,580,1719,0.39,115.3,3
2026-06-09,Organic Search,Mobile,1187,1077,3005,0.453,138.6,25
2026-06-09,Organic Search,Tablet,120,112,462,0.695,65.5,2
2026-06-09,Paid Search,Desktop,369,345,880,0.31,53.0,3
2026-06-09,Paid Search,Mobile,308,258,698,0.473,120.2,1
2026-06-09,Paid Search,Tablet,67,61,213,0.598,233.6,1
2026-06-09,Social,Desktop,406,309,1792,0.613,219.3,9
2026-06-09,Social,Mobile,493,451,1349,0.508,209.7,10
2026-06-09,Social,Tablet,95,81,324,0.51,104.2,1
2026-06-09,Direct,Desktop,288,220,664,0.683,210.1,2
2026-06-09,Direct,Mobile,354,285,1235,0.343,200.3,4
2026-06-09,Direct,Tablet,66,51,271,0.441,119.9,0
2026-06-09,Email,Desktop,130,98,537,0.644,203.3,0
2026-06-09,Email,Mobile,134,102,425,0.597,118.1,1
2026-06-09,Email,Tablet,20,15,76,0.494,132.8,0
2026-06-09,Referral,Desktop,93,84,328,0.52,126.1,1
2026-06-09,Referral,Mobile,133,118,505,0.671,196.3,1
2026-06-09,Referral,Tablet,16,12,44,0.498,129.6,0
2026-06-10,Organic Search,Desktop,807,680,2911,0.64,83.6,11
2026-06-10,Organic Search,Mobile,1066,930,3308,0.338,146.6,20
2026-06-10,Organic Search,Tablet,168,126,466,0.612,114.4,4
2026-06-10,Paid Search,Desktop,308,270,1334,0.412,218.1,3
2026-06-10,Paid Search,Mobile,369,348,725,0.611,202.8,10
2026-06-10,Paid Search,Tablet,59,47,143,0.683,71.7,0
2026-06-10,Social,Desktop,478,444,1059,0.617,59.0,14
2026-06-10,Social,Mobile,460,427,1437,0.322,163.2,12
2026-06-10,Social,Tablet,81,70,264,0.441,162.7,1
2026-06-10,Direct,Desktop,307,267,1210,0.61,76.2,6
2026-06-10,Direct,Mobile,263,210,795,0.652,212.6,4
2026-06-10,Direct,Tablet,53,43,220,0.326,54.8,1
2026-06-10,Email,Desktop,117,90,339,0.493,64.3,1
2026-06-10,Email,Mobile,148,128,357,0.387,107.7,3
2026-06-10,Email,Tablet,22,17,78,0.429,131.9,0
2026-06-10,Referral,Desktop,81,62,311,0.586,59.2,0
2026-06-10,Referral,Mobile,135,124,409,0.372,74.1,3
2026-06-10,Referral,Tablet,21,16,61,0.632,157.0,0
2026-06-11,Organic Search,Desktop,696,573,2873,0.412,71.9,13
2026-06-11,Organic Search,Mobile,780,701,3444,0.404,134.3,4
2026-06-11,Organic Search,Tablet,200,185,575,0.682,137.9,5
2026-06-11,Paid Search,Desktop,288,269,925,0.568,200.8,1
2026-06-11,Paid Search,Mobile,405,314,1219,0.658,139.0,10
2026-06-11,Paid Search,Tablet,64,54,250,0.422,64.7,0
2026-06-11,Social,Desktop,496,462,1378,0.54,217.5,5
2026-06-11,Social,Mobile,488,448,1173,0.486,190.2,3
2026-06-11,Social,Tablet,60,47,170,0.464,122.4,1
2026-06-11,Direct,Desktop,253,202,1077,0.364,237.8,2
2026-06-11,Direct,Mobile,336,258,704,0.519,235.0,1
2026-06-11,Direct,Tablet,56,51,250,0.482,168.2,1
2026-06-11,Email,Desktop,137,113,500,0.302,228.1,1
2026-06-11,Email,Mobile,155,124,497,0.615,214.5,1
2026-06-11,Email,Tablet,26,22,80,0.391,156.4,0
2026-06-11,Referral,Desktop,96,87,255,0.303,223.2,2
2026-06-11,Referral,Mobile,124,109,383,0.4,75.0,2
2026-06-11,Referral,Tablet,17,15,71,0.695,225.2,0
2026-06-12,Organic Search,Desktop,816,666,2117,0.43,99.9,14
2026-06-12,Organic Search,Mobile,941,818,2978,0.373,155.4,18
2026-06-12,Organic Search,Tablet,156,126,672,0.373,159.0,1
2026-06-12,Paid Search,Desktop,258,227,674,0.457,217.9,5
2026-06-12,Paid Search,Mobile,448,365,1214,0.433,222.9,4
2026-06-12,Paid Search,Tablet,74,64,186,0.463,230.2,0
2026-06-12,Social,Desktop,392,324,1282,0.618,160.5,5
2026-06-12,Social,Mobile,602,455,2438,0.462,96.3,17
2026-06-12,Social,Tablet,92,69,270,0.577,238.3,1
2026-06-12,Direct,Desktop,302,239,676,0.591,219.4,1
2026-06-12,Direct,Mobile,399,304,1342,0.414,126.0,5
2026-06-12,Direct,Tablet,49,43,217,0.43,210.6,0
2026-06-12,Email,Desktop,121,103,534,0.318,171.7,1
2026-06-12,Email,Mobile,131,99,435,0.45,72.1,1
2026-06-12,Email,Tablet,19,17,75,0.462,102.8,0
2026-06-12,Referral,Desktop,78,70,149,0.674,196.9,2
2026-06-12,Referral,Mobile,120,112,498,0.62,89.7,0
2026-06-12,Referral,Tablet,17,14,40,0.662,142.2,0
2026-06-13,Organic Search,Desktop,801,637,2370,0.51,205.0,18
2026-06-13,Organic Search,Mobile,1407,1259,5504,0.572,62.2,11
2026-06-13,Organic Search,Tablet,193,172,851,0.473,140.6,1
2026-06-13,Paid Search,Desktop,331,298,647,0.514,196.0,4
2026-06-13,Paid Search,Mobile,390,350,1539,0.597,164.6,6
2026-06-13,Paid Search,Tablet,79,65,306,0.462,127.6,1
2026-06-13,Social,Desktop,427,341,1726,0.484,134.4,11
2026-06-13,Social,Mobile,668,633,2557,0.32,84.1,16
2026-06-13,Social,Tablet,97,85,401,0.679,79.1,2
2026-06-13,Direct,Desktop,224,195,959,0.464,175.1,6
2026-06-13,Direct,Mobile,330,299,1306,0.609,162.6,8
2026-06-13,Direct,Tablet,57,53,114,0.651,144.8,0
2026-06-13,Email,Desktop,129,122,320,0.305,217.0,3
2026-06-13,Email,Mobile,158,126,635,0.445,113.6,1
2026-06-13,Email,Tablet,26,23,59,0.555,107.9,0
2026-06-13,Referral,Desktop,117,95,418,0.553,193.9,0
2026-06-13,Referral,Mobile,127,101,420,0.457,176.5,1
2026-06-13,Referral,Tablet,22,17,46,0.414,59.0,0
2026-06-14,Organic Search,Desktop,809,736,1786,0.488,207.3,13
2026-06-14,Organic Search,Mobile,1088,985,3494,0.62,210.7,11
2026-06-14,Organic Search,Tablet,163,150,387,0.516,62.7,4
2026-06-14,Paid Search,Desktop,445,354,916,0.314,217.8,7
2026-06-14,Paid Search,Mobile,411,348,1505,0.362,155.2,9
2026-06-14,Paid Search,Tablet,66,60,161,0.56,75.2,1
2026-06-14,Social,Desktop,509,482,1927,0.335,48.1,5
2026-06-14,Social,Mobile,570,444,1688,0.397,220.6,15
2026-06-14,Social,Tablet,98,80,218,0.473,59.2,2
2026-06-14,Direct,Desktop,310,250,889,0.673,134.3,3
2026-06-14,Direct,Mobile,325,291,1095,0.333,202.9,5
2026-06-14,Direct,Tablet,57,43,223,0.672,59.1,1
2026-06-14,Email,Desktop,155,119,451,0.592,231.5,3
2026-06-14,Email,Mobile,146,123,561,0.46,122.8,3
2026-06-14,Email,Tablet,20,16,55,0.636,146.3,0
2026-06-14,Referral,Desktop,102,81,302,0.387,128.9,2
2026-06-14,Referral,Mobile,138,114,515,0.306,198.0,3
2026-06-14,Referral,Tablet,21,18,58,0.636,158.9,0
2026-06-15,Organic Search,Desktop,853,687,2576,0.426,209.6,20
2026-06-15,Organic Search,Mobile,959,776,1919,0.51,151.5,6
2026-06-15,Organic Search,Tablet,128,120,520,0.482,198.0,3
2026-06-15,Paid Search,Desktop,380,354,981,0.497,111.2,2
2026-06-15,Paid Search,Mobile,430,341,1378,0.494,199.3,9
2026-06-15,Paid Search,Tablet,49,45,215,0.369,183.4,1
2026-06-15,Social,Desktop,450,410,1308,0.428,108.0,6
2026-06-15,Social,Mobile,488,390,1125,0.365,97.1,12
2026-06-15,Social,Tablet,91,77,268,0.444,220.9,1
2026-06-15,Direct,Desktop,305,261,1125,0.434,51.0,4
2026-06-15,Direct,Mobile,275,210,541,0.309,189.6,1
2026-06-15,Direct,Tablet,69,52,281,0.625,228.5,0
2026-06-15,Email,Desktop,94,88,250,0.458,98.5,1
2026-06-15,Email,Mobile,160,135,513,0.373,124.8,4
2026-06-15,Email,Tablet,20,15,77,0.44,194.7,0
2026-06-15,Referral,Desktop,82,71,178,0.566,170.3,1
2026-06-15,Referral,Mobile,127,106,297,0.658,50.1,1
2026-06-15,Referral,Tablet,22,20,64,0.396,189.3,0
2026-06-16,Organic Search,Desktop,728,547,2885,0.689,83.5,13
2026-06-16,Organic Search,Mobile,816,736,3663,0.66,166.5,9
2026-06-16,Organic Search,Tablet,174,153,607,0.599,77.3,3
2026-06-16,Paid Search,Desktop,321,277,890,0.46,85.6,2
2026-06-16,Paid Search,Mobile,385,359,1440,0.316,117.9,9
2026-06-16,Paid Search,Tablet,69,57,142,0.357,144.5,0
2026-06-16,Social,Desktop,369,321,1325,0.431,150.0,9
2026-06-16,Social,Mobile,600,490,1454,0.624,73.2,15
2026-06-16,Social,Tablet,74,69,322,0.608,145.4,0
2026-06-16,Direct,Desktop,293,258,864,0.559,129.8,2
2026-06-16,Direct,Mobile,387,317,853,0.454,177.3,3
2026-06-16,Direct,Tablet,43,40,77,0.586,239.8,0
2026-06-16,Email,Desktop,105,82,415,0.602,149.8,2
2026-06-16,Email,Mobile,94,80,398,0.651,190.6,1
2026-06-16,Email,Tablet,22,18,97,0.596,81.0,0
2026-06-16,Referral,Desktop,82,77,204,0.56,52.6,1
2026-06-16,Referral,Mobile,127,98,354,0.604,97.9,3
2026-06-16,Referral,Tablet,16,12,55,0.66,95.3,0
2026-06-17,Organic Search,Desktop,809,682,2033,0.648,56.5,5
2026-06-17,Organic Search,Mobile,1151,1051,4120,0.369,158.4,6
2026-06-17,Organic Search,Tablet,145,126,443,0.618,237.1,1
2026-06-17,Paid Search,Desktop,310,265,1017,0.36,48.6,1
2026-06-17,Paid Search,Mobile,392,314,1445,0.551,186.7,11
2026-06-17,Paid Search,Tablet,76,66,267,0.589,213.1,0
2026-06-17,Social,Desktop,378,302,1206,0.579,109.4,10
2026-06-17,Social,Mobile,562,426,2497,0.327,218.0,15
2026-06-17,Social,Tablet,91,78,205,0.663,180.3,1
2026-06-17,Direct,Desktop,278,221,1203,0.412,104.8,2
2026-06-17,Direct,Mobile,309,273,962,0.512,112.2,8
2026-06-17,Direct,Tablet,55,51,165,0.622,178.2,0
2026-06-17,Email,Desktop,97,87,186,0.348,182.7,2
2026-06-17,Email,Mobile,137,119,381,0.528,140.4,1
2026-06-17,Email,Tablet,23,20,79,0.659,222.1,0
2026-06-17,Referral,Desktop,90,78,306,0.528,160.3,0
2026-06-17,Referral,Mobile,94,74,177,0.604,95.6,2
2026-06-17,Referral,Tablet,17,13,63,0.669,47.8,0
2026-06-18,Organic Search,Desktop,826,716,1532,0.686,211.7,13
2026-06-18,Organic Search,Mobile,1081,869,4652,0.648,156.3,13
2026-06-18,Organic Search,Tablet,185,169,480,0.559,207.0,3
2026-06-18,Paid Search,Desktop,311,276,771,0.432,84.3,2
2026-06-18,Paid Search,Mobile,390,363,1555,0.522,234.4,8
2026-06-18,Paid Search,Tablet,53,44,180,0.584,138.5,0
2026-06-18,Social,Desktop,485,442,1659,0.69,177.6,11
2026-06-18,Social,Mobile,612,571,2605,0.627,237.1,13
2026-06-18,Social,Tablet,97,77,309,0.661,46.1,0
2026-06-18,Direct,Desktop,256,213,882,0.505,57.1,7
2026-06-18,Direct,Mobile,240,191,701,0.472,59.5,6
2026-06-18,Direct,Tablet,62,52,256,0.553,90.1,1
2026-06-18,Email,Desktop,97,74,343,0.599,160.5,1
2026-06-18,Email,Mobile,180,160,507,0.389,158.3,4
2026-06-18,Email,Tablet,23,17,54,0.59,97.6,0
2026-06-18,Referral,Desktop,101,78,272,0.641,214.5,2
2026-06-18,Referral,Mobile,125,109,300,0.602,139.0,1
2026-06-18,Referral,Tablet,15,13,48,0.553,57.5,0
2026-06-19,Organic Search,Desktop,853,769,3398,0.485,86.3,21
2026-06-19,Organic Search,Mobile,925,856,3860,0.412,95.5,7
2026-06-19,Organic Search,Tablet,135,123,255,0.621,236.2,2
2026-06-19,Paid Search,Desktop,293,260,1175,0.516,74.6,4
2026-06-19,Paid Search,Mobile,325,259,1013,0.614,129.9,6
2026-06-19,Paid Search,Tablet,51,42,132,0.575,181.5,0
2026-06-19,Social,Desktop,447,418,1581,0.302,216.9,6
2026-06-19,Social,Mobile,453,365,1347,0.576,234.8,8
2026-06-19,Social,Tablet,86,73,245,0.353,67.8,1
2026-06-19,Direct,Desktop,224,201,947,0.374,51.5,4
2026-06-19,Direct,Mobile,325,248,1309,0.311,124.6,4
2026-06-19,Direct,Tablet,64,60,150,0.592,94.5,1
2026-06-19,Email,Desktop,112,93,377,0.514,158.1,1
2026-06-19,Email,Mobile,135,110,441,0.38,204.3,1
2026-06-19,Email,Tablet,25,19,112,0.539,102.8,0
2026-06-19,Referral,Desktop,106,88,193,0.353,179.0,2
2026-06-19,Referral,Mobile,105,86,416,0.572,74.8,3
2026-06-19,Referral,Tablet,18,14,55,0.601,74.8,0
2026-06-20,Organic Search,Desktop,930,832,2977,0.372,164.4,25
2026-06-20,Organic Search,Mobile,1019,924,4102,0.501,126.6,22
2026-06-20,Organic Search,Tablet,169,157,604,0.458,73.1,3
2026-06-20,Paid Search,Desktop,313,248,745,0.301,48.1,9
2026-06-20,Paid Search,Mobile,410,345,1224,0.647,70.5,9
2026-06-20,Paid Search,Tablet,72,61,231,0.45,94.4,0
2026-06-20,Social,Desktop,445,351,1608,0.374,143.6,6
2026-06-20,Social,Mobile,458,346,1537,0.32,126.2,11
2026-06-20,Social,Tablet,98,82,233,0.472,49.8,2
2026-06-20,Direct,Desktop,271,239,1198,0.32,83.2,2
2026-06-20,Direct,Mobile,471,391,1900,0.623,176.6,7
2026-06-20,Direct,Tablet,49,41,139,0.379,131.2,1
2026-06-20,Email,Desktop,113,103,504,0.493,141.5,0
2026-06-20,Email,Mobile,149,112,536,0.381,155.9,4
2026-06-20,Email,Tablet,24,21,51,0.426,106.7,0
2026-06-20,Referral,Desktop,99,89,420,0.405,131.8,2
2026-06-20,Referral,Mobile,120,106,443,0.385,144.9,2
2026-06-20,Referral,Tablet,22,18,46,0.506,87.7,0
2026-06-21,Organic Search,Desktop,983,753,3319,0.404,155.5,16
2026-06-21,Organic Search,Mobile,1080,919,3201,0.456,59.7,30
2026-06-21,Organic Search,Tablet,156,117,333,0.398,194.0,1
2026-06-21,Paid Search,Desktop,282,237,829,0.333,83.1,3
2026-06-21,Paid Search,Mobile,419,388,905,0.446,99.9,3
2026-06-21,Paid Search,Tablet,72,64,255,0.41,125.9,1
2026-06-21,Social,Desktop,430,367,901,0.638,214.5,2
2026-06-21,Social,Mobile,561,500,2086,0.62,119.7,13
2026-06-21,Social,Tablet,100,84,417,0.652,80.3,2
2026-06-21,Direct,Desktop,326,284,1271,0.654,81.6,8
2026-06-21,Direct,Mobile,410,345,1791,0.68,122.7,6
2026-06-21,Direct,Tablet,63,59,230,0.443,184.4,1
2026-06-21,Email,Desktop,132,105,577,0.616,64.0,3
2026-06-21,Email,Mobile,197,182,580,0.359,45.2,2
2026-06-21,Email,Tablet,23,17,48,0.668,208.3,0
2026-06-21,Referral,Desktop,133,101,483,0.699,174.9,1
2026-06-21,Referral,Mobile,127,111,437,0.698,211.4,2
2026-06-21,Referral,Tablet,19,16,36,0.459,215.7,0
2026-06-22,Organic Search,Desktop,920,837,2479,0.525,65.9,6
2026-06-22,Organic Search,Mobile,1096,958,4910,0.312,60.3,13
2026-06-22,Organic Search,Tablet,180,157,775,0.577,207.6,3
2026-06-22,Paid Search,Desktop,356,331,1370,0.518,93.3,5
2026-06-22,Paid Search,Mobile,418,328,930,0.614,125.9,3
2026-06-22,Paid Search,Tablet,67,62,126,0.366,220.2,0
2026-06-22,Social,Desktop,505,475,1995,0.457,90.4,11
2026-06-22,Social,Mobile,608,548,2357,0.525,200.2,4
2026-06-22,Social,Tablet,81,76,234,0.668,99.2,1
2026-06-22,Direct,Desktop,209,177,590,0.484,220.5,6
2026-06-22,Direct,Mobile,306,285,846,0.347,175.9,2
2026-06-22,Direct,Tablet,55,43,208,0.685,47.0,0
2026-06-22,Email,Desktop,89,72,299,0.626,105.2,1
2026-06-22,Email,Mobile,187,149,661,0.41,67.7,0
2026-06-22,Email,Tablet,19,16,38,0.505,77.2,0
2026-06-22,Referral,Desktop,89,79,366,0.527,71.5,2
2026-06-22,Referral,Mobile,122,97,267,0.332,64.8,2
2026-06-22,Referral,Tablet,15,13,54,0.4,117.1,0
2026-06-23,Organic Search,Desktop,1091,969,4272,0.434,133.3,7
2026-06-23,Organic Search,Mobile,1214,956,3398,0.592,69.9,20
2026-06-23,Organic Search,Tablet,137,115,579,0.592,105.5,4
2026-06-23,Paid Search,Desktop,279,259,693,0.477,190.7,6
2026-06-23,Paid Search,Mobile,456,394,1679,0.377,168.6,6
2026-06-23,Paid Search,Tablet,60,52,193,0.45,192.8,1
2026-06-23,Social,Desktop,384,314,1158,0.456,65.7,3
2026-06-23,Social,Mobile,470,432,1038,0.342,239.6,3
2026-06-23,Social,Tablet,77,63,256,0.492,60.4,1
2026-06-23,Direct,Desktop,298,273,1047,0.43,162.1,4
2026-06-23,Direct,Mobile,365,325,735,0.509,81.6,2
2026-06-23,Direct,Tablet,61,50,262,0.427,49.4,1
2026-06-23,Email,Desktop,115,96,293,0.667,120.3,3
2026-06-23,Email,Mobile,165,137,522,0.502,66.4,2
2026-06-23,Email,Tablet,24,19,107,0.411,173.3,0
2026-06-23,Referral,Desktop,95,74,331,0.519,86.6,0
2026-06-23,Referral,Mobile,136,113,567,0.65,142.7,3
2026-06-23,Referral,Tablet,20,16,83,0.454,148.4,0
2026-06-24,Organic Search,Desktop,718,648,1919,0.328,204.3,11
2026-06-24,Organic Search,Mobile,1112,906,2648,0.661,81.2,9
2026-06-24,Organic Search,Tablet,175,143,586,0.392,187.9,0
2026-06-24,Paid Search,Desktop,368,321,1372,0.314,49.3,5
2026-06-24,Paid Search,Mobile,467,368,1013,0.3,128.9,5
2026-06-24,Paid Search,Tablet,66,61,232,0.622,47.5,1
2026-06-24,Social,Desktop,366,295,1100,0.432,230.2,8
2026-06-24,Social,Mobile,517,426,2304,0.328,116.3,10
2026-06-24,Social,Tablet,80,71,333,0.609,201.0,2
2026-06-24,Direct,Desktop,296,271,595,0.363,205.2,3
2026-06-24,Direct,Mobile,366,315,670,0.354,80.5,4
2026-06-24,Direct,Tablet,56,45,114,0.662,191.7,0
2026-06-24,Email,Desktop,115,98,354,0.494,177.0,2
2026-06-24,Email,Mobile,126,108,324,0.325,107.9,0
2026-06-24,Email,Tablet,23,21,46,0.367,171.3,0
2026-06-24,Referral,Desktop,105,98,286,0.309,187.8,2
2026-06-24,Referral,Mobile,116,100,518,0.538,234.5,0
2026-06-24,Referral,Tablet,23,20,94,0.388,85.8,0
2026-06-25,Organic Search,Desktop,761,601,2847,0.464,66.3,15
2026-06-25,Organic Search,Mobile,1049,982,2960,0.48,229.2,15
2026-06-25,Organic Search,Tablet,177,134,776,0.602,192.3,1
2026-06-25,Paid Search,Desktop,296,227,703,0.486,211.4,2
2026-06-25,Paid Search,Mobile,467,435,1412,0.399,192.4,6
2026-06-25,Paid Search,Tablet,68,52,173,0.381,99.6,1
2026-06-25,Social,Desktop,418,315,1667,0.474,77.1,3
2026-06-25,Social,Mobile,615,464,1374,0.419,177.6,7
2026-06-25,Social,Tablet,65,51,170,0.367,191.7,1
2026-06-25,Direct,Desktop,277,217,1038,0.486,93.1,4
2026-06-25,Direct,Mobile,323,282,771,0.494,235.5,2
2026-06-25,Direct,Tablet,60,48,182,0.438,224.9,0
2026-06-25,Email,Desktop,118,96,246,0.392,121.0,2
2026-06-25,Email,Mobile,122,95,508,0.555,177.6,2
2026-06-25,Email,Tablet,21,18,67,0.617,74.1,0
2026-06-25,Referral,Desktop,89,84,324,0.333,156.8,2
2026-06-25,Referral,Mobile,136,111,407,0.638,171.0,1
2026-06-25,Referral,Tablet,19,16,48,0.527,194.1,0
2026-06-26,Organic Search,Desktop,942,852,3979,0.577,152.0,25
2026-06-26,Organic Search,Mobile,975,801,3043,0.502,66.0,5
2026-06-26,Organic Search,Tablet,220,190,431,0.323,67.7,4
2026-06-26,Paid Search,Desktop,302,265,1269,0.51,202.0,6
2026-06-26,Paid Search,Mobile,360,304,782,0.669,88.4,10
2026-06-26,Paid Search,Tablet,64,49,187,0.652,74.3,0
2026-06-26,Social,Desktop,395,358,836,0.348,74.2,5
2026-06-26,Social,Mobile,590,542,1930,0.327,198.0,9
2026-06-26,Social,Tablet,81,74,200,0.454,93.2,0
2026-06-26,Direct,Desktop,296,254,691,0.408,177.5,6
2026-06-26,Direct,Mobile,385,365,1497,0.405,208.1,8
2026-06-26,Direct,Tablet,53,50,235,0.668,140.0,1
2026-06-26,Email,Desktop,96,78,388,0.387,51.3,0
2026-06-26,Email,Mobile,160,143,562,0.417,224.5,1
2026-06-26,Email,Tablet,23,21,54,0.599,218.7,0
2026-06-26,Referral,Desktop,67,63,207,0.612,225.6,1
2026-06-26,Referral,Mobile,110,102,447,0.6,51.7,2
2026-06-26,Referral,Tablet,15,11,30,0.535,220.6,0
2026-06-27,Organic Search,Desktop,904,698,3848,0.393,153.1,14
2026-06-27,Organic Search,Mobile,1150,1049,3211,0.551,215.3,23
2026-06-27,Organic Search,Tablet,153,117,521,0.64,136.2,2
2026-06-27,Paid Search,Desktop,249,219,924,0.351,80.6,2
2026-06-27,Paid Search,Mobile,457,372,1187,0.504,159.8,12
2026-06-27,Paid Search,Tablet,76,63,140,0.611,144.0,1
2026-06-27,Social,Desktop,418,365,985,0.485,226.8,5
2026-06-27,Social,Mobile,615,554,2636,0.647,154.0,8
2026-06-27,Social,Tablet,98,86,302,0.4,206.3,2
2026-06-27,Direct,Desktop,367,314,1388,0.618,215.6,6
2026-06-27,Direct,Mobile,364,344,1207,0.681,98.3,5
2026-06-27,Direct,Tablet,51,47,148,0.662,101.0,1
2026-06-27,Email,Desktop,121,102,444,0.495,239.8,1
2026-06-27,Email,Mobile,151,123,431,0.622,164.7,2
2026-06-27,Email,Tablet,27,23,108,0.623,185.9,0
2026-06-27,Referral,Desktop,97,73,180,0.339,57.9,0
2026-06-27,Referral,Mobile,143,133,607,0.525,116.9,1
2026-06-27,Referral,Tablet,16,14,49,0.433,62.5,0
2026-06-28,Organic Search,Desktop,982,756,2169,0.539,88.9,23
2026-06-28,Organic Search,Mobile,1375,1194,5504,0.345,131.0,29
2026-06-28,Organic Search,Tablet,169,138,492,0.574,107.4,3
2026-06-28,Paid Search,Desktop,465,371,908,0.587,233.8,12
2026-06-28,Paid Search,Mobile,468,408,1436,0.44,107.9,3
2026-06-28,Paid Search,Tablet,66,60,218,0.615,153.5,0
2026-06-28,Social,Desktop,474,436,1724,0.52,192.9,5
2026-06-28,Social,Mobile,579,465,1276,0.571,73.2,8
2026-06-28,Social,Tablet,75,70,199,0.617,60.6,0
2026-06-28,Direct,Desktop,286,262,890,0.575,180.3,2
2026-06-28,Direct,Mobile,299,259,1062,0.584,172.5,3
2026-06-28,Direct,Tablet,48,45,125,0.35,203.4,0
2026-06-28,Email,Desktop,126,106,407,0.565,235.3,2
2026-06-28,Email,Mobile,156,144,359,0.647,237.5,4
2026-06-28,Email,Tablet,22,16,50,0.321,61.6,0
2026-06-28,Referral,Desktop,126,99,498,0.467,123.0,3
2026-06-28,Referral,Mobile,131,104,550,0.357,106.2,2
2026-06-28,Referral,Tablet,22,19,82,0.61,86.5,0
2026-06-29,Organic Search,Desktop,929,750,3203,0.339,58.8,6
2026-06-29,Organic Search,Mobile,976,744,2425,0.467,161.0,13
2026-06-29,Organic Search,Tablet,173,153,631,0.415,72.2,3
2026-06-29,Paid Search,Desktop,366,315,1331,0.455,177.8,7
2026-06-29,Paid Search,Mobile,432,333,1628,0.564,157.3,10
2026-06-29,Paid Search,Tablet,48,42,139,0.309,181.0,0
2026-06-29,Social,Desktop,377,308,1007,0.549,66.1,8
2026-06-29,Social,Mobile,560,530,1996,0.628,89.1,15
2026-06-29,Social,Tablet,79,62,191,0.649,216.4,1
2026-06-29,Direct,Desktop,270,206,618,0.688,186.0,5
2026-06-29,Direct,Mobile,393,307,882,0.321,206.4,9
2026-06-29,Direct,Tablet,34,27,128,0.41,212.3,0
2026-06-29,Email,Desktop,96,90,409,0.677,114.8,1
2026-06-29,Email,Mobile,170,148,612,0.604,117.4,3
2026-06-29,Email,Tablet,24,21,106,0.363,122.3,0
2026-06-29,Referral,Desktop,86,75,202,0.697,154.2,1
2026-06-29,Referral,Mobile,90,82,234,0.556,69.5,2
2026-06-29,Referral,Tablet,19,15,75,0.46,234.9,0
2026-06-30,Organic Search,Desktop,780,683,1703,0.383,182.2,12
2026-06-30,Organic Search,Mobile,1142,989,2301,0.644,233.3,31
2026-06-30,Organic Search,Tablet,202,181,691,0.619,140.0,4
2026-06-30,Paid Search,Desktop,287,229,870,0.409,193.7,7
2026-06-30,Paid Search,Mobile,469,405,1956,0.626,184.5,8
2026-06-30,Paid Search,Tablet,54,42,159,0.532,111.1,1
2026-06-30,Social,Desktop,411,367,1293,0.437,210.0,12
2026-06-30,Social,Mobile,631,585,1928,0.633,49.9,5
2026-06-30,Social,Tablet,81,68,218,0.55,222.8,2
2026-06-30,Direct,Desktop,291,238,708,0.677,66.3,6
2026-06-30,Direct,Mobile,376,347,1251,0.486,99.8,8
2026-06-30,Direct,Tablet,52,39,107,0.404,144.9,0
2026-06-30,Email,Desktop,120,104,254,0.605,166.6,1
2026-06-30,Email,Mobile,185,142,397,0.361,85.1,1
2026-06-30,Email,Tablet,19,14,37,0.393,149.3,0
2026-06-30,Referral,Desktop,97,83,223,0.381,160.1,1
2026-06-30,Referral,Mobile,117,96,383,0.356,90.4,2
2026-06-30,Referral,Tablet,15,13,46,0.46,230.9,0
2026-07-01,Organic Search,Desktop,797,608,1473,0.687,184.0,19
2026-07-01,Organic Search,Mobile,1075,913,2155,0.457,190.5,16
2026-07-01,Organic Search,Tablet,166,148,460,0.519,165.8,2
2026-07-01,Paid Search,Desktop,250,224,669,0.6,98.7,1
2026-07-01,Paid Search,Mobile,414,373,1477,0.652,95.2,2
2026-07-01,Paid Search,Tablet,67,57,142,0.365,180.8,1
2026-07-01,Social,Desktop,342,309,629,0.666,64.9,5
2026-07-01,Social,Mobile,568,487,1345,0.586,111.9,7
2026-07-01,Social,Tablet,99,83,433,0.549,179.0,0
2026-07-01,Direct,Desktop,308,240,556,0.668,182.5,5
2026-07-01,Direct,Mobile,269,250,1164,0.656,80.0,4
2026-07-01,Direct,Tablet,55,49,228,0.376,217.7,1
2026-07-01,Email,Desktop,123,104,486,0.465,159.0,3
2026-07-01,Email,Mobile,161,129,655,0.626,78.5,1
2026-07-01,Email,Tablet,29,21,113,0.591,160.6,0
2026-07-01,Referral,Desktop,87,71,252,0.542,106.2,2
2026-07-01,Referral,Mobile,114,87,288,0.642,46.7,0
2026-07-01,Referral,Tablet,19,16,58,0.658,175.1,0
2026-07-02,Organic Search,Desktop,706,530,2709,0.495,66.6,13
2026-07-02,Organic Search,Mobile,962,800,3366,0.641,147.9,18
2026-07-02,Organic Search,Tablet,119,96,472,0.556,83.1,2
2026-07-02,Paid Search,Desktop,344,322,643,0.411,233.1,6
2026-07-02,Paid Search,Mobile,345,321,976,0.637,234.3,1
2026-07-02,Paid Search,Tablet,54,50,197,0.675,69.2,1
2026-07-02,Social,Desktop,516,453,1997,0.479,186.3,11
2026-07-02,Social,Mobile,493,448,909,0.667,230.6,10
2026-07-02,Social,Tablet,74,59,141,0.376,188.2,1
2026-07-02,Direct,Desktop,331,283,683,0.558,95.2,6
2026-07-02,Direct,Mobile,426,380,1141,0.495,158.3,7
2026-07-02,Direct,Tablet,53,47,176,0.427,126.0,0
2026-07-02,Email,Desktop,136,115,397,0.435,206.1,3
2026-07-02,Email,Mobile,153,125,466,0.574,107.8,1
2026-07-02,Email,Tablet,24,21,78,0.35,50.9,0
2026-07-02,Referral,Desktop,94,77,248,0.525,55.0,1
2026-07-02,Referral,Mobile,126,112,469,0.594,94.8,1
2026-07-02,Referral,Tablet,19,16,34,0.432,112.0,0
2026-07-03,Organic Search,Desktop,1031,901,4628,0.382,198.5,21
2026-07-03,Organic Search,Mobile,1088,957,3637,0.373,207.9,13
2026-07-03,Organic Search,Tablet,178,160,585,0.651,101.6,3
2026-07-03,Paid Search,Desktop,328,263,1361,0.321,97.4,3
2026-07-03,Paid Search,Mobile,495,459,1162,0.407,224.0,6
2026-07-03,Paid Search,Tablet,72,63,253,0.323,66.0,1
2026-07-03,Social,Desktop,344,267,707,0.363,156.2,5
2026-07-03,Social,Mobile,555,492,1914,0.573,59.9,12
2026-07-03,Social,Tablet,67,63,282,0.46,114.2,1
2026-07-03,Direct,Desktop,289,258,817,0.59,91.5,1
2026-07-03,Direct,Mobile,410,363,1154,0.321,124.8,8
2026-07-03,Direct,Tablet,64,49,219,0.474,134.1,1
2026-07-03,Email,Desktop,126,106,538,0.575,159.6,2
2026-07-03,Email,Mobile,135,115,311,0.515,230.9,2
2026-07-03,Email,Tablet,27,20,72,0.455,53.0,0
2026-07-03,Referral,Desktop,96,84,363,0.545,214.2,0
2026-07-03,Referral,Mobile,117,90,494,0.346,180.6,3
2026-07-03,Referral,Tablet,17,14,66,0.63,69.3,0
2026-07-04,Organic Search,Desktop,973,914,2845,0.663,61.5,9
2026-07-04,Organic Search,Mobile,999,790,2150,0.329,205.6,9
2026-07-04,Organic Search,Tablet,182,167,745,0.544,200.1,1
2026-07-04,Paid Search,Desktop,319,299,972,0.421,131.0,4
2026-07-04,Paid Search,Mobile,438,385,1740,0.36,74.0,7
2026-07-04,Paid Search,Tablet,55,50,231,0.418,234.5,0
2026-07-04,Social,Desktop,415,367,1517,0.439,51.7,5
2026-07-04,Social,Mobile,585,503,2477,0.562,107.2,9
2026-07-04,Social,Tablet,83,63,261,0.676,76.6,0
2026-07-04,Direct,Desktop,347,276,1054,0.447,137.2,6
2026-07-04,Direct,Mobile,469,405,953,0.317,136.3,6
2026-07-04,Direct,Tablet,46,35,141,0.366,193.9,1
2026-07-04,Email,Desktop,122,94,455,0.617,156.7,2
2026-07-04,Email,Mobile,167,151,614,0.688,181.7,3
2026-07-04,Email,Tablet,24,22,56,0.514,183.5,0
2026-07-04,Referral,Desktop,81,70,291,0.626,55.0,1
2026-07-04,Referral,Mobile,147,122,607,0.399,101.2,2
2026-07-04,Referral,Tablet,16,15,40,0.326,78.7,0
2026-07-05,Organic Search,Desktop,867,799,2434,0.467,209.0,18
2026-07-05,Organic Search,Mobile,1238,1049,4071,0.549,46.8,17
2026-07-05,Organic Search,Tablet,191,146,772,0.323,138.9,5
2026-07-05,Paid Search,Desktop,257,224,540,0.324,239.2,5
2026-07-05,Paid Search,Mobile,312,268,1387,0.345,80.3,6
2026-07-05,Paid Search,Tablet,77,58,161,0.508,186.1,1
2026-07-05,Social,Desktop,434,394,1476,0.696,228.4,12
2026-07-05,Social,Mobile,462,393,1894,0.476,236.0,12
2026-07-05,Social,Tablet,84,69,282,0.628,46.4,0
2026-07-05,Direct,Desktop,285,254,1091,0.521,144.4,3
2026-07-05,Direct,Mobile,385,341,1264,0.309,172.4,9
2026-07-05,Direct,Tablet,59,46,221,0.355,107.5,1
2026-07-05,Email,Desktop,108,89,204,0.374,74.4,0
2026-07-05,Email,Mobile,183,144,509,0.362,61.7,4
2026-07-05,Email,Tablet,24,20,74,0.358,207.2,0
2026-07-05,Referral,Desktop,109,88,414,0.598,191.3,0
2026-07-05,Referral,Mobile,140,105,436,0.521,107.7,2
2026-07-05,Referral,Tablet,19,14,62,0.434,184.5,0
2026-07-06,Organic Search,Desktop,869,703,2351,0.631,179.3,14
2026-07-06,Organic Search,Mobile,1166,1059,4413,0.36,55.4,26
2026-07-06,Organic Search,Tablet,175,166,586,0.404,64.8,2
2026-07-06,Paid Search,Desktop,312,245,1271,0.349,98.0,8
2026-07-06,Paid Search,Mobile,375,305,1354,0.511,71.6,2
2026-07-06,Paid Search,Tablet,58,45,181,0.518,149.1,0
2026-07-06,Social,Desktop,396,327,1324,0.537,237.1,10
2026-07-06,Social,Mobile,532,421,2300,0.565,182.2,15
2026-07-06,Social,Tablet,78,70,323,0.355,152.0,0
2026-07-06,Direct,Desktop,236,204,492,0.648,196.3,4
2026-07-06,Direct,Mobile,356,286,1083,0.627,65.1,1
2026-07-06,Direct,Tablet,51,42,114,0.505,51.7,0
2026-07-06,Email,Desktop,127,108,395,0.537,213.6,2
2026-07-06,Email,Mobile,183,148,598,0.699,127.9,5
2026-07-06,Email,Tablet,22,17,48,0.327,90.9,0
2026-07-06,Referral,Desktop,92,82,201,0.399,50.1,1
2026-07-06,Referral,Mobile,88,82,320,0.602,230.2,2
2026-07-06,Referral,Tablet,16,12,60,0.48,144.0,0
2026-07-07,Organic Search,Desktop,700,553,2921,0.507,64.1,8
2026-07-07,Organic Search,Mobile,1041,898,4068,0.649,107.9,16
2026-07-07,Organic Search,Tablet,155,122,618,0.476,143.1,2
2026-07-07,Paid Search,Desktop,293,240,1218,0.304,196.7,7
2026-07-07,Paid Search,Mobile,411,328,1473,0.506,101.6,9
2026-07-07,Paid Search,Tablet,66,58,287,0.491,47.2,1
2026-07-07,Social,Desktop,416,371,937,0.54,60.9,10
2026-07-07,Social,Mobile,620,472,2230,0.653,231.4,3
2026-07-07,Social,Tablet,81,65,325,0.329,128.5,0
2026-07-07,Direct,Desktop,272,241,661,0.398,210.2,6
2026-07-07,Direct,Mobile,325,281,815,0.389,155.4,2
2026-07-07,Direct,Tablet,54,49,238,0.533,141.0,0
2026-07-07,Email,Desktop,124,107,457,0.446,227.9,3
2026-07-07,Email,Mobile,150,119,483,0.386,96.9,1
2026-07-07,Email,Tablet,24,20,91,0.652,105.7,0
2026-07-07,Referral,Desktop,90,76,186,0.409,60.1,0
2026-07-07,Referral,Mobile,116,94,254,0.315,124.9,1
2026-07-07,Referral,Tablet,18,14,79,0.432,127.0,0
2026-07-08,Organic Search,Desktop,716,612,2867,0.351,165.9,16
2026-07-08,Organic Search,Mobile,958,737,1989,0.693,133.7,5
2026-07-08,Organic Search,Tablet,181,139,708,0.637,126.1,4
2026-07-08,Paid Search,Desktop,316,293,1087,0.517,89.3,4
2026-07-08,Paid Search,Mobile,380,317,1250,0.329,191.7,2
2026-07-08,Paid Search,Tablet,66,62,242,0.515,66.9,1
2026-07-08,Social,Desktop,414,369,1370,0.425,105.7,11
2026-07-08,Social,Mobile,627,513,2147,0.637,102.0,17
2026-07-08,Social,Tablet,91,71,200,0.576,118.3,1
2026-07-08,Direct,Desktop,271,219,918,0.468,90.0,3
2026-07-08,Direct,Mobile,342,311,1098,0.618,227.2,3
2026-07-08,Direct,Tablet,59,53,217,0.325,58.0,0
2026-07-08,Email,Desktop,107,93,221,0.349,93.0,0
2026-07-08,Email,Mobile,139,128,510,0.302,91.1,3
2026-07-08,Email,Tablet,19,14,76,0.451,161.1,0
2026-07-08,Referral,Desktop,69,58,128,0.611,45.4,0
2026-07-08,Referral,Mobile,127,98,447,0.66,126.3,1
2026-07-08,Referral,Tablet,19,15,75,0.594,202.0,0
2026-07-09,Organic Search,Desktop,757,684,2261,0.656,190.7,6
2026-07-09,Organic Search,Mobile,1247,1116,5528,0.328,82.8,24
2026-07-09,Organic Search,Tablet,189,172,525,0.541,61.2,4
2026-07-09,Paid Search,Desktop,381,302,1240,0.67,141.7,9
2026-07-09,Paid Search,Mobile,394,344,1364,0.665,138.8,7
2026-07-09,Paid Search,Tablet,69,59,141,0.615,103.9,0
2026-07-09,Social,Desktop,475,376,1420,0.487,187.4,5
2026-07-09,Social,Mobile,438,395,1828,0.696,172.1,9
2026-07-09,Social,Tablet,93,86,394,0.578,183.8,1
2026-07-09,Direct,Desktop,218,175,617,0.473,69.9,2
2026-07-09,Direct,Mobile,350,316,1461,0.565,114.4,6
2026-07-09,Direct,Tablet,50,39,215,0.375,194.7,1
2026-07-09,Email,Desktop,111,86,324,0.381,141.6,0
2026-07-09,Email,Mobile,182,164,459,0.409,128.7,5
2026-07-09,Email,Tablet,15,14,49,0.469,224.0,0
2026-07-09,Referral,Desktop,116,101,303,0.431,222.6,0
2026-07-09,Referral,Mobile,135,127,466,0.406,222.7,1
2026-07-09,Referral,Tablet,21,15,90,0.629,49.9,0
2026-07-10,Organic Search,Desktop,707,607,1509,0.598,222.3,9
2026-07-10,Organic Search,Mobile,1147,883,3394,0.393,98.1,7
2026-07-10,Organic Search,Tablet,193,179,433,0.365,175.3,1
2026-07-10,Paid Search,Desktop,281,246,552,0.56,102.1,1
2026-07-10,Paid Search,Mobile,440,409,1937,0.601,66.2,8
2026-07-10,Paid Search,Tablet,63,56,218,0.497,194.9,1
2026-07-10,Social,Desktop,385,304,698,0.547,117.1,4
2026-07-10,Social,Mobile,457,361,965,0.354,51.8,8
2026-07-10,Social,Tablet,75,70,259,0.313,197.1,1
2026-07-10,Direct,Desktop,341,268,940,0.511,231.9,7
2026-07-10,Direct,Mobile,381,296,896,0.428,144.8,6
2026-07-10,Direct,Tablet,70,53,187,0.534,81.8,0
2026-07-10,Email,Desktop,112,102,375,0.48,72.7,2
2026-07-10,Email,Mobile,117,98,460,0.694,96.4,2
2026-07-10,Email,Tablet,22,16,58,0.471,149.8,0
2026-07-10,Referral,Desktop,79,60,268,0.545,46.3,1
2026-07-10,Referral,Mobile,116,104,378,0.513,148.3,1
2026-07-10,Referral,Tablet,16,13,51,0.619,58.4,0
2026-07-11,Organic Search,Desktop,947,794,2728,0.564,229.3,20
2026-07-11,Organic Search,Mobile,1219,1024,4065,0.38,55.9,30
2026-07-11,Organic Search,Tablet,194,163,424,0.587,88.2,5
2026-07-11,Paid Search,Desktop,310,278,1382,0.642,183.8,4
2026-07-11,Paid Search,Mobile,509,396,2071,0.398,218.8,12
2026-07-11,Paid Search,Tablet,67,57,147,0.388,188.6,0
2026-07-11,Social,Desktop,457,421,1859,0.461,230.5,3
2026-07-11,Social,Mobile,572,444,1257,0.501,59.6,15
2026-07-11,Social,Tablet,84,65,206,0.595,100.7,1
2026-07-11,Direct,Desktop,301,266,1088,0.508,51.2,6
2026-07-11,Direct,Mobile,390,333,1249,0.392,165.3,8
2026-07-11,Direct,Tablet,62,46,248,0.421,176.9,1
2026-07-11,Email,Desktop,120,108,388,0.531,200.2,2
2026-07-11,Email,Mobile,155,137,440,0.638,76.8,3
2026-07-11,Email,Tablet,27,21,76,0.487,199.3,0
2026-07-11,Referral,Desktop,116,107,416,0.482,189.3,2
2026-07-11,Referral,Mobile,108,89,357,0.637,166.7,2
2026-07-11,Referral,Tablet,21,16,64,0.675,61.6,0
2026-07-12,Organic Search,Desktop,986,922,3762,0.672,104.9,16
2026-07-12,Organic Search,Mobile,1133,1057,3421,0.337,90.5,32
2026-07-12,Organic Search,Tablet,175,137,533,0.57,59.9,4
2026-07-12,Paid Search,Desktop,336,254,1328,0.481,52.5,3
2026-07-12,Paid Search,Mobile,582,529,2084,0.321,180.3,14
2026-07-12,Paid Search,Tablet,82,67,291,0.487,172.8,1
2026-07-12,Social,Desktop,515,427,1358,0.615,224.1,11
2026-07-12,Social,Mobile,705,529,2509,0.623,94.1,16
2026-07-12,Social,Tablet,77,72,181,0.49,236.0,2
2026-07-12,Direct,Desktop,314,243,644,0.52,201.0,3
2026-07-12,Direct,Mobile,436,404,1387,0.313,227.3,3
2026-07-12,Direct,Tablet,51,39,216,0.386,157.0,0
2026-07-12,Email,Desktop,119,104,235,0.591,156.2,2
2026-07-12,Email,Mobile,179,145,485,0.38,129.0,3
2026-07-12,Email,Tablet,27,22,61,0.326,182.8,0
2026-07-12,Referral,Desktop,93,75,321,0.699,120.7,1
2026-07-12,Referral,Mobile,136,104,488,0.391,85.3,3
2026-07-12,Referral,Tablet,18,15,49,0.59,136.6,0
2026-07-13,Organic Search,Desktop,722,669,1442,0.532,216.7,16
2026-07-13,Organic Search,Mobile,1164,1015,3027,0.569,179.7,29
2026-07-13,Organic Search,Tablet,165,149,433,0.61,190.1,0
2026-07-13,Paid Search,Desktop,304,271,1194,0.494,140.2,1
2026-07-13,Paid Search,Mobile,408,349,1263,0.627,188.4,10
2026-07-13,Paid Search,Tablet,66,62,275,0.631,166.0,1
2026-07-13,Social,Desktop,401,319,1437,0.308,85.2,10
2026-07-13,Social,Mobile,498,462,1247,0.489,166.6,13
2026-07-13,Social,Tablet,103,87,230,0.674,162.9,1
2026-07-13,Direct,Desktop,284,240,1154,0.379,158.8,2
2026-07-13,Direct,Mobile,344,313,1036,0.552,61.3,4
2026-07-13,Direct,Tablet,53,42,209,0.379,231.6,0
2026-07-13,Email,Desktop,100,89,276,0.484,108.0,0
2026-07-13,Email,Mobile,163,141,637,0.329,203.1,2
2026-07-13,Email,Tablet,20,15,48,0.384,222.3,0
2026-07-13,Referral,Desktop,84,70,301,0.611,181.4,1
2026-07-13,Referral,Mobile,101,79,397,0.689,143.4,1
2026-07-13,Referral,Tablet,19,16,71,0.577,199.9,0
2026-07-14,Organic Search,Desktop,744,566,2586,0.355,236.1,13
2026-07-14,Organic Search,Mobile,1039,971,2951,0.584,72.1,13
2026-07-14,Organic Search,Tablet,162,133,511,0.688,102.2,2
2026-07-14,Paid Search,Desktop,316,259,1319,0.688,147.6,9
2026-07-14,Paid Search,Mobile,383,319,1263,0.643,233.9,5
2026-07-14,Paid Search,Tablet,72,57,160,0.615,170.7,0
2026-07-14,Social,Desktop,256,218,1119,0.483,56.1,6
2026-07-14,Social,Mobile,425,344,1697,0.648,67.5,6
2026-07-14,Social,Tablet,73,56,140,0.681,162.5,1
2026-07-14,Direct,Desktop,304,243,1036,0.69,107.4,8
2026-07-14,Direct,Mobile,334,250,731,0.648,83.0,4
2026-07-14,Direct,Tablet,53,43,119,0.585,69.5,1
2026-07-14,Email,Desktop,107,85,269,0.62,59.3,2
2026-07-14,Email,Mobile,156,118,307,0.385,114.8,3
2026-07-14,Email,Tablet,23,20,92,0.551,62.4,0
2026-07-14,Referral,Desktop,97,82,399,0.532,204.6,1
2026-07-14,Referral,Mobile,132,121,571,0.684,166.0,1
2026-07-14,Referral,Tablet,20,16,62,0.342,48.5,0
2026-07-15,Organic Search,Desktop,732,601,2557,0.348,62.8,7
2026-07-15,Organic Search,Mobile,1291,1185,3718,0.558,171.7,28
2026-07-15,Organic Search,Tablet,174,152,549,0.523,161.7,5
2026-07-15,Paid Search,Desktop,361,271,947,0.636,64.2,7
2026-07-15,Paid Search,Mobile,380,308,1576,0.477,204.0,11
2026-07-15,Paid Search,Tablet,60,51,239,0.576,209.6,0
2026-07-15,Social,Desktop,403,316,1526,0.457,237.1,10
2026-07-15,Social,Mobile,483,398,970,0.603,61.7,12
2026-07-15,Social,Tablet,76,61,160,0.632,106.0,1
2026-07-15,Direct,Desktop,304,264,845,0.331,236.7,7
2026-07-15,Direct,Mobile,436,394,1042,0.436,213.1,8
2026-07-15,Direct,Tablet,60,51,180,0.414,95.1,0
2026-07-15,Email,Desktop,101,92,389,0.67,59.1,1
2026-07-15,Email,Mobile,122,105,225,0.594,67.2,3
2026-07-15,Email,Tablet,23,20,53,0.353,135.3,0
2026-07-15,Referral,Desktop,78,71,168,0.546,206.0,0
2026-07-15,Referral,Mobile,116,94,251,0.488,80.0,3
2026-07-15,Referral,Tablet,19,16,76,0.375,83.7,0
2026-07-16,Organic Search,Desktop,676,576,2850,0.34,47.0,17
2026-07-16,Organic Search,Mobile,1167,903,2987,0.586,189.7,13
2026-07-16,Organic Search,Tablet,187,166,381,0.458,105.8,4
2026-07-16,Paid Search,Desktop,290,263,1257,0.665,160.6,4
2026-07-16,Paid Search,Mobile,409,327,986,0.538,58.5,11
2026-07-16,Paid Search,Tablet,67,58,130,0.604,226.7,0
2026-07-16,Social,Desktop,496,463,1705,0.347,170.9,12
2026-07-16,Social,Mobile,518,470,1983,0.585,110.3,8
2026-07-16,Social,Tablet,77,64,295,0.574,178.6,1
2026-07-16,Direct,Desktop,240,192,1053,0.58,156.9,5
2026-07-16,Direct,Mobile,347,279,1387,0.589,78.7,3
2026-07-16,Direct,Tablet,55,45,111,0.568,239.3,0
2026-07-16,Email,Desktop,109,91,304,0.39,45.2,1
2026-07-16,Email,Mobile,152,119,556,0.614,225.2,3
2026-07-16,Email,Tablet,26,23,63,0.421,52.0,0
2026-07-16,Referral,Desktop,94,74,282,0.37,84.2,0
2026-07-16,Referral,Mobile,94,73,174,0.426,165.4,2
2026-07-16,Referral,Tablet,20,16,55,0.436,189.2,0
2026-07-17,Organic Search,Desktop,688,617,2672,0.534,146.2,9
2026-07-17,Organic Search,Mobile,1071,1009,3351,0.596,155.9,10
2026-07-17,Organic Search,Tablet,164,135,661,0.512,119.7,1
2026-07-17,Paid Search,Desktop,349,303,1243,0.686,124.1,9
2026-07-17,Paid Search,Mobile,490,461,2116,0.394,187.5,2
2026-07-17,Paid Search,Tablet,60,51,206,0.646,59.2,0
2026-07-17,Social,Desktop,438,362,870,0.378,112.8,2
2026-07-17,Social,Mobile,531,405,1898,0.36,61.1,12
2026-07-17,Social,Tablet,90,69,168,0.552,77.0,2
2026-07-17,Direct,Desktop,296,237,1072,0.65,220.8,7
2026-07-17,Direct,Mobile,325,256,952,0.335,99.5,3
2026-07-17,Direct,Tablet,48,45,215,0.302,135.0,1
2026-07-17,Email,Desktop,118,102,522,0.558,208.7,2
2026-07-17,Email,Mobile,155,134,553,0.375,206.3,1
2026-07-17,Email,Tablet,18,14,70,0.52,87.8,0
2026-07-17,Referral,Desktop,82,68,199,0.525,119.5,0
2026-07-17,Referral,Mobile,120,90,274,0.486,130.8,1
2026-07-17,Referral,Tablet,21,19,45,0.373,167.7,0
2026-07-18,Organic Search,Desktop,767,719,1879,0.364,46.1,4
2026-07-18,Organic Search,Mobile,1314,1064,2746,0.422,106.0,18
2026-07-18,Organic Search,Tablet,209,165,479,0.659,215.7,2
2026-07-18,Paid Search,Desktop,304,285,1088,0.665,124.9,3
2026-07-18,Paid Search,Mobile,364,281,705,0.302,97.1,4
2026-07-18,Paid Search,Tablet,69,53,194,0.652,207.9,1
2026-07-18,Social,Desktop,423,386,1338,0.484,199.4,6
2026-07-18,Social,Mobile,562,469,1689,0.604,171.2,11
2026-07-18,Social,Tablet,73,67,193,0.304,133.0,0
2026-07-18,Direct,Desktop,300,264,753,0.455,238.5,8
2026-07-18,Direct,Mobile,323,305,754,0.403,145.8,8
2026-07-18,Direct,Tablet,60,53,140,0.423,217.2,1
2026-07-18,Email,Desktop,144,109,598,0.671,177.5,1
2026-07-18,Email,Mobile,195,160,534,0.457,67.7,2
2026-07-18,Email,Tablet,25,21,103,0.554,167.5,0
2026-07-18,Referral,Desktop,100,88,394,0.464,88.9,1
2026-07-18,Referral,Mobile,123,100,481,0.676,190.0,1
2026-07-18,Referral,Tablet,24,19,76,0.685,124.6,0
2026-07-19,Organic Search,Desktop,969,847,4323,0.67,190.6,13
2026-07-19,Organic Search,Mobile,1166,1011,4678,0.585,48.0,34
2026-07-19,Organic Search,Tablet,194,163,785,0.564,56.1,2
2026-07-19,Paid Search,Desktop,402,346,1600,0.309,157.3,8
2026-07-19,Paid Search,Mobile,459,353,1095,0.567,182.3,12
2026-07-19,Paid Search,Tablet,71,66,142,0.639,208.4,1
2026-07-19,Social,Desktop,393,362,1248,0.402,222.7,9
2026-07-19,Social,Mobile,587,486,1816,0.581,226.9,10
2026-07-19,Social,Tablet,76,61,303,0.331,69.0,1
2026-07-19,Direct,Desktop,274,249,988,0.656,142.4,5
2026-07-19,Direct,Mobile,436,371,984,0.591,157.6,8
2026-07-19,Direct,Tablet,56,48,124,0.677,140.7,1
2026-07-19,Email,Desktop,120,109,471,0.586,153.9,1
2026-07-19,Email,Mobile,199,160,630,0.332,75.4,2
2026-07-19,Email,Tablet,27,21,77,0.412,195.0,0
2026-07-19,Referral,Desktop,80,61,200,0.514,103.0,1
2026-07-19,Referral,Mobile,126,100,550,0.489,156.4,1
2026-07-19,Referral,Tablet,26,21,102,0.337,76.6,0
2026-07-20,Organic Search,Desktop,963,742,2024,0.693,158.9,8
2026-07-20,Organic Search,Mobile,1208,985,4844,0.611,150.4,18
2026-07-20,Organic Search,Tablet,143,133,637,0.494,65.3,4
2026-07-20,Paid Search,Desktop,317,243,807,0.384,128.2,2
2026-07-20,Paid Search,Mobile,464,416,1212,0.642,152.8,10
2026-07-20,Paid Search,Tablet,49,36,217,0.656,194.8,1
2026-07-20,Social,Desktop,383,323,930,0.546,87.6,7
2026-07-20,Social,Mobile,569,461,1161,0.409,215.3,2
2026-07-20,Social,Tablet,74,63,299,0.563,111.3,1
2026-07-20,Direct,Desktop,266,203,876,0.589,153.2,4
2026-07-20,Direct,Mobile,367,276,868,0.591,177.5,9
2026-07-20,Direct,Tablet,49,37,212,0.386,155.2,0
2026-07-20,Email,Desktop,120,101,296,0.351,57.5,1
2026-07-20,Email,Mobile,182,166,624,0.493,219.6,4
2026-07-20,Email,Tablet,21,19,39,0.675,134.5,0
2026-07-20,Referral,Desktop,83,73,177,0.325,228.3,0
2026-07-20,Referral,Mobile,118,93,274,0.687,227.7,2
2026-07-20,Referral,Tablet,18,15,77,0.691,82.1,0
2026-07-21,Organic Search,Desktop,834,734,3473,0.329,168.9,15
2026-07-21,Organic Search,Mobile,1314,1064,2896,0.557,191.8,23
2026-07-21,Organic Search,Tablet,156,137,303,0.681,104.4,1
2026-07-21,Paid Search,Desktop,336,276,1176,0.555,72.0,4
2026-07-21,Paid Search,Mobile,410,362,1462,0.692,158.2,5
2026-07-21,Paid Search,Tablet,39,29,98,0.53,92.8,1
2026-07-21,Social,Desktop,438,403,1787,0.394,237.3,12
2026-07-21,Social,Mobile,590,467,1149,0.69,157.6,7
2026-07-21,Social,Tablet,88,80,339,0.445,79.4,2
2026-07-21,Direct,Desktop,267,231,936,0.699,173.7,7
2026-07-21,Direct,Mobile,388,362,1617,0.441,174.2,10
2026-07-21,Direct,Tablet,44,36,149,0.402,186.4,1
2026-07-21,Email,Desktop,108,94,366,0.684,56.3,2
2026-07-21,Email,Mobile,166,146,391,0.33,234.1,1
2026-07-21,Email,Tablet,22,20,93,0.51,99.7,0
2026-07-21,Referral,Desktop,85,68,230,0.563,107.1,1
2026-07-21,Referral,Mobile,108,93,275,0.58,48.8,3
2026-07-21,Referral,Tablet,15,11,42,0.649,59.3,0
2026-07-22,Organic Search,Desktop,863,671,1590,0.301,148.4,10
2026-07-22,Organic Search,Mobile,884,783,1623,0.49,208.5,9
2026-07-22,Organic Search,Tablet,201,178,645,0.601,183.0,5
2026-07-22,Paid Search,Desktop,327,280,1201,0.512,237.2,9
2026-07-22,Paid Search,Mobile,383,354,1568,0.594,198.2,2
2026-07-22,Paid Search,Tablet,46,38,137,0.685,189.8,0
2026-07-22,Social,Desktop,396,329,994,0.447,155.3,11
2026-07-22,Social,Mobile,610,555,2477,0.371,99.3,3
2026-07-22,Social,Tablet,63,51,173,0.516,52.4,1
2026-07-22,Direct,Desktop,240,225,510,0.699,141.3,1
2026-07-22,Direct,Mobile,378,334,1141,0.485,118.7,6
2026-07-22,Direct,Tablet,50,44,110,0.488,77.4,0
2026-07-22,Email,Desktop,125,109,262,0.366,59.8,2
2026-07-22,Email,Mobile,134,116,424,0.39,49.2,3
2026-07-22,Email,Tablet,24,20,60,0.625,120.4,0
2026-07-22,Referral,Desktop,87,67,171,0.489,81.6,2
2026-07-22,Referral,Mobile,114,97,498,0.587,107.7,1
2026-07-22,Referral,Tablet,18,15,75,0.303,198.5,0
2026-07-23,Organic Search,Desktop,663,515,1297,0.552,99.5,11
2026-07-23,Organic Search,Mobile,1007,928,3880,0.564,197.1,12
2026-07-23,Organic Search,Tablet,156,128,419,0.52,174.2,2
2026-07-23,Paid Search,Desktop,265,228,584,0.517,94.4,4
2026-07-23,Paid Search,Mobile,389,342,893,0.459,137.7,10
2026-07-23,Paid Search,Tablet,68,56,211,0.479,111.2,1
2026-07-23,Social,Desktop,394,368,1036,0.371,48.4,8
2026-07-23,Social,Mobile,499,466,1336,0.478,173.6,14
2026-07-23,Social,Tablet,92,84,264,0.424,49.9,1
2026-07-23,Direct,Desktop,359,279,922,0.435,217.6,10
2026-07-23,Direct,Mobile,410,366,1178,0.445,167.2,5
2026-07-23,Direct,Tablet,41,32,108,0.364,119.7,0
2026-07-23,Email,Desktop,89,82,268,0.302,99.6,1
2026-07-23,Email,Mobile,133,100,254,0.511,212.6,1
2026-07-23,Email,Tablet,22,20,82,0.468,110.9,0
2026-07-23,Referral,Desktop,87,75,258,0.42,176.5,2
2026-07-23,Referral,Mobile,112,105,241,0.368,139.1,1
2026-07-23,Referral,Tablet,15,13,47,0.335,115.4,0
2026-07-24,Organic Search,Desktop,746,592,2843,0.433,90.9,10
2026-07-24,Organic Search,Mobile,989,794,2770,0.67,170.0,10
2026-07-24,Organic Search,Tablet,172,147,379,0.563,225.7,1
2026-07-24,Paid Search,Desktop,331,285,611,0.7,115.3,9
2026-07-24,Paid Search,Mobile,429,378,1665,0.338,78.4,4
2026-07-24,Paid Search,Tablet,75,62,135,0.539,210.2,0
2026-07-24,Social,Desktop,390,302,1484,0.349,225.5,3
2026-07-24,Social,Mobile,541,448,1479,0.461,167.0,13
2026-07-24,Social,Tablet,91,80,305,0.582,69.1,2
2026-07-24,Direct,Desktop,199,150,799,0.3,77.9,4
2026-07-24,Direct,Mobile,327,303,896,0.595,206.4,7
2026-07-24,Direct,Tablet,49,40,154,0.317,179.2,1
2026-07-24,Email,Desktop,106,92,422,0.49,192.8,2
2026-07-24,Email,Mobile,132,105,318,0.583,145.0,1
2026-07-24,Email,Tablet,28,21,71,0.638,159.6,0
2026-07-24,Referral,Desktop,88,74,265,0.423,187.2,2
2026-07-24,Referral,Mobile,120,100,403,0.682,71.2,2
2026-07-24,Referral,Tablet,15,12,50,0.648,181.8,0
2026-07-25,Organic Search,Desktop,783,627,1664,0.469,109.0,9
2026-07-25,Organic Search,Mobile,1049,810,4217,0.368,48.2,23
2026-07-25,Organic Search,Tablet,196,169,802,0.649,153.0,2
2026-07-25,Paid Search,Desktop,341,307,967,0.59,70.0,9
2026-07-25,Paid Search,Mobile,437,410,847,0.34,134.8,9
2026-07-25,Paid Search,Tablet,71,56,178,0.505,113.3,1
2026-07-25,Social,Desktop,393,359,1128,0.605,63.5,5
2026-07-25,Social,Mobile,601,560,2270,0.314,156.1,5
2026-07-25,Social,Tablet,77,66,311,0.636,127.4,1
2026-07-25,Direct,Desktop,226,197,665,0.535,86.9,5
2026-07-25,Direct,Mobile,407,310,1080,0.394,199.2,2
2026-07-25,Direct,Tablet,61,48,114,0.471,89.6,1
2026-07-25,Email,Desktop,127,113,340,0.683,174.5,2
2026-07-25,Email,Mobile,130,100,358,0.458,172.7,0
2026-07-25,Email,Tablet,27,23,64,0.437,227.1,0
2026-07-25,Referral,Desktop,103,88,312,0.454,118.9,1
2026-07-25,Referral,Mobile,121,99,229,0.461,125.1,2
2026-07-25,Referral,Tablet,19,15,73,0.396,219.6,0
2026-07-26,Organic Search,Desktop,901,760,3091,0.695,159.3,12
2026-07-26,Organic Search,Mobile,1117,975,2259,0.63,59.6,10
2026-07-26,Organic Search,Tablet,146,132,636,0.637,188.5,0
2026-07-26,Paid Search,Desktop,277,228,1232,0.394,158.0,6
2026-07-26,Paid Search,Mobile,391,313,998,0.633,181.9,11
2026-07-26,Paid Search,Tablet,62,50,276,0.578,168.7,0
2026-07-26,Social,Desktop,433,355,1369,0.498,47.1,10
2026-07-26,Social,Mobile,602,495,1307,0.401,75.1,14
2026-07-26,Social,Tablet,75,68,273,0.588,70.2,1
2026-07-26,Direct,Desktop,323,305,1376,0.337,151.5,7
2026-07-26,Direct,Mobile,383,354,1461,0.443,129.0,3
2026-07-26,Direct,Tablet,55,47,132,0.676,181.6,1
2026-07-26,Email,Desktop,115,93,438,0.643,57.7,2
2026-07-26,Email,Mobile,159,149,349,0.374,152.5,2
2026-07-26,Email,Tablet,27,22,93,0.699,118.2,0
2026-07-26,Referral,Desktop,107,82,460,0.626,71.5,2
2026-07-26,Referral,Mobile,133,101,576,0.607,79.0,2
2026-07-26,Referral,Tablet,18,14,73,0.614,172.1,0
2026-07-27,Organic Search,Desktop,875,737,3638,0.371,208.3,12
2026-07-27,Organic Search,Mobile,1092,892,3824,0.389,70.2,9
2026-07-27,Organic Search,Tablet,164,151,583,0.594,159.6,4
2026-07-27,Paid Search,Desktop,253,216,976,0.664,150.9,6
2026-07-27,Paid Search,Mobile,409,364,1408,0.679,155.2,7
2026-07-27,Paid Search,Tablet,68,60,159,0.644,74.2,0
2026-07-27,Social,Desktop,464,438,2086,0.62,134.1,11
2026-07-27,Social,Mobile,478,414,1633,0.614,212.0,13
2026-07-27,Social,Tablet,76,70,340,0.373,135.2,0
2026-07-27,Direct,Desktop,264,231,1086,0.428,162.5,3
2026-07-27,Direct,Mobile,414,312,1432,0.559,154.3,3
2026-07-27,Direct,Tablet,55,44,134,0.533,198.5,1
2026-07-27,Email,Desktop,123,112,327,0.511,84.2,0
2026-07-27,Email,Mobile,167,155,415,0.489,116.6,1
2026-07-27,Email,Tablet,24,22,74,0.641,116.3,0
2026-07-27,Referral,Desktop,113,102,343,0.669,99.4,2
2026-07-27,Referral,Mobile,109,87,310,0.423,213.5,2
2026-07-27,Referral,Tablet,18,17,69,0.507,45.3,0
2026-07-28,Organic Search,Desktop,757,709,3082,0.346,84.8,4
2026-07-28,Organic Search,Mobile,921,796,3067,0.327,105.2,8
2026-07-28,Organic Search,Tablet,153,126,282,0.325,186.5,3
2026-07-28,Paid Search,Desktop,316,265,1349,0.655,220.3,7
2026-07-28,Paid Search,Mobile,494,458,1739,0.377,56.2,10
2026-07-28,Paid Search,Tablet,56,53,240,0.351,129.0,1
2026-07-28,Social,Desktop,516,472,1301,0.44,127.3,9
2026-07-28,Social,Mobile,625,523,1216,0.44,229.2,12
2026-07-28,Social,Tablet,76,60,315,0.47,201.3,0
2026-07-28,Direct,Desktop,281,236,1117,0.365,219.1,2
2026-07-28,Direct,Mobile,409,361,1737,0.687,202.4,8
2026-07-28,Direct,Tablet,56,49,173,0.484,141.3,1
2026-07-28,Email,Desktop,90,73,342,0.614,67.0,1
2026-07-28,Email,Mobile,112,94,431,0.466,222.4,2
2026-07-28,Email,Tablet,24,21,88,0.486,57.8,0
2026-07-28,Referral,Desktop,96,89,173,0.324,211.3,2
2026-07-28,Referral,Mobile,134,125,322,0.665,164.6,3
2026-07-28,Referral,Tablet,19,14,69,0.576,61.9,0
2026-07-29,Organic Search,Desktop,868,720,2587,0.447,180.7,22
2026-07-29,Organic Search,Mobile,1104,869,4861,0.694,191.2,28
2026-07-29,Organic Search,Tablet,163,153,699,0.483,83.2,2
2026-07-29,Paid Search,Desktop,370,320,764,0.32,192.6,9
2026-07-29,Paid Search,Mobile,458,365,1438,0.468,68.7,7
2026-07-29,Paid Search,Tablet,57,49,206,0.657,188.1,0
2026-07-29,Social,Desktop,509,438,1109,0.698,57.6,2
2026-07-29,Social,Mobile,693,623,2412,0.39,157.8,13
2026-07-29,Social,Tablet,99,91,375,0.61,58.0,2
2026-07-29,Direct,Desktop,320,244,914,0.41,136.6,7
2026-07-29,Direct,Mobile,325,296,1374,0.685,170.9,2
2026-07-29,Direct,Tablet,55,44,189,0.685,225.3,1
2026-07-29,Email,Desktop,95,75,290,0.517,94.8,1
2026-07-29,Email,Mobile,143,123,522,0.457,205.4,3
2026-07-29,Email,Tablet,16,12,42,0.694,160.2,0
2026-07-29,Referral,Desktop,89,78,261,0.56,65.5,1
2026-07-29,Referral,Mobile,103,95,347,0.501,67.8,0
2026-07-29,Referral,Tablet,16,13,37,0.352,61.3,0
2026-07-30,Organic Search,Desktop,905,859,3737,0.436,217.0,15
2026-07-30,Organic Search,Mobile,1087,847,4281,0.505,228.0,31
2026-07-30,Organic Search,Tablet,213,161,918,0.355,233.4,5
2026-07-30,Paid Search,Desktop,327,295,797,0.529,230.9,6
2026-07-30,Paid Search,Mobile,444,402,1919,0.315,134.7,2
2026-07-30,Paid Search,Tablet,49,45,164,0.539,194.2,1
2026-07-30,Social,Desktop,409,345,1817,0.511,109.7,4
2026-07-30,Social,Mobile,700,663,1495,0.528,220.9,12
2026-07-30,Social,Tablet,74,68,145,0.645,235.9,1
2026-07-30,Direct,Desktop,263,216,688,0.324,220.6,7
2026-07-30,Direct,Mobile,417,369,786,0.455,143.3,6
2026-07-30,Direct,Tablet,50,45,104,0.426,182.9,0
2026-07-30,Email,Desktop,112,90,286,0.466,96.0,1
2026-07-30,Email,Mobile,121,100,439,0.436,205.2,2
2026-07-30,Email,Tablet,21,16,79,0.403,120.5,0
2026-07-30,Referral,Desktop,76,67,192,0.564,135.5,1
2026-07-30,Referral,Mobile,134,124,594,0.682,61.1,2
2026-07-30,Referral,Tablet,16,15,44,0.669,81.8,0
2026-07-31,Organic Search,Desktop,834,751,2994,0.668,221.3,13
2026-07-31,Organic Search,Mobile,1148,1047,2475,0.641,130.3,32
2026-07-31,Organic Search,Tablet,176,157,531,0.341,226.4,3
2026-07-31,Paid Search,Desktop,320,292,802,0.647,137.7,7
2026-07-31,Paid Search,Mobile,273,239,1143,0.441,217.1,6
2026-07-31,Paid Search,Tablet,49,40,116,0.645,112.8,0
2026-07-31,Social,Desktop,456,393,1496,0.49,146.7,12
2026-07-31,Social,Mobile,461,420,1602,0.464,128.9,6
2026-07-31,Social,Tablet,83,72,221,0.324,140.4,1
2026-07-31,Direct,Desktop,344,274,719,0.68,117.7,8
2026-07-31,Direct,Mobile,402,333,1272,0.687,167.8,9
2026-07-31,Direct,Tablet,63,57,188,0.37,114.5,1
2026-07-31,Email,Desktop,75,61,307,0.629,130.0,1
2026-07-31,Email,Mobile,171,145,523,0.332,73.4,3
2026-07-31,Email,Tablet,14,10,33,0.54,167.2,0
2026-07-31,Referral,Desktop,103,89,435,0.471,224.5,1
2026-07-31,Referral,Mobile,109,101,280,0.533,152.2,0
2026-07-31,Referral,Tablet,17,13,42,0.615,174.6,0
2026-08-01,Organic Search,Desktop,792,632,2159,0.547,144.2,11
2026-08-01,Organic Search,Mobile,1326,1225,3893,0.384,69.0,36
2026-08-01,Organic Search,Tablet,183,169,610,0.524,163.7,2
2026-08-01,Paid Search,Desktop,413,328,1490,0.339,58.5,2
2026-08-01,Paid Search,Mobile,456,431,1576,0.388,97.0,3
2026-08-01,Paid Search,Tablet,74,61,216,0.56,95.8,1
2026-08-01,Social,Desktop,520,487,1294,0.617,170.6,13
2026-08-01,Social,Mobile,670,550,2195,0.453,83.6,9
2026-08-01,Social,Tablet,104,84,254,0.418,202.6,1
2026-08-01,Direct,Desktop,319,295,1082,0.413,188.1,5
2026-08-01,Direct,Mobile,432,410,1345,0.569,85.6,11
2026-08-01,Direct,Tablet,60,47,147,0.511,215.5,1
2026-08-01,Email,Desktop,116,87,410,0.46,189.5,3
2026-08-01,Email,Mobile,211,177,834,0.683,102.7,4
2026-08-01,Email,Tablet,29,23,86,0.382,165.6,0
2026-08-01,Referral,Desktop,92,73,304,0.542,173.6,1
2026-08-01,Referral,Mobile,140,117,338,0.399,148.6,3
2026-08-01,Referral,Tablet,18,16,69,0.556,95.3,0
2026-08-02,Organic Search,Desktop,962,885,4185,0.53,160.6,26
2026-08-02,Organic Search,Mobile,1451,1263,4446,0.584,238.9,24
2026-08-02,Organic Search,Tablet,192,178,692,0.453,195.4,3
2026-08-02,Paid Search,Desktop,339,261,1438,0.382,232.3,9
2026-08-02,Paid Search,Mobile,503,381,1436,0.401,178.4,11
2026-08-02,Paid Search,Tablet,67,53,265,0.406,57.6,0
2026-08-02,Social,Desktop,391,333,889,0.624,166.1,8
2026-08-02,Social,Mobile,617,506,2527,0.609,66.9,10
2026-08-02,Social,Tablet,96,87,256,0.593,104.2,0
2026-08-02,Direct,Desktop,229,187,796,0.547,69.8,5
2026-08-02,Direct,Mobile,490,398,1585,0.444,104.5,6
2026-08-02,Direct,Tablet,60,51,165,0.346,238.2,1
2026-08-02,Email,Desktop,140,127,475,0.509,71.2,2
2026-08-02,Email,Mobile,185,174,471,0.589,145.6,1
2026-08-02,Email,Tablet,27,22,113,0.456,139.3,0
2026-08-02,Referral,Desktop,67,56,250,0.64,64.8,1
2026-08-02,Referral,Mobile,150,123,270,0.418,201.7,1
2026-08-02,Referral,Tablet,20,17,75,0.543,154.1,0
2026-08-03,Organic Search,Desktop,902,762,3673,0.596,58.6,9
2026-08-03,Organic Search,Mobile,1118,1061,2499,0.584,143.1,12
2026-08-03,Organic Search,Tablet,176,136,708,0.626,238.6,4
2026-08-03,Paid Search,Desktop,283,238,955,0.316,58.4,2
2026-08-03,Paid Search,Mobile,430,380,1349,0.378,202.2,4
2026-08-03,Paid Search,Tablet,63,56,131,0.451,106.5,0
2026-08-03,Social,Desktop,457,433,1192,0.349,149.5,13
2026-08-03,Social,Mobile,577,446,1859,0.558,87.7,10
2026-08-03,Social,Tablet,91,72,272,0.536,59.4,2
2026-08-03,Direct,Desktop,243,208,466,0.584,55.1,4
2026-08-03,Direct,Mobile,381,311,1411,0.359,140.8,7
2026-08-03,Direct,Tablet,56,43,184,0.36,205.2,0
2026-08-03,Email,Desktop,125,103,336,0.391,121.1,2
2026-08-03,Email,Mobile,135,118,593,0.381,120.2,1
2026-08-03,Email,Tablet,23,18,92,0.331,155.0,0
2026-08-03,Referral,Desktop,94,72,307,0.5,154.9,1
2026-08-03,Referral,Mobile,141,117,580,0.601,168.7,1
2026-08-03,Referral,Tablet,18,15,35,0.581,55.2,0
2026-08-04,Organic Search,Desktop,821,756,3264,0.686,222.8,22
2026-08-04,Organic Search,Mobile,1027,883,4548,0.572,145.7,25
2026-08-04,Organic Search,Tablet,178,135,788,0.382,80.4,3
2026-08-04,Paid Search,Desktop,280,265,947,0.483,63.2,7
2026-08-04,Paid Search,Mobile,479,431,1872,0.413,105.2,2
2026-08-04,Paid Search,Tablet,61,55,245,0.494,197.7,1
2026-08-04,Social,Desktop,491,394,1713,0.489,112.2,11
2026-08-04,Social,Mobile,661,601,1337,0.569,143.7,5
2026-08-04,Social,Tablet,82,74,257,0.536,168.0,0
2026-08-04,Direct,Desktop,324,286,1272,0.314,50.3,9
2026-08-04,Direct,Mobile,323,279,1172,0.463,185.0,7
2026-08-04,Direct,Tablet,47,41,174,0.543,95.4,0
2026-08-04,Email,Desktop,143,116,593,0.53,158.2,0
2026-08-04,Email,Mobile,172,132,458,0.452,121.6,4
2026-08-04,Email,Tablet,23,19,67,0.649,187.8,0
2026-08-04,Referral,Desktop,98,79,375,0.65,153.1,1
2026-08-04,Referral,Mobile,109,91,346,0.449,172.4,2
2026-08-04,Referral,Tablet,20,17,56,0.485,146.1,0
2026-08-05,Organic Search,Desktop,851,748,3742,0.577,176.8,22
2026-08-05,Organic Search,Mobile,1090,1009,3010,0.608,182.6,10
2026-08-05,Organic Search,Tablet,186,160,758,0.422,196.9,2
2026-08-05,Paid Search,Desktop,324,272,1288,0.571,109.7,8
2026-08-05,Paid Search,Mobile,370,319,975,0.423,102.0,7
2026-08-05,Paid Search,Tablet,64,49,184,0.695,210.5,1
2026-08-05,Social,Desktop,452,343,930,0.552,67.5,10
2026-08-05,Social,Mobile,533,469,2139,0.489,207.1,10
2026-08-05,Social,Tablet,76,65,215,0.46,121.2,1
2026-08-05,Direct,Desktop,338,271,775,0.426,71.6,4
2026-08-05,Direct,Mobile,364,279,1469,0.661,121.2,3
2026-08-05,Direct,Tablet,56,46,140,0.381,115.6,0
2026-08-05,Email,Desktop,103,84,421,0.648,198.6,2
2026-08-05,Email,Mobile,173,163,590,0.598,205.5,1
2026-08-05,Email,Tablet,23,21,69,0.389,47.1,0
2026-08-05,Referral,Desktop,58,50,193,0.594,144.0,1
2026-08-05,Referral,Mobile,100,81,258,0.415,194.2,2
2026-08-05,Referral,Tablet,16,12,33,0.692,227.1,0
2026-08-06,Organic Search,Desktop,848,731,2384,0.432,171.9,4
2026-08-06,Organic Search,Mobile,943,870,2386,0.628,162.4,12
2026-08-06,Organic Search,Tablet,160,124,718,0.531,188.6,3
2026-08-06,Paid Search,Desktop,340,264,1149,0.333,188.4,9
2026-08-06,Paid Search,Mobile,492,401,1460,0.422,170.3,14
2026-08-06,Paid Search,Tablet,80,74,306,0.42,169.3,1
2026-08-06,Social,Desktop,515,465,1273,0.371,160.2,13
2026-08-06,Social,Mobile,575,439,2050,0.455,148.3,9
2026-08-06,Social,Tablet,93,82,260,0.601,159.0,1
2026-08-06,Direct,Desktop,329,255,1475,0.546,223.1,8
2026-08-06,Direct,Mobile,251,224,749,0.493,129.3,2
2026-08-06,Direct,Tablet,65,60,191,0.515,144.0,1
2026-08-06,Email,Desktop,142,130,438,0.329,93.2,1
2026-08-06,Email,Mobile,173,163,389,0.697,77.1,1
2026-08-06,Email,Tablet,21,18,66,0.426,88.9,0
2026-08-06,Referral,Desktop,101,87,246,0.582,215.4,0
2026-08-06,Referral,Mobile,157,148,479,0.408,231.6,3
2026-08-06,Referral,Tablet,17,13,46,0.471,144.8,0
2026-08-07,Organic Search,Desktop,829,639,3269,0.429,91.8,7
2026-08-07,Organic Search,Mobile,1203,1123,4871,0.573,178.0,8
2026-08-07,Organic Search,Tablet,178,133,595,0.599,172.0,4
2026-08-07,Paid Search,Desktop,347,293,656,0.425,198.0,6
2026-08-07,Paid Search,Mobile,407,340,898,0.69,128.5,11
2026-08-07,Paid Search,Tablet,53,43,237,0.364,110.9,0
2026-08-07,Social,Desktop,451,402,1446,0.466,56.2,7
2026-08-07,Social,Mobile,595,561,1945,0.456,221.5,10
2026-08-07,Social,Tablet,78,68,190,0.688,181.3,1
2026-08-07,Direct,Desktop,318,274,992,0.65,108.3,7
2026-08-07,Direct,Mobile,398,328,960,0.33,59.5,5
2026-08-07,Direct,Tablet,67,53,169,0.382,174.3,0
2026-08-07,Email,Desktop,125,113,451,0.619,72.2,3
2026-08-07,Email,Mobile,124,96,464,0.443,158.1,1
2026-08-07,Email,Tablet,29,23,107,0.538,110.7,0
2026-08-07,Referral,Desktop,103,83,186,0.356,79.4,2
2026-08-07,Referral,Mobile,105,90,207,0.358,214.8,1
2026-08-07,Referral,Tablet,18,14,51,0.6,89.0,0
2026-08-08,Organic Search,Desktop,906,763,1664,0.531,216.6,13
2026-08-08,Organic Search,Mobile,1114,967,2634,0.419,94.6,19
2026-08-08,Organic Search,Tablet,209,181,728,0.523,138.8,6
2026-08-08,Paid Search,Desktop,388,303,832,0.585,190.2,5
2026-08-08,Paid Search,Mobile,432,356,1808,0.382,115.4,4
2026-08-08,Paid Search,Tablet,78,62,310,0.69,171.1,2
2026-08-08,Social,Desktop,426,352,1167,0.45,174.2,10
2026-08-08,Social,Mobile,577,496,1743,0.557,239.0,11
2026-08-08,Social,Tablet,102,79,196,0.661,52.0,1
2026-08-08,Direct,Desktop,315,288,786,0.597,207.6,3
2026-08-08,Direct,Mobile,389,357,870,0.464,145.3,7
2026-08-08,Direct,Tablet,55,47,144,0.326,210.8,0
2026-08-08,Email,Desktop,146,124,647,0.338,218.7,1
2026-08-08,Email,Mobile,200,158,562,0.575,161.3,5
2026-08-08,Email,Tablet,25,23,75,0.678,193.2,0
2026-08-08,Referral,Desktop,122,93,470,0.445,237.7,2
2026-08-08,Referral,Mobile,136,105,291,0.531,172.9,3
2026-08-08,Referral,Tablet,24,22,62,0.435,47.1,0
2026-08-09,Organic Search,Desktop,914,740,2259,0.38,161.3,9
2026-08-09,Organic Search,Mobile,1261,1105,3972,0.439,93.2,8
2026-08-09,Organic Search,Tablet,207,159,598,0.463,92.9,1
2026-08-09,Paid Search,Desktop,391,296,1558,0.668,106.0,3
2026-08-09,Paid Search,Mobile,517,464,1878,0.325,57.5,12
2026-08-09,Paid Search,Tablet,75,62,314,0.663,47.1,0
2026-08-09,Social,Desktop,484,422,2161,0.351,188.8,7
2026-08-09,Social,Mobile,594,550,2502,0.381,71.7,8
2026-08-09,Social,Tablet,102,93,364,0.387,178.7,1
2026-08-09,Direct,Desktop,332,255,1079,0.541,185.8,6
2026-08-09,Direct,Mobile,379,309,956,0.54,95.3,7
2026-08-09,Direct,Tablet,66,60,125,0.563,193.5,0
2026-08-09,Email,Desktop,123,111,362,0.551,205.0,1
2026-08-09,Email,Mobile,185,146,725,0.329,50.3,3
2026-08-09,Email,Tablet,27,22,95,0.619,132.9,0
2026-08-09,Referral,Desktop,90,78,165,0.659,139.7,2
2026-08-09,Referral,Mobile,134,101,266,0.657,179.6,3
2026-08-09,Referral,Tablet,21,17,51,0.446,201.3,0
2026-08-10,Organic Search,Desktop,750,601,2416,0.395,139.9,6
2026-08-10,Organic Search,Mobile,1215,1143,3998,0.407,224.7,22
2026-08-10,Organic Search,Tablet,189,177,368,0.399,107.2,3
2026-08-10,Paid Search,Desktop,353,290,1512,0.319,172.2,9
2026-08-10,Paid Search,Mobile,522,397,1958,0.591,184.6,12
2026-08-10,Paid Search,Tablet,69,55,235,0.311,178.8,1
2026-08-10,Social,Desktop,468,364,1761,0.492,186.5,10
2026-08-10,Social,Mobile,610,544,1726,0.39,70.4,9
2026-08-10,Social,Tablet,86,77,275,0.651,68.6,1
2026-08-10,Direct,Desktop,280,237,800,0.388,208.0,5
2026-08-10,Direct,Mobile,339,259,1403,0.306,121.6,5
2026-08-10,Direct,Tablet,52,49,166,0.578,95.8,0
2026-08-10,Email,Desktop,124,116,489,0.336,186.2,1
2026-08-10,Email,Mobile,167,135,590,0.374,52.1,4
2026-08-10,Email,Tablet,27,23,50,0.672,213.6,0
2026-08-10,Referral,Desktop,79,71,255,0.599,152.3,0
2026-08-10,Referral,Mobile,74,65,136,0.313,232.8,1
2026-08-10,Referral,Tablet,19,16,66,0.638,127.0,0
2026-08-11,Organic Search,Desktop,698,569,1708,0.467,148.5,14
2026-08-11,Organic Search,Mobile,1011,910,4121,0.552,47.8,28
2026-08-11,Organic Search,Tablet,167,158,433,0.506,103.3,3
2026-08-11,Paid Search,Desktop,192,170,382,0.504,198.0,5
2026-08-11,Paid Search,Mobile,449,349,1356,0.313,204.6,5
2026-08-11,Paid Search,Tablet,72,56,223,0.517,184.1,1
2026-08-11,Social,Desktop,491,411,2207,0.405,229.3,9
2026-08-11,Social,Mobile,560,487,2392,0.307,84.2,8
2026-08-11,Social,Tablet,85,71,182,0.593,222.3,2
2026-08-11,Direct,Desktop,273,231,743,0.525,54.5,2
2026-08-11,Direct,Mobile,331,274,1218,0.464,57.5,2
2026-08-11,Direct,Tablet,51,39,127,0.615,99.8,0
2026-08-11,Email,Desktop,115,86,442,0.606,50.7,1
2026-08-11,Email,Mobile,178,140,529,0.386,123.5,3
2026-08-11,Email,Tablet,23,18,75,0.65,171.4,0
2026-08-11,Referral,Desktop,96,85,350,0.557,134.0,2
2026-08-11,Referral,Mobile,121,99,277,0.555,55.6,2
2026-08-11,Referral,Tablet,23,18,97,0.651,209.4,0
2026-08-12,Organic Search,Desktop,845,757,2515,0.361,187.1,18
2026-08-12,Organic Search,Mobile,911,755,3713,0.432,138.0,16
2026-08-12,Organic Search,Tablet,195,173,844,0.324,194.8,2
2026-08-12,Paid Search,Desktop,286,262,594,0.592,212.4,8
2026-08-12,Paid Search,Mobile,345,300,681,0.519,50.7,2
2026-08-12,Paid Search,Tablet,70,57,272,0.494,141.0,0
2026-08-12,Social,Desktop,393,354,1107,0.578,151.7,6
2026-08-12,Social,Mobile,601,569,1882,0.511,89.7,3
2026-08-12,Social,Tablet,85,65,160,0.66,169.9,1
2026-08-12,Direct,Desktop,258,217,819,0.429,151.2,6
2026-08-12,Direct,Mobile,354,270,1060,0.41,208.6,8
2026-08-12,Direct,Tablet,68,63,244,0.366,132.0,0
2026-08-12,Email,Desktop,152,124,330,0.684,85.0,2
2026-08-12,Email,Mobile,142,118,424,0.694,103.6,2
2026-08-12,Email,Tablet,25,19,51,0.577,46.0,0
2026-08-12,Referral,Desktop,114,100,362,0.524,169.1,0
2026-08-12,Referral,Mobile,85,70,332,0.43,134.7,2
2026-08-12,Referral,Tablet,18,13,46,0.542,193.0,0
2026-08-13,Organic Search,Desktop,1090,835,3182,0.428,215.8,14
2026-08-13,Organic Search,Mobile,1124,1055,2228,0.336,163.4,27
2026-08-13,Organic Search,Tablet,202,183,426,0.586,113.0,4
2026-08-13,Paid Search,Desktop,335,267,1131,0.683,114.3,5
2026-08-13,Paid Search,Mobile,373,337,1289,0.309,201.8,11
2026-08-13,Paid Search,Tablet,63,47,139,0.393,148.8,1
2026-08-13,Social,Desktop,441,335,946,0.455,76.1,9
2026-08-13,Social,Mobile,633,484,1348,0.374,203.5,11
2026-08-13,Social,Tablet,96,77,302,0.332,80.5,1
2026-08-13,Direct,Desktop,237,208,768,0.384,163.8,4
2026-08-13,Direct,Mobile,380,306,766,0.4,201.3,8
2026-08-13,Direct,Tablet,57,48,221,0.443,85.1,0
2026-08-13,Email,Desktop,118,111,518,0.457,88.4,1
2026-08-13,Email,Mobile,205,192,507,0.634,61.1,2
2026-08-13,Email,Tablet,23,18,48,0.448,171.6,0
2026-08-13,Referral,Desktop,85,65,206,0.564,62.8,1
2026-08-13,Referral,Mobile,127,110,415,0.339,174.8,2
2026-08-13,Referral,Tablet,20,18,89,0.571,194.8,0
2026-08-14,Organic Search,Desktop,920,782,2695,0.399,179.8,24
2026-08-14,Organic Search,Mobile,1053,995,2350,0.643,171.1,25
2026-08-14,Organic Search,Tablet,158,132,346,0.615,178.9,1
2026-08-14,Paid Search,Desktop,328,283,1173,0.662,119.0,8
2026-08-14,Paid Search,Mobile,496,418,1052,0.335,163.8,3
2026-08-14,Paid Search,Tablet,44,38,177,0.599,57.5,0
2026-08-14,Social,Desktop,532,462,1096,0.332,237.7,9
2026-08-14,Social,Mobile,572,520,1662,0.363,75.4,9
2026-08-14,Social,Tablet,97,87,212,0.363,236.1,1
2026-08-14,Direct,Desktop,264,234,954,0.618,139.2,4
2026-08-14,Direct,Mobile,358,303,1121,0.366,46.4,3
2026-08-14,Direct,Tablet,53,47,180,0.683,103.4,0
2026-08-14,Email,Desktop,153,127,366,0.686,76.4,3
2026-08-14,Email,Mobile,174,164,360,0.414,104.5,1
2026-08-14,Email,Tablet,21,16,77,0.5,65.5,0
2026-08-14,Referral,Desktop,110,96,268,0.678,144.6,2
2026-08-14,Referral,Mobile,117,97,367,0.677,176.5,0
2026-08-14,Referral,Tablet,21,16,61,0.388,221.1,0
2026-08-15,Organic Search,Desktop,923,760,2797,0.324,122.6,23
2026-08-15,Organic Search,Mobile,1344,1251,5198,0.467,188.9,28
2026-08-15,Organic Search,Tablet,233,181,567,0.381,193.6,3
2026-08-15,Paid Search,Desktop,404,320,1198,0.429,122.9,9
2026-08-15,Paid Search,Mobile,436,387,1225,0.522,100.1,12
2026-08-15,Paid Search,Tablet,65,60,183,0.36,171.9,1
2026-08-15,Social,Desktop,343,266,1235,0.339,136.8,6
2026-08-15,Social,Mobile,595,497,2059,0.377,194.1,14
2026-08-15,Social,Tablet,90,74,303,0.524,209.8,0
2026-08-15,Direct,Desktop,267,200,948,0.344,183.7,4
2026-08-15,Direct,Mobile,468,368,1704,0.397,216.3,9
2026-08-15,Direct,Tablet,66,57,274,0.567,113.0,0
2026-08-15,Email,Desktop,110,104,233,0.34,232.9,2
2026-08-15,Email,Mobile,182,158,437,0.559,189.6,5
2026-08-15,Email,Tablet,25,19,79,0.695,114.3,0
2026-08-15,Referral,Desktop,113,97,458,0.651,93.0,1
2026-08-15,Referral,Mobile,127,106,459,0.302,211.5,2
2026-08-15,Referral,Tablet,23,17,59,0.403,49.1,0
2026-08-16,Organic Search,Desktop,934,765,3248,0.409,102.7,10
2026-08-16,Organic Search,Mobile,1398,1312,5899,0.665,118.3,12
2026-08-16,Organic Search,Tablet,173,130,519,0.559,81.3,5
2026-08-16,Paid Search,Desktop,333,299,717,0.62,81.0,6
2026-08-16,Paid Search,Mobile,437,351,1540,0.64,167.5,9
2026-08-16,Paid Search,Tablet,69,54,212,0.531,201.4,0
2026-08-16,Social,Desktop,404,366,1504,0.615,90.9,4
2026-08-16,Social,Mobile,766,600,2661,0.654,107.4,6
2026-08-16,Social,Tablet,84,76,372,0.58,226.7,1
2026-08-16,Direct,Desktop,298,245,807,0.419,52.9,7
2026-08-16,Direct,Mobile,374,327,1421,0.482,69.8,7
2026-08-16,Direct,Tablet,74,69,164,0.373,119.6,0
2026-08-16,Email,Desktop,139,110,384,0.359,151.9,1
2026-08-16,Email,Mobile,170,147,679,0.368,80.6,3
2026-08-16,Email,Tablet,23,20,55,0.496,73.0,0
2026-08-16,Referral,Desktop,100,82,413,0.37,203.1,1
2026-08-16,Referral,Mobile,132,115,583,0.336,223.6,2
2026-08-16,Referral,Tablet,22,19,72,0.366,161.7,0
2026-08-17,Organic Search,Desktop,1014,902,3280,0.535,191.0,7
2026-08-17,Organic Search,Mobile,1133,974,4090,0.428,75.5,6
2026-08-17,Organic Search,Tablet,164,139,558,0.549,49.7,2
2026-08-17,Paid Search,Desktop,389,326,1452,0.639,160.7,3
2026-08-17,Paid Search,Mobile,484,445,1109,0.476,135.1,4
2026-08-17,Paid Search,Tablet,70,55,295,0.369,186.2,1
2026-08-17,Social,Desktop,409,366,1048,0.319,151.9,7
2026-08-17,Social,Mobile,564,523,2450,0.443,199.1,14
2026-08-17,Social,Tablet,97,78,398,0.456,73.1,2
2026-08-17,Direct,Desktop,241,210,762,0.496,211.2,1
2026-08-17,Direct,Mobile,275,252,532,0.623,86.3,7
2026-08-17,Direct,Tablet,63,57,273,0.423,149.2,1
2026-08-17,Email,Desktop,108,89,395,0.487,154.5,2
2026-08-17,Email,Mobile,169,154,356,0.429,157.2,3
2026-08-17,Email,Tablet,30,27,108,0.571,171.3,0
2026-08-17,Referral,Desktop,103,92,268,0.414,177.6,0
2026-08-17,Referral,Mobile,113,105,494,0.439,157.2,3
2026-08-17,Referral,Tablet,17,14,62,0.355,187.7,0
2026-08-18,Organic Search,Desktop,803,726,2067,0.656,203.8,19
2026-08-18,Organic Search,Mobile,1267,1044,5103,0.494,125.5,32
2026-08-18,Organic Search,Tablet,181,164,378,0.356,151.3,4
2026-08-18,Paid Search,Desktop,343,281,1174,0.438,93.8,2
2026-08-18,Paid Search,Mobile,391,334,1011,0.55,227.4,5
2026-08-18,Paid Search,Tablet,74,65,293,0.587,212.7,1
2026-08-18,Social,Desktop,424,333,1078,0.565,212.6,5
2026-08-18,Social,Mobile,559,421,1339,0.495,173.7,13
2026-08-18,Social,Tablet,72,59,158,0.46,46.2,0
2026-08-18,Direct,Desktop,324,243,838,0.478,229.5,1
2026-08-18,Direct,Mobile,403,368,1810,0.498,183.1,5
2026-08-18,Direct,Tablet,64,54,155,0.625,116.3,0
2026-08-18,Email,Desktop,84,74,263,0.673,177.2,1
2026-08-18,Email,Mobile,161,136,593,0.676,112.8,2
2026-08-18,Email,Tablet,23,17,71,0.431,98.7,0
2026-08-18,Referral,Desktop,87,66,279,0.424,167.5,2
2026-08-18,Referral,Mobile,112,98,223,0.43,87.0,2
2026-08-18,Referral,Tablet,19,16,50,0.412,156.5,0
2026-08-19,Organic Search,Desktop,907,747,2579,0.356,127.9,16
2026-08-19,Organic Search,Mobile,1061,813,3234,0.48,83.5,27
2026-08-19,Organic Search,Tablet,174,144,694,0.365,68.4,1
2026-08-19,Paid Search,Desktop,273,228,1082,0.412,223.5,6
2026-08-19,Paid Search,Mobile,383,319,1176,0.456,98.4,10
2026-08-19,Paid Search,Tablet,74,56,166,0.548,172.1,2
2026-08-19,Social,Desktop,595,555,2483,0.686,84.7,5
2026-08-19,Social,Mobile,568,475,1766,0.478,229.1,12
2026-08-19,Social,Tablet,83,75,238,0.455,169.7,1
2026-08-19,Direct,Desktop,271,251,620,0.648,85.9,7
2026-08-19,Direct,Mobile,408,349,1231,0.313,173.1,11
2026-08-19,Direct,Tablet,51,41,107,0.374,217.1,1
2026-08-19,Email,Desktop,126,106,312,0.608,142.2,0
2026-08-19,Email,Mobile,157,143,644,0.474,226.2,3
2026-08-19,Email,Tablet,24,18,61,0.366,72.5,0
2026-08-19,Referral,Desktop,77,61,276,0.51,86.6,1
2026-08-19,Referral,Mobile,88,73,180,0.301,86.9,0
2026-08-19,Referral,Tablet,22,18,41,0.6,189.2,0
2026-08-20,Organic Search,Desktop,809,683,2497,0.309,55.7,14
2026-08-20,Organic Search,Mobile,1128,908,2492,0.374,118.3,19
2026-08-20,Organic Search,Tablet,196,171,868,0.332,212.7,1
2026-08-20,Paid Search,Desktop,233,192,804,0.593,118.5,1
2026-08-20,Paid Search,Mobile,438,381,992,0.594,47.1,9
2026-08-20,Paid Search,Tablet,67,51,155,0.31,123.8,0
2026-08-20,Social,Desktop,462,434,1338,0.521,211.2,10
2026-08-20,Social,Mobile,563,505,1789,0.563,185.8,5
2026-08-20,Social,Tablet,85,71,216,0.432,216.5,1
2026-08-20,Direct,Desktop,306,229,881,0.386,233.9,2
2026-08-20,Direct,Mobile,386,351,1063,0.317,136.8,7
2026-08-20,Direct,Tablet,56,44,207,0.623,228.9,1
2026-08-20,Email,Desktop,116,98,290,0.39,56.3,3
2026-08-20,Email,Mobile,169,130,364,0.62,152.5,4
2026-08-20,Email,Tablet,20,15,45,0.348,111.5,0
2026-08-20,Referral,Desktop,94,80,368,0.432,235.8,0
2026-08-20,Referral,Mobile,117,95,513,0.658,54.9,2
2026-08-20,Referral,Tablet,23,19,82,0.358,229.3,0
2026-08-21,Organic Search,Desktop,885,787,3262,0.534,206.7,23
2026-08-21,Organic Search,Mobile,1235,942,4216,0.525,48.6,18
2026-08-21,Organic Search,Tablet,158,142,289,0.533,193.8,4
2026-08-21,Paid Search,Desktop,350,325,1062,0.49,185.0,7
2026-08-21,Paid Search,Mobile,421,324,1282,0.66,141.9,10
2026-08-21,Paid Search,Tablet,86,79,337,0.344,212.0,1
2026-08-21,Social,Desktop,535,434,1060,0.388,133.5,3
2026-08-21,Social,Mobile,531,457,1247,0.662,45.4,5
2026-08-21,Social,Tablet,91,83,329,0.35,114.1,1
2026-08-21,Direct,Desktop,305,283,1270,0.552,230.8,4
2026-08-21,Direct,Mobile,402,373,1379,0.476,204.1,11
2026-08-21,Direct,Tablet,64,50,176,0.638,127.9,1
2026-08-21,Email,Desktop,112,90,251,0.687,45.4,0
2026-08-21,Email,Mobile,142,107,302,0.693,198.8,3
2026-08-21,Email,Tablet,20,16,69,0.665,174.8,0
2026-08-21,Referral,Desktop,125,107,275,0.323,202.9,1
2026-08-21,Referral,Mobile,111,90,231,0.494,222.3,1
2026-08-21,Referral,Tablet,16,15,39,0.355,45.5,0
2026-08-22,Organic Search,Desktop,938,825,3953,0.506,192.4,26
2026-08-22,Organic Search,Mobile,1107,1020,3980,0.478,140.5,13
2026-08-22,Organic Search,Tablet,214,170,538,0.643,112.4,2
2026-08-22,Paid Search,Desktop,332,272,1219,0.529,226.5,8
2026-08-22,Paid Search,Mobile,473,406,1331,0.538,56.7,11
2026-08-22,Paid Search,Tablet,72,66,135,0.607,132.7,1
2026-08-22,Social,Desktop,497,462,1111,0.345,169.2,8
2026-08-22,Social,Mobile,752,714,2180,0.645,95.5,20
2026-08-22,Social,Tablet,103,95,373,0.432,57.0,1
2026-08-22,Direct,Desktop,344,305,732,0.44,220.2,5
2026-08-22,Direct,Mobile,309,274,665,0.592,153.9,5
2026-08-22,Direct,Tablet,79,61,285,0.345,105.4,1
2026-08-22,Email,Desktop,138,120,561,0.446,217.4,2
2026-08-22,Email,Mobile,158,123,706,0.39,174.0,3
2026-08-22,Email,Tablet,24,18,85,0.365,218.4,0
2026-08-22,Referral,Desktop,107,97,272,0.59,214.6,1
2026-08-22,Referral,Mobile,147,118,562,0.463,57.2,3
2026-08-22,Referral,Tablet,18,16,42,0.686,153.1,0
2026-08-23,Organic Search,Desktop,892,788,1931,0.405,123.5,22
2026-08-23,Organic Search,Mobile,1314,1128,3522,0.593,175.5,17
2026-08-23,Organic Search,Tablet,177,157,483,0.409,194.6,4
2026-08-23,Paid Search,Desktop,329,272,912,0.638,75.2,6
2026-08-23,Paid Search,Mobile,459,372,1855,0.544,196.9,11
2026-08-23,Paid Search,Tablet,83,76,337,0.388,136.2,1
2026-08-23,Social,Desktop,540,512,1299,0.672,155.3,14
2026-08-23,Social,Mobile,563,469,2467,0.547,233.3,7
2026-08-23,Social,Tablet,102,96,264,0.33,173.7,1
2026-08-23,Direct,Desktop,283,236,664,0.479,63.2,4
2026-08-23,Direct,Mobile,408,309,1606,0.603,217.4,11
2026-08-23,Direct,Tablet,79,66,226,0.382,215.4,1
2026-08-23,Email,Desktop,146,120,473,0.433,219.1,1
2026-08-23,Email,Mobile,195,163,425,0.674,199.7,5
2026-08-23,Email,Tablet,22,19,85,0.509,169.6,0
2026-08-23,Referral,Desktop,89,82,361,0.454,228.6,0
2026-08-23,Referral,Mobile,150,118,406,0.424,47.4,2
2026-08-23,Referral,Tablet,19,15,44,0.48,68.6,0
2026-08-24,Organic Search,Desktop,934,885,2467,0.481,73.8,24
2026-08-24,Organic Search,Mobile,950,768,3533,0.629,84.4,28
2026-08-24,Organic Search,Tablet,171,151,365,0.542,113.3,3
2026-08-24,Paid Search,Desktop,276,255,923,0.395,85.9,2
2026-08-24,Paid Search,Mobile,496,454,1846,0.497,79.6,11
2026-08-24,Paid Search,Tablet,73,67,315,0.681,162.1,1
2026-08-24,Social,Desktop,420,362,1605,0.505,71.8,9
2026-08-24,Social,Mobile,622,576,1923,0.637,46.6,3
2026-08-24,Social,Tablet,96,72,378,0.394,63.8,1
2026-08-24,Direct,Desktop,228,180,499,0.581,174.2,3
2026-08-24,Direct,Mobile,398,352,723,0.42,82.5,3
2026-08-24,Direct,Tablet,51,39,183,0.547,111.9,0
2026-08-24,Email,Desktop,96,87,324,0.426,155.9,1
2026-08-24,Email,Mobile,155,146,585,0.506,203.8,1
2026-08-24,Email,Tablet,22,16,85,0.498,162.2,0
2026-08-24,Referral,Desktop,95,88,387,0.332,235.5,2
2026-08-24,Referral,Mobile,125,97,484,0.68,109.0,1
2026-08-24,Referral,Tablet,19,17,49,0.686,218.7,0
2026-08-25,Organic Search,Desktop,954,880,3340,0.312,164.2,27
2026-08-25,Organic Search,Mobile,1192,1025,2653,0.637,92.4,21
2026-08-25,Organic Search,Tablet,169,144,619,0.668,91.0,3
2026-08-25,Paid Search,Desktop,315,237,862,0.623,195.7,4
2026-08-25,Paid Search,Mobile,416,356,915,0.483,158.8,3
2026-08-25,Paid Search,Tablet,77,64,152,0.608,112.5,1
2026-08-25,Social,Desktop,485,372,1032,0.419,130.1,12
2026-08-25,Social,Mobile,590,502,2544,0.455,109.6,13
2026-08-25,Social,Tablet,96,79,291,0.576,196.7,1
2026-08-25,Direct,Desktop,290,252,545,0.53,142.4,3
2026-08-25,Direct,Mobile,468,351,1038,0.644,167.3,4
2026-08-25,Direct,Tablet,57,46,168,0.668,191.6,1
2026-08-25,Email,Desktop,127,115,354,0.305,73.3,1
2026-08-25,Email,Mobile,155,131,540,0.592,133.0,4
2026-08-25,Email,Tablet,21,17,72,0.53,157.0,0
2026-08-25,Referral,Desktop,96,82,246,0.339,210.3,1
2026-08-25,Referral,Mobile,112,103,501,0.353,140.2,1
2026-08-25,Referral,Tablet,19,15,78,0.559,65.8,0
2026-08-26,Organic Search,Desktop,947,890,3238,0.386,134.3,12
2026-08-26,Organic Search,Mobile,1226,1090,3558,0.661,114.3,27
2026-08-26,Organic Search,Tablet,137,117,392,0.436,215.4,3
2026-08-26,Paid Search,Desktop,383,352,1534,0.393,183.0,5
2026-08-26,Paid Search,Mobile,399,365,833,0.431,64.1,2
2026-08-26,Paid Search,Tablet,81,65,358,0.515,52.1,1
2026-08-26,Social,Desktop,395,317,1554,0.558,103.7,8
2026-08-26,Social,Mobile,578,496,1926,0.445,149.9,13
2026-08-26,Social,Tablet,81,71,296,0.459,88.1,2
2026-08-26,Direct,Desktop,257,205,951,0.37,214.9,3
2026-08-26,Direct,Mobile,370,311,1265,0.381,124.2,7
2026-08-26,Direct,Tablet,51,41,99,0.57,82.0,1
2026-08-26,Email,Desktop,126,103,509,0.56,87.8,1
2026-08-26,Email,Mobile,160,142,678,0.521,46.1,3
2026-08-26,Email,Tablet,16,12,34,0.342,123.1,0
2026-08-26,Referral,Desktop,98,82,387,0.441,109.2,2
2026-08-26,Referral,Mobile,138,112,386,0.523,143.9,3
2026-08-26,Referral,Tablet,19,14,57,0.665,184.2,0
2026-08-27,Organic Search,Desktop,770,676,1669,0.345,71.8,4
2026-08-27,Organic Search,Mobile,1209,1059,4031,0.433,115.3,35
2026-08-27,Organic Search,Tablet,160,129,512,0.355,143.9,3
2026-08-27,Paid Search,Desktop,395,342,1565,0.561,156.3,9
2026-08-27,Paid Search,Mobile,313,258,797,0.559,88.0,6
2026-08-27,Paid Search,Tablet,64,52,273,0.446,225.7,1
2026-08-27,Social,Desktop,453,424,2026,0.372,220.9,10
2026-08-27,Social,Mobile,432,365,1783,0.53,110.5,11
2026-08-27,Social,Tablet,88,81,353,0.692,136.3,0
2026-08-27,Direct,Desktop,348,281,796,0.669,150.1,6
2026-08-27,Direct,Mobile,428,335,1420,0.451,156.1,4
2026-08-27,Direct,Tablet,52,45,116,0.409,53.3,0
2026-08-27,Email,Desktop,111,88,220,0.538,127.8,3
2026-08-27,Email,Mobile,145,118,379,0.45,194.2,1
2026-08-27,Email,Tablet,24,20,105,0.543,129.8,0
2026-08-27,Referral,Desktop,89,74,185,0.392,118.9,0
2026-08-27,Referral,Mobile,136,128,385,0.379,130.1,2
2026-08-27,Referral,Tablet,21,19,82,0.354,86.7,0
2026-08-28,Organic Search,Desktop,758,596,2919,0.526,114.6,17
2026-08-28,Organic Search,Mobile,1030,977,2802,0.61,87.2,23
2026-08-28,Organic Search,Tablet,167,156,395,0.534,212.4,4
2026-08-28,Paid Search,Desktop,321,241,904,0.427,223.4,9
2026-08-28,Paid Search,Mobile,441,391,1973,0.599,211.6,7
2026-08-28,Paid Search,Tablet,55,51,233,0.597,216.1,0
2026-08-28,Social,Desktop,386,312,1078,0.386,169.7,6
2026-08-28,Social,Mobile,588,544,1083,0.475,217.2,8
2026-08-28,Social,Tablet,95,77,264,0.667,136.0,1
2026-08-28,Direct,Desktop,323,251,1237,0.335,236.3,8
2026-08-28,Direct,Mobile,390,323,1419,0.571,73.7,4
2026-08-28,Direct,Tablet,62,53,270,0.497,137.7,1
2026-08-28,Email,Desktop,122,95,302,0.535,203.6,0
2026-08-28,Email,Mobile,161,146,694,0.673,67.5,4
2026-08-28,Email,Tablet,28,23,98,0.394,193.4,0
2026-08-28,Referral,Desktop,92,69,302,0.383,120.6,1
2026-08-28,Referral,Mobile,116,87,266,0.49,104.7,1
2026-08-28,Referral,Tablet,20,15,48,0.412,179.8,0
2026-08-29,Organic Search,Desktop,966,773,2114,0.302,141.8,26
2026-08-29,Organic Search,Mobile,1238,988,2752,0.332,233.3,23
2026-08-29,Organic Search,Tablet,211,194,783,0.3,185.3,4
2026-08-29,Paid Search,Desktop,312,271,583,0.432,202.6,3
2026-08-29,Paid Search,Mobile,402,351,849,0.321,154.2,6
2026-08-29,Paid Search,Tablet,56,48,202,0.474,197.3,0
2026-08-29,Social,Desktop,423,374,1067,0.46,94.7,5
2026-08-29,Social,Mobile,550,492,2341,0.564,224.9,8
2026-08-29,Social,Tablet,83,71,195,0.341,114.1,2
2026-08-29,Direct,Desktop,347,266,1507,0.536,185.3,8
2026-08-29,Direct,Mobile,394,366,1231,0.438,47.8,8
2026-08-29,Direct,Tablet,60,46,161,0.613,211.3,1
2026-08-29,Email,Desktop,103,90,314,0.364,125.5,1
2026-08-29,Email,Mobile,170,148,745,0.677,213.7,2
2026-08-29,Email,Tablet,27,25,55,0.533,161.8,0
2026-08-29,Referral,Desktop,107,80,419,0.686,227.4,2
2026-08-29,Referral,Mobile,147,124,310,0.536,48.6,3
2026-08-29,Referral,Tablet,21,19,51,0.627,193.7,0
2026-08-30,Organic Search,Desktop,1097,1021,3401,0.5,232.4,25
2026-08-30,Organic Search,Mobile,1006,866,2337,0.339,172.2,14
2026-08-30,Organic Search,Tablet,180,152,789,0.31,93.2,4
2026-08-30,Paid Search,Desktop,412,361,1104,0.6,116.9,8
2026-08-30,Paid Search,Mobile,384,303,1635,0.526,130.8,9
2026-08-30,Paid Search,Tablet,87,75,186,0.423,110.9,2
2026-08-30,Social,Desktop,390,298,1227,0.502,219.3,11
2026-08-30,Social,Mobile,686,569,1242,0.642,203.9,11
2026-08-30,Social,Tablet,110,87,377,0.323,105.9,0
2026-08-30,Direct,Desktop,364,281,958,0.646,217.4,10
2026-08-30,Direct,Mobile,370,288,1191,0.316,199.7,8
2026-08-30,Direct,Tablet,72,60,184,0.507,86.5,1
2026-08-30,Email,Desktop,141,121,603,0.409,152.8,1
2026-08-30,Email,Mobile,156,117,426,0.676,229.3,1
2026-08-30,Email,Tablet,32,29,113,0.374,63.1,0
2026-08-30,Referral,Desktop,116,88,496,0.499,158.8,0
2026-08-30,Referral,Mobile,160,144,551,0.541,130.8,3
2026-08-30,Referral,Tablet,23,18,81,0.664,233.7,0
2026-08-31,Organic Search,Desktop,909,841,1807,0.647,201.9,16
2026-08-31,Organic Search,Mobile,1187,959,4446,0.427,132.0,20
2026-08-31,Organic Search,Tablet,168,126,703,0.557,233.3,3
2026-08-31,Paid Search,Desktop,324,278,1075,0.663,67.4,7
2026-08-31,Paid Search,Mobile,424,385,1326,0.593,225.9,2
2026-08-31,Paid Search,Tablet,68,59,210,0.422,173.8,1
2026-08-31,Social,Desktop,484,401,1576,0.348,103.4,4
2026-08-31,Social,Mobile,571,433,1651,0.589,194.6,3
2026-08-31,Social,Tablet,95,87,391,0.512,103.9,1
2026-08-31,Direct,Desktop,277,208,1088,0.469,229.0,4
2026-08-31,Direct,Mobile,413,352,1804,0.348,153.9,9
2026-08-31,Direct,Tablet,69,63,167,0.49,183.7,0
2026-08-31,Email,Desktop,110,90,406,0.615,226.1,3
2026-08-31,Email,Mobile,132,121,388,0.438,120.9,0
2026-08-31,Email,Tablet,23,19,78,0.313,214.3,0
2026-08-31,Referral,Desktop,88,71,325,0.444,124.0,1
2026-08-31,Referral,Mobile,136,116,543,0.37,193.9,1
2026-08-31,Referral,Tablet,19,14,73,0.67,133.8,0
